매장명,시도명,구군명,시도코드,구군코드,주소,전화번호,위도,매장코드,관리코드,오픈일자,테마매장여부
역삼아레나빌딩,서울,강남구,01,0101,서울특별시 강남구 역삼동 721-13 아레나빌딩,1522-3232,37.501087,0,1509,20190613,Z9999@T05@T08@T16@T17@T20@T21@T30@@@T36@T43@T56@T57@T64@T65@T69@T71@P80@P90
논현역사거리,서울,강남구,01,0101,서울특별시 강남구 논현동 142-2 정일빌딩,1522-3232,37.510178,0,1434,20181123,Z9999@T05@T08@T16@T17@T20@T21@T22@T30@T36@@T56@T57@T64@T65@T69@P70@P80@P90
신사역성일빌딩,서울,강남구,01,0101,서울특별시 강남구 논현동 18-4 성일빌딩,1522-3232,37.5139309,0,1595,20191219,Z9999@T05@T08@T16@T17@T20@T21@T30@T34@@@@T56@T57@T64@T65@T68@T69@T73@P80@P90
국기원사거리,서울,강남구,01,0101,서울특별시 강남구 역삼동 648-22 동찬빌딩,1522-3232,37.499517,0,1527,20190731,Z9999@T05@T08@T16@T17@T20@T21@T30@T34@@T36@@T56@T57@T64@T65@T69@P70@P90
대치재경빌딩,서울,강남구,01,0101,서울특별시 강남구 대치동 599 대원빌딩,1522-3232,37.494668,0,1468,20190214,Z9999@@T05@T08@T16@T17@T20@T21@T22@@@T30@@@T43@T56@T57@T64@T65@T69@T71@P90
봉은사역,서울,강남구,01,0101,서울특별시 강남구 삼성동 108-6 JBK TOWER 빌딩,1522-3232,37.515,0,1640,20200528,Z9999@T05@T08@T16@T17@T20@T21@T30@T34@@T43@T56@T57@T64@T65@T69@T71@P80@P90
압구정윤성빌딩,서울,강남구,01,0101,서울특별시 강남구 신사동 592 윤성빌딩,1522-3232,37.5227934,0,1650,20200529,Z9999@T05@T08@T16@T17@T20@T21@T30@T34@@@T36@T56@T57@T64@T65@T69@P70@P80@P90
코엑스별마당,서울,강남구,01,0101,서울특별시 강남구 삼성동 159 코엑스,1522-3232,37.510150,0,1626,20200416,Z9999@T05@T08@T16@T17@T20@T30@T34@@T36@T56@T57@T65@T69@P40@P80@P90@T09
삼성역섬유센터R,서울,강남구,01,0101,서울특별시 강남구 대치동 944-31 한국섬유산업연합회,1522-3232,37.507750,0,1438,20181123,Z9999@T03@T05@T08@T16@T17@T20@@T26@T29@T30@@T34@@T36@@T42@T56@T57@T64@T65@T69@P80@P90
압구정R,서울,강남구,01,0101,서울특별시 강남구 신사동 621-1,1522-3232,37.5273669,0,1411,20180831,Z9999@T03@T05@T08@T16@T17@T20@T21@@T26@T29@T30@@@@@T37@T39@T41@T42@T56@T57@T64@T65@T69@P90@T09
수서역R,서울,강남구,01,0101,서울특별시 강남구 수서동 715 수서빌딩,1522-3232,37.48803134754136,0,1389,20180627,Z9999@T03@T05@T08@T16@T17@T20@T21@@T26@T29@T30@T36@@T37@T39@T41@T42@T56@T57@T64@T65@T69@P60@P80@P90@T09
양재강남빌딩R,서울,강남구,01,0101,서울특별시 강남구 도곡동 956 LG전자 강남R&D센터,1522-3232,37.485192,0,1404,20180824,Z9999@T03@T05@T08@T16@T17@T20@T21@T26@T29@T30@@T37@T39@T41@T42@T56@T57@T64@T65@T69@P80@P90@T09
선릉동신빌딩R,서울,강남구,01,0101,서울특별시 강남구 삼성동 141-28 동신빌딩,1522-3232,37.505321,0,1355,20180330,Z9999@T03@T05@T08@T16@T17@T20@T26@T29@T30@T36@@@@T42@T56@T57@T64@T65@T69@P80
봉은사로선정릉,서울,강남구,01,0101,서울특별시 강남구 삼성동 114-9 올림푸스타워,1522-3232,37.51131683405367,0,1348,20180306,Z9999@T05@T08@T16@T17@T20@T21@T30@@@T36@@T43@T56@T57@T64@T65@T69@T71@P80@P90
강남오거리,서울,강남구,01,0101,"서울특별시 강남구 역삼동 813-17 1,2,3층",1522-3232,37.502117,0,1255,20170818,Z9999@T05@T08@T16@T17@T20@T21@T22@T30@@T36@T43@T56@T57@T65@T69@T71
스타필드코엑스몰R,서울,강남구,01,0101,서울특별시 강남구 삼성동 159 코엑스  A106호,1522-3232,37.50999,0,1211,20170502,Z9999@T03@T05@T08@T16@T17@T20@@T26@T29@T30@@T34@@@@T41@T42@T56@T57@T64@T65@T69@P40@P80@P90@T09
강남구청정문,서울,강남구,01,0101,서울특별시 강남구 청담동 44-12 대륭빌딩,1522-3232,37.51827133155829,0,1188,20170323,Z9999@T05@T08@T16@T17@T20@T21@T30@@@@T43@T56@T57@T65@T69@T71@T09
도곡공원,서울,강남구,01,0101,서울특별시 강남구 역삼동 788-10,1522-3232,37.492805,0,1263,20170825,Z9999@T05@@T08@T16@T17@T20@T21@T30@@@T43@T56@T57@T64@T65@T69@T71@T09
강남R,서울,강남구,01,0101,서울특별시 강남구 역삼동 825 미진프라자 1층 101호,1522-3232,37.497711,0,1258,20170816,Z9999@T03@T05@T08@T16@T17@T20@T21@T26@T29@T30@@@T37@T39@T41@T42@T56@T57@T64@T65@T69@P80@P90
대치은마사거리,서울,강남구,01,0101,서울특별시 강남구 대치동 941-19 진흥빌딩,1522-3232,37.498973,0,1099,20160812,Z9999@T05@T08@T16@T17@T20@T21@T30@T34@@T36@@T43@T56@T57@T64@T65@T69@T71@P80
청담영동대로,서울,강남구,01,0101,서울특별시 강남구 청담동 132-1 삼청빌딩,1522-3232,37.52275803097751,0,1154,20161223,Z9999@T05@T08@T16@T17@T20@T21@T30@@@@T56@T57@T64@T65@T69
압구정,서울,강남구,01,0101,서울특별시 강남구 신사동 609 이소니프라자,1522-3232,37.526283,0,1084,20160623,Z9999@T05@T08@T16@T17@T20@T21@T30@T34@@T36@@T43@T51@T56@T57@T64@T65@T69@T71@T75@P80@T09
신사가로수,서울,강남구,01,0101,서울특별시 강남구 신사동 533-11,1522-3232,37.521933,0,1159,20161227,T05@T08@T16@T17@T20@T22@T30@@T36@T43@T56@T57@T64@T65@T69@T71
청담스타R,서울,강남구,01,0101,서울특별시 강남구 청담동 89-4,1522-3232,37.525216,0,1146,20161214,T03@T05@T08@T16@T17@T20@T26@T29@T30@T33@@@@T42@T56@T57@T64@T65@T69@P80@T09
강남우성,서울,강남구,01,0101,서울특별시 강남구 역삼동 832-3 강남역 쉐르빌,1522-3232,37.492396,0,1129,20161110,Z9999@T05@T08@T16@T17@T20@T21@T30@T34@@T43@T56@T57@T64@T65@T69@T71@P80@P90
학동사거리,서울,강남구,01,0101,서울특별시 강남구 논현2동 93-2번지,1522-3232,37.52247510377488,0,991,20150911,Z9999@T05@T08@T16@T17@T20@T21@T30@T34@@@@T43@T51@T56@T57@T64@T65@T69@T71
대치사거리,서울,강남구,01,0101,서울특별시 강남구 대치동 960-5 티아빌딩,1522-3232,37.503331,0,1062,20160512,Z9999@T05@T08@T16@T17@T20@T21@T30@T34@@@@T43@T56@T57@T64@T65@T69@T71@P80
포스코사거리,서울,강남구,01,0101,서울특별시 강남구 삼성동 157-36 화진빌딩,1522-3232,37.5075307,0,1038,20160224,Z9999@T05@@T16@T17@T20@T21@T30@T34@@T36@@T43@T56@T57@T64@T65@T69@T71
을지병원사거리,서울,강남구,01,0101,서울특별시 강남구 논현동 59-8 구산빌딩,1522-3232,37.5191632,0,914,20150422,Z9999@T05@T08@T16@T17@T20@T21@T30@T34@@@T36@@T43@T51@@T56@T57@T64@T65@T69@T71@P80@P90
신사역,서울,강남구,01,0101,서울특별시 강남구 논현동 1-3 렉스타워,1522-3232,37.5162021,0,863,20141211,Z9999@T05@T08@T16@T17@T20@T21@T30@T34@@@@T43@T51@T56@T57@T63@T64@T65@T69@T71@P80
도곡역,서울,강남구,01,0101,서울특별시 강남구 대치동 651,1522-3232,37.492167,0,825,20140828,Z9999@T05@T08@T16@T17@T20@T21@T22@T30@T34@@@T43@T51@T56@T57@T64@T65@T69@T71@P60@P80@T09
서울세관사거리,서울,강남구,01,0101,서울특별시 강남구 논현동 238-5 한국건설기술인협회,1522-3232,37.514887,0,815,20140731,Z9999@T05@T08@T16@T17@T20@T21@T30@T34@@T36@@@T43@T51@T56@T57@T64@T65@T69@T71@P80@P90
청담사거리,서울,강남구,01,0101,서울특별시 강남구 청담동 6-5 리츠타워,1522-3232,37.5238436444947,0,734,20140220,Z9999@T05@T08@T16@T17@T20@T21@T30@T36@@@T56@T57@T64@T65@T69@P80@P90@T09
한티역,서울,강남구,01,0101,서울특별시 강남구 대치동 1024 디마크빌딩 101호,1522-3232,37.496801,0,687,20131108,Z9999@T05@T08@T16@T17@T20@T30@T34@@T36@@T43@T51@T56@T57@T64@T65@T69@T71@P80@T09
역삼초교사거리,서울,강남구,01,0101,서울특별시 강남구 역삼동 830-71,1522-3232,37.49416922110828,0,752,20140326,Z9999@T05@T08@T16@T17@T20@T21@T30@T34@@T36@T43@T56@T57@T64@T65@T69@T71
코엑스몰,서울,강남구,01,0101,서울특별시 강남구 삼성동 159 코엑스 O103호,1522-3232,37.513715,0,744,20140301,Z9999@T05@T08@T16@T17@T20@T30@T34@@T51@T56@T57@T64@T65@T69@P40@P80@P90@T09
가로수길,서울,강남구,01,0101,서울특별시 강남구 신사동 529-10 1~2층,1522-3232,37.5231593,0,672,20131004,Z9999@T05@T08@T16@T17@T20@T30@T34@@@@T43@T56@T57@T64@T65@T69@T71@P90
역삼대로,서울,강남구,01,0101,서울특별시 강남구 역삼동 678-39번지 한국고등교육재단빌딩1층,1522-3232,37.501623,0,632,20130625,Z9999@T05@T08@T16@T17@T20@T21@T30@@@T36@T43@T57@T64@T65@T69@T71@P80
역삼포스코,서울,강남구,01,0101,서울특별시 강남구 역삼동 735-3번지 P&S TOWER,1522-3232,37.499721,0,636,20130709,Z9999@T05@T08@T16@T17@T20@T21@T30@T34@@T36@T43@T57@T64@T65@T69@T71@P80@P90@T09
강남대로,서울,강남구,01,0101,서울특별시 강남구 역삼동 809-10번지 한석타워 2층 1-2호,1522-3232,37.50314,0,630,20130620,Z9999@T05@T08@T16@T17@T20@T21@T22@T30@T34@@T36@T43@T56@T57@T64@T65@T69@T71@P80
청담,서울,강남구,01,0101,서울특별시 강남구 청담동 52-1 인희빌딩 1층,1522-3232,37.5243631,0,667,20130917,Z9999@T05@T08@T16@T17@T20@T21@T30@T36@@@T43@T57@T64@T65@T69@T71@P80
삼성교,서울,강남구,01,0101,서울특별시 강남구 대치동 1001-8 외 2필지 동남유화빌딩1층,1522-3232,37.507794,0,607,20130423,Z9999@T05@T08@T16@T17@T20@T30@T34@@T43@T56@T57@T64@T65@T69@T71@P80@P90
학동역,서울,강남구,01,0101,서울특별시 강남구 논현동 87,1522-3232,37.51464884,0,251,20040830,Z9999@T05@T08@T16@T17@T20@T21@T30@T34@T36@@@T51@T56@T57@T63@T64@T65@T69@P80
대치,서울,강남구,01,0101,서울특별시 강남구 대치동 988-17 대진빌딩,1522-3232,37.49966175,0,200,20030509,Z9999@T05@T08@T16@T17@T20@T21@T30@T34@@@T43@T51@T56@T57@T64@T65@T69@T71@P80@P90
신세계푸드마켓도곡,서울,강남구,01,0101,서울특별시 강남구 도곡동 467-17 타워팰리스Ⅱ F 지하1층,1522-3232,37.490102006982106,0,198,20030115,Z9999@@T05@T08@T16@T17@T20@@@T30@@@@@@@@T56@T57@T64@T65@T69@P40@P80@P90@T09
삼성,서울,강남구,01,0101,서울특별시 강남구 삼성동 144-25 태리타워 1층,1522-3232,37.50689645929321,0,180,20020329,Z9999@T05@T08@T16@T17@T20@T21@T30@T34@T36@@T51@T56@T57@T64@T65@T69@P90@T09
선릉세화빌딩,서울,강남구,01,0101,서울특별시 강남구 대치동 889-70 세화빌딩 1층,1522-3232,37.50377562,0,170,20011110,Z9999@T05@T08@T16@T17@T20@T30@T34@@@@T43@T56@T57@T64@T65@T69@T71@P80
압구정역,서울,강남구,01,0101,서울특별시 강남구 신사동 580-2 관영빌딩 1층 지하1층,1522-3232,37.52674095,0,158,20010310,T05@T08@T16@T17@T20@T21@T30@T34@T36@@@T43@T51@T56@T57@T64@T65@T69@T71@P80@P90
압구정로,서울,강남구,01,0101,서울특별시 강남구 신사동 635-13,1522-3232,37.5268256687184,0,283,20071221,Z9999@T05@T08@T16@T17@T20@T21@T30@T34@T36@@@@T43@T51@@T57@T65@T69@T71
구역삼사거리,서울,강남구,01,0101,서울특별시 강남구 역삼동 747-21,1522-3232,37.495890648099504,0,279,20080528,Z9999@T05@T08@T16@T17@T20@T21@T30@@@T43@T56@T57@T64@T65@T69@T71@P80@P90@T09
큰길타워,서울,강남구,01,0101,서울특별시 강남구 역삼동 677-25 큰길타워,1522-3232,37.50236693,0,278,20050310,T05@T08@T16@T17@T20@T21@T30@T34@@T36@@T43@T56@T57@T64@T65@T69@T71@P80@P90@T09
강남구청역,서울,강남구,01,0101,서울특별시 강남구 논현동 241-7 웰빙센터 1층,1522-3232,37.5165849,0,275,20050420,Z9999@T05@T08@T16@T17@T20@T21@T30@T34@@@T36@@T43@T56@T57@T64@T65@T69@T71@P80@T09
대치역,서울,강남구,01,0101,서울특별시 강남구 대치동 507 윈플러스상가 107호,1522-3232,37.493554,0,274,20050510,Z9999@T02@T05@T08@T16@T17@T20@T21@T30@T34@@T36@T43@T51@T56@T57@T64@T65@T69@T71@P80@P90@T09
포이,서울,강남구,01,0101,서울특별시 강남구 개포4동 1229-1,1522-3232,37.47781106,0,272,20050530,Z9999@T05@T08@T16@T17@T20@T21@T30@T34@T36@T43@T56@T57@T64@T65@T69@T71@P90
아크플레이스,서울,강남구,01,0101,서울특별시 강남구 역삼동 736-1,1522-3232,37.49971982,0,19,20060421,Z9999@T05@T08@T16@T17@T20@T21@T30@T36@@@T56@T57@T64@T65@T69@P80@T09
학여울역,서울,강남구,01,0101,서울특별시 강남구 대치동 994-10,1522-3232,37.49803646,0,3,20060223,Z9999@T05@T08@T16@T17@T20@T21@T30@T34@@@T36@T43@T51@T56@T57@T65@T69@T71@P80
선정릉역,서울,강남구,01,0101,서울특별시 강남구 삼성2동 37-17 에프오빌딩,1522-3232,37.51075489999999,0,989,20150922,Z9999@T05@T08@T16@T17@T20@T21@T30@T34@@T36@@@T56@T57@T64@T65@T69@P80
삼성현대힐,서울,강남구,01,0101,서울특별시 강남구 삼성동 51번지,1522-3232,37.51350444312708,0,58,20081205,Z9999@T05@@T08@T16@T17@T20@T21@T30@@@@T43@T56@T57@T64@T65@T69@T71@P80
GS타워,서울,강남구,01,0101,서울특별시 강남구 역삼동 679,1522-3232,37.5018592,0,266,20050806,T05@@T08@T16@T17@T20@T21@T30@T34@@@T36@T51@T56@T57@T64@T65@T69@P80@T09
압구정미소,서울,강남구,01,0101,서울특별시 강남구 신사동 583-3,1522-3232,37.523912710310014,0,259,20041210,Z9999@T05@T08@T16@T17@T20@T21@T30@T34@@@@T43@@T56@T57@T64@T65@T69@T71@P80@P90@T09
선릉역,서울,강남구,01,0101,서울특별시 강남구 역삼동 708-6 LG화재 빌딩,1522-3232,37.50393894,0,258,20041119,Z9999@T05@T08@T16@T17@T20@T21@T30@T34@@@@T43@T56@T57@T64@T65@T69@T71@P80@P90@T09
코엑스사거리,서울,강남구,01,0101,서울특별시 강남구 삼성동 91-31,1522-3232,37.515351,0,484,20120227,@T05@T08@T16@T17@T20@T21@T30@T34@T36@@T43@@T56@T57@T65@T69@T71@P80@P90@T09
역삼럭키,서울,강남구,01,0101,서울특별시 강남구 역삼동 798-30,1522-3232,37.492209,0,471,20120110,Z9999@T05@T08@T16@T17@T20@T21@T30@@@T43@T57@T64@T65@T69@T71
신압구정,서울,강남구,01,0101,서울특별시 강남구 신사동 639-7번지,1522-3232,37.52809330107192,0,394,20110607,Z9999@T05@T08@T16@T17@T20@T21@T30@T34@@@T36@@T43@T51@@T56@T57@T63@T64@T65@T69@T71@P90@T09
아크로힐스논현,서울,강남구,01,0101,서울특별시 강남구 역삼동 681번지 금강빌딩 1-2층,1522-3232,37.509013311862645,0,306,20091223,Z9999@T05@T08@T16@T17@T20@T21@T30@T34@@T36@@@T56@T57@T64@T65@T69@P80
강남비젼타워,서울,강남구,01,0101,서울특별시 강남구 역삼동 826-26번지 1층 101호,1522-3232,37.4964557,0,497,20120330,Z9999@T05@T08@T16@T17@T20@T21@T30@@@T43@T51@T56@T57@T63@T64@T65@T69@T71@P80@P90@T09
압구정로데오역,서울,강남구,01,0101,"서울특별시 강남구 청담동 84-3번지 삼원빌딩 1,2층",1522-3232,37.526562559707806,0,338,20100831,Z9999@@T05@T08@T16@T17@T20@T21@T30@T34@@@@T43@T56@T57@T64@T65@T69@T71@P80@P90
르네상스사거리,서울,강남구,01,0101,서울특별시 강남구 역삼동 706-1번지,1522-3232,37.50268239475304,0,316,20100325,Z9999@T05@T08@T16@T17@T20@T21@T30@@T36@@T43@T56@T57@T64@T65@T69@T71@P80@T09
포스코,서울,강남구,01,0101,서울특별시 강남구 대치동 942-5번지 1층,1522-3232,37.50576457783876,0,325,20100714,Z9999@T05@T08@T16@T17@T20@T21@T30@T34@@@@T43@T51@T57@T64@T65@T69@T71
선릉로,서울,강남구,01,0101,서울특별시 강남구 역삼동 697-45 대흥빌딩 1층,1522-3232,37.50498118534617,0,565,20121114,Z9999@T05@T08@T16@T17@T20@T21@T30@@T43@T56@T57@T64@T65@T69@T71@P80@P90
논현힐탑,서울,강남구,01,0101,서울특별시 강남구 논현동 216-5번지,1522-3232,37.511685,0,430,20110829,Z9999@T02@T05@T08@T16@T17@T20@T21@T30@T34@@@T36@@T43@T57@T64@T65@T69@T71@P80@P90
도산가로수길,서울,강남구,01,0101,서울특별시 강남구 논현동 5번지 2층,1522-3232,37.51736229999999,0,433,20110907,Z9999@T05@T08@T16@T17@T20@T21@T30@@@@T56@T57@T64@T65@T69@P80@P90
매봉역,서울,강남구,01,0101,서울특별시 강남구 도곡동 411-19 지앤지빌딩,1522-3232,37.4859095,0,2319,20240910,Z9999@T05@T08@T16@T17@T20@T21@T30@T34@T36@T43@T51@T56@T57@T63@T65@T69@T71
호림아트센터,서울,강남구,01,0101,서울특별시 강남구 신사동 651-24 호림아트센터 1빌딩,1522-3232,37.522514,0,2520,20260130,T05@T08@T16@T17@T20@T21@T30@T34@T43@T56@T57@T64@T65@T69@T71@T09
청담역6번출구,서울,강남구,01,0101,"서울특별시 강남구 삼성동 65-5, 65-10",1522-3232,37.516602079007875,0,2497,20251211,T05@T08@T16@T17@T20@T21@T30@T34@T43@T56@T57@T64@T65@T67@T69@T71
강남자곡,서울,강남구,01,0101,"서울특별시 강남구 자곡동 650, 107~109호",1522-3232,37.4730637068202,0,2509,20251226,Z9999@T05@T08@T16@T17@T20@T21@T30@T34@T43@T51@T56@T57@T64@T65@T69@T71@P90
삼성휘문,서울,강남구,01,0101,서울특별시 강남구 대치동 947-1,1522-3232,37.50718,0,2550,20260410,Z9999@T05@T08@T16@T17@T20@T21@T30@T34@T43@T51@T56@T57@T64@T65@T69@T71@P80
대치선릉,서울,강남구,01,0101,서울특별시 강남구 대치동 890-60 H 타워,1522-3232,37.5047428849251,0,2565,20260430,Z9999@T05@T08@T16@T17@T20@T21@T30@T34@T43@T51@T56@T57@T64@T65@T69@T71
대치한티,서울,강남구,01,0101,서울특별시 강남구 대치동 922-1 SH타워,1522-3232,37.4984818,0,1760,20210128,Z9999@T05@T08@T16@T17@T20@T21@T30@T34@@T43@T56@T57@T64@T65@T69@T71@P80@P90
개포동,서울,강남구,01,0101,서울특별시 강남구 개포동 167-9,1522-3232,37.4828551359882,0,2125,20230421,Z9999@T05@T08@T16@T17@T20@T21@T30@T34@T43@T51@T56@T57@T64@T65@T69@T71
수서역사거리,서울,강남구,01,0101,서울특별시 강남구 수서동 724 로즈데일오피스텔,1522-3232,37.487400776036274,0,1873,20210929,Z9999@T05@T08@T16@T17@T20@T21@T30@T34@T36@@@T51@T56@T57@T64@T65@T69@P60@P80@P90@T09
코엑스아셈타워,서울,강남구,01,0101,서울특별시 강남구 삼성동 159 코엑스아셈타워 AT-01호,1522-3232,37.513019,0,1710,20201104,Z9999@T05@T08@T16@T17@T20@T30@T34@@T56@T57@T64@T65@T69@P40@P80@P90@T09
강남차여성병원,서울,강남구,01,0101,서울특별시 강남구 역삼동 605 마티네 차움,1522-3232,37.5064031867752,0,2428,20250710,T05@T08@T16@T17@T20@T21@T30@T34@T36@T43@T56@T57@T64@T65@T67@T69@T71@P70@P80@P90
센터필드R,서울,강남구,01,0101,서울특별시 강남구 역삼동 676 센터필드,1522-3232,37.50369465391196,0,1831,20210727,Z9999@T03@T05@T08@T16@T17@T20@T21@T26@T29@T30@T34@@T36@T37@T39@T41@T42@T51@T56@T57@T64@T65@T69@P40@P90@T09
도산사거리,서울,강남구,01,0101,서울특별시 강남구 논현동 70-6 트리스빌딩,1522-3232,37.51966,0,1813,20210610,Z9999@T05@T08@T16@T17@T20@T21@T30@T34@@T36@@T43@T51@T56@T57@T64@T65@T69@T71
강남세곡,서울,강남구,01,0101,서울특별시 강남구 세곡동 551 팜모드빌딩,1522-3232,37.467274319644,0,1800,20210422,Z9999@T05@T08@T16@T17@T20@T21@T30@T34@@T43@T56@T57@T65@T69@T71@T09
대치삼성,서울,강남구,01,0101,서울특별시 강남구 대치동 993-1,1522-3232,37.500313,0,1716,20201008,Z9999@T05@T08@T16@T17@T20@T21@T30@T34@@T56@T57@T64@T65@T69@P40@T09
강남아이퀘스트,서울,강남구,01,0101,서울특별시 강남구 역삼동 839-16 아우디 도곡로 전시장,1522-3232,37.4904345093246,0,2534,20260320,Z9999@T05@T08@T16@T17@T20@T21@T30@T34@T43@T51@T56@T57@T64@T65@T69@T71@T09
언주역,서울,강남구,01,0101,서울특별시 강남구 역삼동 652-2,1522-3232,37.507975,0,2057,20221124,Z9999@T05@T08@T16@T17@T20@T21@T30@T34@T36@@T51@T56@T57@T64@T65@T69@P90
한티역8번출구,서울,강남구,01,0101,서울특별시 강남구 역삼동 765-17,1522-3232,37.4964928018315,0,2522,20260130,Z9999@T05@T08@T16@T17@T20@T21@T30@T34@T43@T51@T56@T57@T64@T65@T69@T71@P80
신논현역3번출구,서울,강남구,01,0101,서울특별시 강남구 논현동 199 대남빌딩,1522-3232,37.5058769838995,0,2514,20260130,Z9999@T05@T08@T16@T17@T20@T21@T30@T34@T43@T51@T56@T57@T65@T67@T69@T71@T09
강남파이낸스센터,서울,강남구,01,0101,"서울특별시 강남구 역삼동 737 강남파이낸스센터, 1층 B호",1522-3232,37.49993577,0,2437,20250731,Z9999@T05@T08@T16@T17@T20@T21@T30@T34@T36@T51@T56@T57@T63@T64@T65@T69@P80@T09
강남역신분당역사,서울,강남구,01,0101,서울특별시 강남구 역삼동 858,1522-3232,37.4970572543978,0,1975,20220512,Z9999@@T05@T08@T16@T17@T20@T21@T30@T34@@T51@T56@T57@T64@T65@T69@T74@P80@P90
삼성역,서울,강남구,01,0101,서울특별시 강남구 대치동 996-1번지,1522-3232,37.509281,0,2000,20220707,Z9999@T05@T08@T16@T17@T20@T21@T30@T34@@T36@T43@T51@T56@T57@T64@T65@T69@T71@P80@P90
테헤란로아남타워,서울,강남구,01,0101,서울특별시 강남구 역삼동 702-10 아남타워빌딩,1522-3232,37.50383,0,1752,20210107,Z9999@T05@T08@T16@T17@T20@T21@T22@T30@T34@@T36@T56@T57@T64@T65@T69@T73@P90
강남논현,서울,강남구,01,0101,서울특별시 강남구 논현동 164-7,1522-3232,37.5078978596254,0,1902,20211216,T05@T08@T16@T17@T20@T21@T30@T34@@T43@T51@@T57@T64@T65@T69@T71
삼성동,서울,강남구,01,0101,서울특별시 강남구 삼성동 168-22 페코빌딩,1522-3232,37.510843366121534,0,1846,20210806,T05@T08@T16@T17@T20@T21@T30@T34@T51@T57@T64@T65@T69@P80@P90
리저브도산,서울,강남구,01,0101,"서울특별시 강남구 신사동 656-4, 1,2층",1522-3232,37.525547584913184,0,2398,20250429,Z9999@T03@T08@T16@T17@T20@T21@T26@T29@T33@T34@T36@T37@T39@T41@T57@T69@T09
압구정역사3번출구,서울,강남구,01,0101,서울특별시 강남구 신사동 603 ANdAZ 지하1층,1522-3232,37.52575281715033,0,2371,20241227,T05@T08@T16@T17@T20@T21@T30@T34@T36@T43@@T51@T56@T57@T64@T65@T66@T69@T71@P80
청담역,서울,강남구,01,0101,서울특별시 강남구 청담동 47-2,1522-3232,37.5194407323478,0,2204,20231101,Z9999@T05@T08@T16@T17@T20@T21@T30@T34@@T43@T51@@T56@T57@T64@T65@T69@T71@P80
압구정현대아파트,서울,강남구,01,0101,서울특별시 강남구 신사동 574-4,1522-3232,37.52521971236768,0,2245,20240304,Z9999@T05@T08@T16@T17@T20@T21@T30@T34@@T43@T51@T56@T57@T64@T65@T69@T71@T75
강남청담빌딩,서울,강남구,01,0101,서울특별시 강남구 청담동 41 청담빌딩,1522-3232,37.517887,0,2331,20240929,Z9999@T05@T08@T16@T17@T20@T21@T30@T34@T36@T43@T51@T56@T57@T63@T64@T65@T69@T71@P80
케이스퀘어강남,서울,강남구,01,0101,서울특별시 강남구 역삼동 819,1522-3232,37.4991914625768,0,2351,20241122,Z9999@T05@T08@T17@T20@T21@T30@T34@T36@T43@T51@T56@T57@T63@T65@T68@T69@T71@P80@P90
강남세곡DT,서울,강남구,01,0101,"서울특별시 강남구 세곡동 21-3, 21-1, 21-10(일부)",1522-3232,37.466993809277,0,2217,20231130,Z9999@T01@T05@T08@T16@T17@T20@T21@T30@T34@T36@T43@T51@T56@T57@T65@T69@T71@P90
미아뉴타운,서울,강북구,01,0102,서울특별시 강북구 미아동 812-2 행전빌딩,1522-3232,37.618319,0,1120,20161007,Z9999@T05@T08@T16@T17@T20@@T21@T30@T34@@T36@@T43@@T56@T57@T65@T69@T71
강북구청사거리,서울,강북구,01,0102,서울특별시 강북구 수유동 174-13,1522-3232,37.639987861152015,0,971,20150818,Z9999@T05@T08@T16@T17@T20@T21@T30@T34@@T36@@T43@@T56@T57@T64@T65@T69@T71@P80
미아사거리역,서울,강북구,01,0102,서울특별시 강북구 미아동 35-30,1522-3232,37.611831247629375,0,872,20141223,Z9999@T05@T08@T16@T17@T20@T21@T30@T34@T36@@@T43@@T56@T57@T65@T69@T71@P80
수유역,서울,강북구,01,0102,서울특별시 강북구 번동 418-17,1522-3232,37.6380167,0,254,20041014,Z9999@T05@T08@T16@T17@T20@T21@T30@T34@@T36@@T43@@T56@T57@T64@T65@T69@T71@P80
미아역,서울,강북구,01,0102,서울특별시 강북구 미아동 121-19번지,1522-3232,37.626148,0,509,20120425,Z9999@T05@T08@@T16@T17@T20@T21@T30@T34@T36@@@T43@T51@@T56@T57@T65@T69@T71@P80
수유역5번출구,서울,강북구,01,0102,서울특별시 강북구 수유동 740 에피소드 수유 838,1522-3232,37.636722675028174,0,2314,20240905,Z9999@T05@T08@T16@T17@T20@T21@T30@T34@T36@@T43@T51@T56@T57@T63@T65@T69@T71@P80@T09
서울안토,서울,강북구,01,0102,서울특별시 강북구 우이동 산14-3,1522-3232,37.66419549576315,0,1858,20210827,T05@T08@T16@T17@T20@T21@T30@T34@@@T51@T56@T57@T65@T69@P30
발산역사거리,서울,강서구,01,0103,서울특별시 강서구 마곡동 801-2,1522-3232,37.558509,0,1547,20190930,T05@T08@T16@T17@T20@T21@T30@T34@@@@T43@@T56@T57@T64@T65@T69@T71@P80@P90@T09
마곡역,서울,강서구,01,0103,서울특별시 강서구 마곡동 798-3,1522-3232,37.559611,0,1625,20200409,Z9999@T05@T08@T16@T17@T20@T21@T30@T34@@@T36@T56@T57@T64@T65@T69@P80@T09
우장산역,서울,강서구,01,0103,서울특별시 강서구 내발산동 719-6 송화쇼핑센터,1522-3232,37.549510038803994,0,1383,20180626,Z9999@T05@T08@T16@T17@T20@T21@T30@@@@T43@T56@T57@T65@T69@T71@P80@P90@T09
마곡사이언스타워R,서울,강서구,01,0103,서울특별시 강서구 마곡동 796-3 마곡사이언스타워,1522-3232,37.5605261,0,1396,20180731,Z9999@T03@T05@T08@T16@T17@T20@T21@T26@T29@T30@T33@T34@T36@@@T37@T39@T41@T42@T56@T57@T64@T65@T69@P90
방화DT,서울,강서구,01,0103,"서울특별시 강서구 방화동 293-4, 293-14, 293-15",1522-3232,37.574456834773024,0,1311,20171213,Z9999@T01@T05@T08@T16@T17@T20@T30@T34@@T36@@@T43@T56@T57@T65@T69@T71@T09
마곡나루역,서울,강서구,01,0103,"서울특별시 강서구 마곡동 759-3 보타닉파크타워Ⅰ105,203,204호",1522-3232,37.56813,0,1267,20170907,Z9999@T05@T08@T16@T17@T20@T21@T30@@T36@@@T43@T56@T57@T64@T65@T69@T71@P80@T09
마곡GMG,서울,강서구,01,0103,서울특별시 강서구 마곡동 773-2 마곡지엠지타워,1522-3232,37.560487,0,1217,20170510,Z9999@T05@T08@T16@T17@T20@T21@T30@T34@T36@@@@T43@@T56@T57@T64@T65@T69@T71@P40
가양역,서울,강서구,01,0103,서울특별시 강서구 등촌동 73-1 금부빌딩,1522-3232,37.56164,0,1196,20170331,Z9999@T05@T08@T16@T17@T20@T21@T30@T36@@@@T43@@T56@T57@T65@T69@T71@P80@T09
화곡DT,서울,강서구,01,0103,서울특별시 강서구 화곡동 772-67,1522-3232,37.5350107501795,0,1114,20161011,Z9999@T01@T05@T08@T16@T17@T20@T30@T34@@@@T56@T57@T65@T69@T09
화곡동,서울,강서구,01,0103,서울특별시 강서구 화곡동 1073-10,1522-3232,37.540619019726435,0,909,20150327,Z9999@T05@T08@T16@T17@T20@T21@T30@T34@@@@T43@T55@@T56@T57@T65@T69@T71@T09
염창역,서울,강서구,01,0103,서울특별시 강서구 염창동 282-23,1522-3232,37.547359,0,703,20131213,Z9999@@T05@T08@T16@T17@T20@T21@T30@T34@T36@@@@T43@@T56@T57@T65@T69@T71@P80@T09
발산역,서울,강서구,01,0103,서울특별시 강서구 등촌동 678-14 그랜드마트,1522-3232,37.56033524296544,0,731,20140207,Z9999@T05@T08@T16@T17@T20@T21@T30@@@@T43@T56@T57@T65@T69@T71@P80@T09
까치산역,서울,강서구,01,0103,서울특별시 강서구 화곡동 343-1번지,1522-3232,37.5323235082489,0,549,20120905,Z9999@@T05@T08@T16@T17@T20@T21@T30@T34@@@@T43@T51@@T56@T57@T63@T65@T69@T71@P80@P90@T09
마곡코엑스,서울,강서구,01,0103,"서울특별시 강서구 마곡동 767, 르웨스트시티 제본동 제1층 샵4/5호",1522-3232,37.5653031840314,0,2479,20251128,T05@T08@T16@T17@T20@T21@T30@T34@T36@T43@T51@T55@T56@T57@T65@T69@T71@P90@T09
염창대로,서울,강서구,01,0103,"서울특별시 강서구 염창동 260, 101호",1522-3232,37.5485479128966,0,2288,20240628,T05@T08@T16@T17@T20@T30@T34@T36@T43@T56@T57@T65@T69@T71@P90
발산역5번출구,서울,강서구,01,0103,"서울특별시 강서구 내발산동 647 DH647, 1층 일부",1522-3232,37.5579224739977,0,2196,20231013,T05@T08@T16@T17@T20@T21@T30@T34@@T43@T51@T55@@T56@T57@T65@T69@T71@P80@T09
양천향교역,서울,강서구,01,0103,서울특별시 강서구 마곡동 776-2 마곡센트럴대방디엠시티오피스텔 121-1 121-2호,1522-3232,37.56785182406142,0,2496,20251224,T05@T08@T16@T17@T20@T21@T30@T34@T43@T51@T56@T57@T64@T65@T67@T69@T71@P80@T09
화곡역8번출구,서울,강서구,01,0103,"서울특별시 강서구 화곡동 1051-22, 1층 일부",1522-3232,37.54227920628,0,2013,20220801,Z9999@T02@T05@T08@T16@T17@T20@T21@T30@T34@@T43@T51@@T56@T57@T64@T65@T69@T71
강서우장산,서울,강서구,01,0103,"서울특별시 강서구 화곡동 1013-3 우장산역 해링턴 타워, 116/117/118/119/120호",1522-3232,37.54661114997271,0,2003,20220712,Z9999@T05@T08@T16@T17@T20@T21@T30@T34@T36@@T43@T51@@T56@T57@T65@T69@T71@P90@T09
등촌대로,서울,강서구,01,0103,서울특별시 강서구 염창동 274-17 센터스퀘어,1522-3232,37.5504921817371,0,1771,20210303,Z9999@T05@T08@T16@T17@T20@T21@T30@T34@T36@@@T43@T56@T57@T65@T69@T71@P90@T09
마곡보타닉게이트,서울,강서구,01,0103,서울특별시 강서구 마곡동 779,1522-3232,37.56910032273387,0,2393,20250417,T05@T08@T16@T17@T20@T30@T34@T36@T43@T51@@T56@T57@T63@T64@T65@T69@T71@P90@T09
가양역사거리,서울,강서구,01,0103,"서울특별시 강서구 등촌동 628-9 가양더스카이벨리5차 지식산업센터 101, 102, 114,~117호",1522-3232,37.56007,0,1839,20210806,Z9999@T05@T08@T16@T17@T20@T21@T30@T34@@@T43@T51@@T56@T57@T64@T65@T69@T71@P80@P90@T09
원그로브,서울,강서구,01,0103,서울특별시 강서구 마곡동769 WB115호,1522-3232,37.56124715192089,0,2407,20250523,Z9999@T05@T08@@T16@T17@@T20@T21@T30@T34@T36@T51@T56@T57@T63@T65@P80@T09
내발산,서울,강서구,01,0103,"서울특별시 강서구 내발산동 668, 101/102호",1522-3232,37.55467,0,1903,20211209,T05@T08@T16@T17@T20@T21@T30@T34@@T36@T43@T51@@T56@T57@T65@T69@T71@P90@T09
마곡웰튼,서울,강서구,01,0103,"서울특별시 강서구 마곡동 759-2, 104/105/106호",1522-3232,37.5671428910102,0,1940,20220323,Z9999@T05@T08@T16@T17@T20@T21@T30@T34@T36@@T43@T51@T56@T57@T64@T65@T69@T71@T09
김포공항국내선,서울,강서구,01,0103,서울특별시 강서구 공항동 1373-5 김포공항 국내선터미널 3층,1522-3232,37.55912618463173,0,2518,20260123,T05@T16@T17@T18@T20@T27@T30@T34@T51@T56@T57@T63@T64@@@T69@P10
김포공항DT,서울,강서구,01,0103,서울특별시 강서구 방화동 645-6,1522-3232,37.56627942080141,0,1998,20220714,T01@T05@T08@T16@T17@T20@T21@T30@T34@@T36@T43@T51@T56@T57@T65@T69@T71@T09
강서NC,서울,강서구,01,0103,"서울특별시 강서구 등촌동 689 엔씨백화점 1F, 일부",1522-3232,37.55978002533287,0,1864,20210915,Z9999@T05@T08@T16@T17@T20@T21@T30@T34@@T36@T43@T51@T56@T57@T64@T65@T69@T71@P40@P90@T09
김포공항국제선,서울,강서구,01,0103,서울특별시 강서구 방화동 886 (면세구역 내 35번 게이트 옆),1522-3232,37.56604490355177,0,2378,20250207,T05@T18@T30@T34@T36@T51@T56@T57@T63@T64@T69@P10
마곡케이스퀘어,서울,강서구,01,0103,"서울특별시 강서구 마곡동 768-1, 1층 일부",1522-3232,37.562374500980084,0,2394,20250416,T05@T08@T16@T17@T20@T21@T30@T34@T36@T43@T51@T56@T57@@@T64@T65@T69@T71@P80@T09
마곡나루공원,서울,강서구,01,0103,서울특별시 강서구 마곡동 743-1,1522-3232,37.567007,0,1783,20210415,Z9999@T05@T08@T16@T17@T20@T21@T30@T34@@@T43@@T56@T57@T65@T69@T71@P80@P90@T09
송정역,서울,강서구,01,0103,"서울특별시 강서구 공항동 32-3, 1층 일부",1522-3232,37.56105570786667,0,2194,20231011,T05@T08@T16@T17@T20@T21@T30@T34@T36@@T43@T51@@@T55@T56@T57@T65@T69@T71@P80@P90
강서구청사거리,서울,강서구,01,0103,서울특별시 강서구 화곡동 1111 SJ라벨라,1522-3232,37.5549266,0,1769,20210224,Z9999@T05@T08@T16@T17@T20@T21@T30@T34@T36@@@T43@@T56@T57@T65@T69@T71@P90@T09
낙성대역,서울,관악구,01,0104,서울특별시 관악구 봉천동 1660-1,1522-3232,37.477760129939064,0,1546,20190927,Z9999@T05@T08@T16@T17@T20@T21@T30@T34@@@T43@@T56@T57@T65@T69@T71@P80@P90
관악서울대입구R,서울,관악구,01,0104,서울특별시 관악구 봉천동 856-6 BS타워,1522-3232,37.47932480888598,0,1500,20190531,Z9999@T03@T05@T08@T16@T17@T20@T21@T26@T29@T30@T33@@@T37@T39@T41@T42@T56@T57@T65@T69@P20@P80@P90
신림DT,서울,관악구,01,0104,"서울특별시 관악구 신림동 564-12, 564-11",1522-3232,37.480935,0,1292,20180208,Z9999@T01@T05@T08@T16@T17@T20@T30@@@T43@T56@T57@T65@T69@T71@P90
서울대역,서울,관악구,01,0104,서울특별시 관악구 봉천동 861-6,1522-3232,37.48166265091104,0,1143,20161209,Z9999@T05@T08@T16@T17@T20@@T30@@T36@@T43@T56@T57@T65@T69@T71@P20@P80@P90
낙성대DT,서울,관악구,01,0104,서울특별시 관악구 봉천동 1657-3,1522-3232,37.476243169019526,0,1094,20160729,Z9999@T01@T05@T08@T16@T17@T20@T30@T34@@T36@T56@T57@T65@T69@P80@P90
사당,서울,관악구,01,0104,서울특별시 관악구 남현동 1060-10,1522-3232,37.4760559,0,733,20140213,Z9999@@T05@T08@T16@T17@T20@T21@T30@T36@@@@T51@T56@T57@T64@T65@T69@P80
보라매대교빌딩,서울,관악구,01,0104,서울특별시 관악구 봉천동 729-21 대교타워 1층,1522-3232,37.491449,0,639,20130709,Z9999@T05@T08@T16@T17@T20@T21@T30@T34@@@T43@@T56@T57@T64@T65@T69@T71@T09
신림,서울,관악구,01,0104,서울특별시 관악구 신림동 1432-71번지,1522-3232,37.48609493,0,24,20090317,T05@T08@T16@T17@T20@T21@T30@T34@@@T43@T51@T57@T65@T69@T71@P80@P90
신림타임스트림,서울,관악구,01,0104,서울특별시 관악구 신림동 1641-2번지 타임스트림 1층,1522-3232,37.48407101920536,0,30,20090227,Z9999@T05@T08@T16@T17@T20@@T30@@@T56@T57@T64@T65@T69@P40@P80@P90@T09
서울대입구역,서울,관악구,01,0104,서울특별시 관악구 봉천동 869-1,1522-3232,37.481207389699065,0,468,20120106,Z9999@T05@T08@T16@T17@T20@T30@T36@@@T43@@T56@T57@T64@T65@T69@T71@P20@P80@P90
신림녹두거리,서울,관악구,01,0104,서울특별시 관악구 신림동 1747 센터스퀘어 서울대점,1522-3232,37.470488195804656,0,2453,20250829,Z9999@T05@T08@T16@T17@T20@T30@T34@T36@@T43@T51@T56@T57@T65@T69@T71@P90@T09
서울대입구역8번출구,서울,관악구,01,0104,서울특별시 관악구 봉천동 852-5,1522-3232,37.4812061,0,2143,20230714,Z9999@T05@T08@T16@T17@T20@T21@T30@T34@T36@@T43@T51@T56@T57@T65@T69@T71@P20@P80
봉천역,서울,관악구,01,0104,서울특별시 관악구 봉천동 927-5 청운빌딩,1522-3232,37.4820375340064,0,1950,20220429,Z9999@T05@T08@T16@T17@T20@T21@T30@T34@@T36@T43@T51@T56@T57@T64@T65@T69@T71@P80@P90
봉천현대시장,서울,관악구,01,0104,"서울특별시 관악구 봉천동 465-2, 1층 101~104호",1522-3232,37.48665266827689,0,2342,20241106,Z9999@T05@T08@T16@T17@T20@T30@T34@T36@T43@T51@T56@T57@T65@T69@T71@P90
낙성대역7번출구,서울,관악구,01,0104,"서울특별시 관악구 봉천동 1687-13, 1687-14 더블유타워 1층 일부",1522-3232,37.4771331,0,2537,20260327,Z9999@T05@T08@T16@T17@T20@T21@T30@T34@T36@T43@T55@T56@T57@T64@T65@T67@T69@T71@P70@P80
건국대,서울,광진구,01,0105,서울특별시 광진구 화양동 5-45,1522-3232,37.5415474727422,0,1544,20191004,Z9999@T05@T08@T16@T17@T20@T21@T30@T34@@@T36@T43@@T56@T57@T64@T65@T69@T71@P20@P80@P90
어린이대공원역,서울,광진구,01,0105,서울특별시 광진구 군자동 236,1522-3232,37.551946,0,1458,20190115,Z9999@T05@T08@T16@T17@T20@T30@@@T43@@T56@T57@T65@T69@T71@P20@P80@P90
아차산역,서울,광진구,01,0105,서울특별시 광진구 구의동 75-19,1522-3232,37.55062116262961,0,1414,20180912,Z9999@T05@T08@T16@T17@T20@T21@T30@@T36@T43@@T56@T57@T65@T69@T71@P80@P90
올림픽대교북단,서울,광진구,01,0105,서울특별시 광진구 구의동 200-2,1522-3232,37.541129,0,1278,20170926,Z9999@T05@T08@T16@T17@T20@T21@T30@@@@T56@T57@T65@T69@P90
구의DT,서울,광진구,01,0105,"서울특별시 광진구 구의동 67-36,37,7",1522-3232,37.54529838924125,0,921,20150429,Z9999@T01@T05@T08@T16@T17@T20@@T30@T34@T36@@T43@T56@T57@T65@T69@T71@P90@T09
자양사거리,서울,광진구,01,0105,서울특별시 광진구 자양동 779,1522-3232,37.5371158,0,882,20150115,Z9999@T05@T08@T16@T17@T20@T21@T30@T34@@@T36@T43@T51@T56@T57@T65@T69@T71@P80@P90@T09
군자역,서울,광진구,01,0105,서울특별시 광진구 군자동 478-5 중앙빌딩,1522-3232,37.557026068940765,0,761,20140411,Z9999@T05@T08@T16@T17@T20@T21@T30@T34@T36@@@T43@T51@@T56@T57@T65@T69@T71@P80@P90
광나루,서울,광진구,01,0105,"서울특별시 광진구 광장동 329-1 1,2층",1522-3232,37.5473711178786,0,659,20130829,Z9999@T05@T08@T16@T17@T20@T21@T30@T34@@@T36@T43@T51@@T56@T57@T65@T69@T71@P20@P80@P90
건대스타시티,서울,광진구,01,0105,"서울특별시 광진구 자양동 227-7  1층 19,20,21호",1522-3232,37.538544,0,139,20070319,Z9999@T05@T08@T16@T17@T20@T21@T30@@@@T43@@T57@T65@T69@T71@P40@P80@P90@T09
건대입구,서울,광진구,01,0105,서울특별시 광진구 화양동 5-47,1522-3232,37.5406604,0,297,20090924,T05@T08@T16@T17@T20@T21@T30@@T57@T69@P20@P80
광장,서울,광진구,01,0105,서울특별시 광진구 광장동 582,1522-3232,37.54261257747251,0,517,20120515,Z9999@T05@T08@T16@T17@T20@T21@T30@T34@@T36@T43@T51@@T56@T57@T63@T65@T69@T71@P90
건국클래식,서울,광진구,01,0105,"서울특별시 광진구 자양동 227-342 더 클래식500  1층 C102,103호",1522-3232,37.538466,0,528,20120629,Z9999@T05@T08@T16@T17@T20@T21@T30@T36@@T43@@T56@T57@T65@T69@T71@P80@P90@T09
건대로데오,서울,광진구,01,0105,서울특별시 광진구 자양동 8-8 더포디엄830,1522-3232,37.5407966413791,0,2454,20250829,Z9999@T05@T08@T16@T17@T20@T21@T30@T34@T43@T51@T56@T57@T64@T65@T67@T69@T71@P80
강변,서울,광진구,01,0105,서울특별시 광진구 구의동 594-4 금성빌딩,1522-3232,37.53474180652488,0,2450,20250829,T05@T16@T17@T20@T21@T27@T30@T34@T36@T43@T51@T56@T57@T64@T65@T66@T71@P70@T09
구의역이스트폴,서울,광진구,01,0105,"서울특별시 광진구 자양동 870, 1층",1522-3232,37.53657397133724,0,2422,20250627,Z9999@T05@T08@T16@T17@T20@T21@T30@T34@T36@T51@T56@T57@T63@T65
건대후문,서울,광진구,01,0105,서울특별시 광진구 화양동 111-12 빌리브 인테라스 B02~B06,1522-3232,37.54603056145237,0,1925,20220127,T05@T08@T16@T17@T20@T21@T30@T34@T36@T43@T51@@T56@T57@T65@T69@T71@P20@P80@P90
중곡역,서울,광진구,01,0105,서울특별시 광진구 중곡동 30-80 보건복지행정타운 1층일부,1522-3232,37.565057005115804,0,1945,20220324,Z9999@T05@T08@T16@T17@T20@T21@T30@T34@@T36@T43@T51@@T56@T57@T64@T65@T69@T71@P80@P90
자양이마트,서울,광진구,01,0105,서울특별시 광진구 자양동 227-7 더샵스타시티 지하1층,1522-3232,37.5386200465941,0,1677,20200813,Z9999@@T05@T08@T16@T17@T20@T30@T34@@@T43@@T56@T57@T64@T65@T69@T71@P40@P90@T09
자양역,서울,광진구,01,0105,서울특별시 광진구 자양동 855 이튼타워리버3차 1층 109호,1522-3232,37.532684640479,0,1936,20220316,Z9999@T05@T08@T16@T17@T20@T21@T30@T34@@T43@T51@@T56@T57@T65@T69@T71@P80@P90
세종대,서울,광진구,01,0105,서울특별시 광진구 군자동 98 세종대학교,1522-3232,37.54914275025103,0,2526,20260227,T05@T16@T17@T20@T21@T30@T34@T56@T57@T64@T67@P20
뚝섬한강공원,서울,광진구,01,0105,서울특별시 광진구 자양동 424,1522-3232,37.52833825339653,0,2439,20250731,Z9999@T05@T08@T16@T17@T20@T30@T34@T51@T56@T57@T63@T65@T68@T69@T09
구의역,서울,광진구,01,0105,"서울특별시 광진구 구의동 683, 101호",1522-3232,37.537063,0,2546,20260330,Z9999@T05@T08@T16@T17@T20@T21@T30@T34@T43@T56@T57@T65@T67@T71@P80
화양삼거리,서울,광진구,01,0105,서울특별시 광진구 화양동 174 건대 트레비앙 오피스텔,1522-3232,37.54774853077512,0,2247,20240321,T05@T08@T16@T17@T20@T21@T30@T34@@T43@T51@@T56@T57@T65@T69@T71@P20@P80@P90
군자사거리,서울,광진구,01,0105,서울특별시 광진구 중곡동 649-4 1층,1522-3232,37.55769507399991,0,1802,20210429,Z9999@T05@T08@T16@T17@T20@T21@T30@T34@T36@@@@T56@T57@T64@T65@T69@P80@P90
금천구청역,서울,금천구,01,0106,"서울특별시 금천구 시흥동 1031, 엠메디컬타워 1층",1522-3232,37.45588672536701,0,1637,20200429,Z9999@T05@T08@T16@T17@T20@T21@T30@T34@@T36@@T56@T57@T65@T69@P70@P80@P90@T09
가산에스케이,서울,금천구,01,0106,"서울특별시 금천구 가산동 371-41, SK V1센터 1층",1522-3232,37.48082408602027,0,1405,20180827,Z9999@T05@T08@T16@T17@T20@T21@T30@@@T56@T57@T64@T65@T69@P80@P90@T09
독산사거리,서울,금천구,01,0106,서울특별시 금천구 독산동 159-23 영진빌딩,1522-3232,37.47158263368701,0,1218,20170519,T05@T08@T16@T17@T20@T21@T30@@@@T43@@T57@T65@T69@T71@P70@P90
금천시흥,서울,금천구,01,0106,서울특별시 금천구 시흥동 904-22 더플레이스,1522-3232,37.44875938266414,0,1184,20170315,Z9999@T05@T08@T16@T17@T20@T21@T30@@@@T43@@T56@T57@T65@T69@T71@P90
가산디지털단지역,서울,금천구,01,0106,"서울특별시 금천구 가산동 50-3, 대륭포스트타워 6차 1층",1522-3232,37.48135375445197,0,1076,20160615,Z9999@T05@T08@T16@T17@T20@T21@T30@T36@@@@T43@@T56@T57@T64@T65@T69@T71@P80@P90@T09
금천독산,서울,금천구,01,0106,서울특별시 금천구 독산동 291-1,1522-3232,37.46957081,0,778,20140521,Z9999@T05@T08@T16@T17@T20@T21@T30@T34@@@T36@T43@T51@T56@T57@T64@T65@T69@T71@P90@T09
가산디지털,서울,금천구,01,0106,"서울특별시 금천구 가산동 371-28, 우림라이온스밸리 B동 1층",1522-3232,37.479970085901,0,227,20060125,Z9999@@T05@T08@T16@T17@T20@T21@T30@T34@@@T43@T56@T57@T64@T65@T69@T71@P80@P90@T09
마리오아울렛,서울,금천구,01,0106,서울특별시 금천구 가산동 60-20 ㈜마리오 3관1층,1522-3232,37.47860691180926,0,555,20120919,Z9999@T05@T08@T16@T17@T20@T30@T34@@@@T56@T57@T65@T69@P40@P80@T09
가산브이타워,서울,금천구,01,0106,"서울특별시 금천구 가산동 371-37, V-TOWER 1층",1522-3232,37.47700409645337,0,364,20110127,T05@T08@T16@T17@T20@T21@T30@T34@@T36@T43@T51@T56@T57@T64@T65@T69@T71@P80@P90@T09
독산역,서울,금천구,01,0106,"서울특별시 금천구 가산동 673, 107-2, 1층",1522-3232,37.46770966619833,0,1927,20220225,Z9999@T05@T08@T16@T17@T20@T21@T30@T34@@T36@T51@T56@T57@T64@T65@T69@P80@P90@T09
금천금나래,서울,금천구,01,0106,서울특별시 금천구 시흥동 113 1층,1522-3232,37.4586898489368,0,2463,20250926,Z9999@T05@T08@T16@T17@T20@T21@T30@T34@T43@T51@T56@T57@T65@@T71@P40@T09
가산퍼블릭,서울,금천구,01,0106,"서울특별시 금천구 가산동 60-26, B동 F Park 1층",1522-3232,37.47574363470601,0,2303,20240807,Z9999@T05@T08@T16@T17@T20@T21@T30@T34@T36@T43@T51@T56@T57@T63@T65@T69@T71@P40@T09
가산현대아울렛,서울,금천구,01,0106,"서울특별시 금천구 가산동 60-8 현대시티아울렛 가산점, 1층 일부",1522-3232,37.477680443,0,1979,20220603,Z9999@T05@T08@T16@T17@T20@T30@T34@@T36@T51@T56@T57@T64@T65@T69@P40@P90@T09
가산케이에스,서울,금천구,01,0106,"서울특별시 금천구 가산동 60-14, 가산KS타워 1층",1522-3232,37.48089352069766,0,2200,20231101,Z9999@T05@T08@T16@T17@T20@T21@T30@T34@T36@@T43@T51@T56@T57@T65@T69@T71@P80@P90@T09
가산어반워크,서울,금천구,01,0106,서울특별시 금천구 가산동 451-1,1522-3232,37.4800231711237,0,2326,20240927,Z9999@T05@T08@T16@T17@T20@T21@T30@T34@T36@T43@T51@T56@T57@T63@T65@T69@T71@P40@T09
월계역,서울,노원구,01,0107,"서울특별시 노원구 월계동 633-31(104,105,106호)",1522-3232,37.6295,0,1616,20200218,T05@T08@T16@T17@T20@T21@T30@T34@T36@@@T56@T57@T65@T69@P20@P80
월계트레이더스,서울,노원구,01,0107,서울특별시 노원구 월계동 333-1 월계이마트,1522-3232,37.627595268077556,0,1475,20190314,Z9999@T05@T08@T16@T17@T20@T30@T34@@@T56@T57@T65@T69@P40@T09
상계초교사거리,서울,노원구,01,0107,서울특별시 노원구 상계동 372-16,1522-3232,37.656776,0,1484,20190411,Z9999@T05@T08@T16@T17@T20@T21@T30@T34@@@@T56@T57@T65@T69@P80
공릉DT,서울,노원구,01,0107,"서울특별시 노원구 공릉동 597-34, 597-30, 597-31, 597-32, 597-33",1522-3232,37.6206884,0,1379,20180628,Z9999@T01@@T05@T08@T16@T17@T20@T30@@@@T56@T57@T65@T69@P80@P90@T09
노원마들역,서울,노원구,01,0107,서울특별시 노원구 상계동 694 임광아파트,1522-3232,37.6610890700127,0,1266,20170912,Z9999@T05@T08@T16@T17@T20@T21@T30@@T36@@@T43@@T56@T57@T65@T69@T71
공릉역,서울,노원구,01,0107,서울특별시 노원구 공릉동 379-27,1522-3232,37.626337,0,1244,20170718,Z9999@T05@T08@T16@T17@T20@T21@T30@T34@@@@T43@@T56@T57@T65@T69@T71@P80@P90@T09
은행사거리,서울,노원구,01,0107,"서울특별시 노원구 중계동 360-6중흥빌딩 103,203호",1522-3232,37.650487822620036,0,120,20080229,Z9999@T05@T08@T16@T17@T20@T21@T30@T34@@T36@@T43@T51@T56@T57@T65@T69@T71@P90
노원KT,서울,노원구,01,0107,서울특별시 노원구 상계동 723번지 ㈜KT 노원사옥,1522-3232,37.654562,0,540,20120802,Z9999@T05@T08@T16@T17@T20@T21@@T30@T34@@T36@@T43@T51@T56@T57@T65@T69@T71@P40@P80
광운대,서울,노원구,01,0107,서울특별시 노원구 월계동 410-1번지,1522-3232,37.62317424708698,0,498,20120404,T02@T05@T08@T16@T17@@T20@T21@T30@@T36@@T43@T56@T57@T65@T69@T71@P20@P80@P90
중계역,서울,노원구,01,0107,서울특별시 노원구 상계동 763-3 대한빌딩,1522-3232,37.64817,0,574,20130104,Z9999@T05@T08@T16@T17@T20@T21@T30@@@T43@@T56@T57@T64@T65@T69@T71@P80@P90
노원역,서울,노원구,01,0107,서울특별시 노원구 상계동 712 남성빌딩 1층,1522-3232,37.654751,0,596,20130320,Z9999@T05@T08@T16@T17@T20@@T30@T34@@@@T43@T56@T57@T65@T69@T71@P80
월계이마트,서울,노원구,01,0107,서울특별시 노원구 월계동 333-1번지,1522-3232,37.62715819011137,0,587,20130205,Z9999@T05@T08@T16@T17@T20@T30@@@@T43@T51@@T56@T57@T65@T69@T71@P40@T09
태릉입구역DT,서울,노원구,01,0107,서울특별시 노원구 공릉동 653-8,1522-3232,37.61942,0,1805,20210520,Z9999@T01@T05@T08@T16@T17@T20@T30@T34@@T43@@T56@T57@T65@T69@T71@P80@P90
노원상계,서울,노원구,01,0107,서울특별시 노원구 상계동 730-4,1522-3232,37.651535,0,2035,20221007,T05@T08@T16@T17@T20@T21@T30@T34@@T36@T43@T51@T56@T57@T65@T69@T71
노원구청,서울,노원구,01,0107,서울특별시 노원구 상계동 705 태웅빌딩,1522-3232,37.6539896,0,2316,20240912,T05@T08@T16@T17@T20@T21@T30@T34@T36@T43@T51@T56@T57@T63@@T65@T69@T71
창동이마트,서울,도봉구,01,0108,서울특별시 도봉구 창동 135-26 창동EMART,1522-3232,37.65167648631108,0,1511,20190613,Z9999@T05@T08@T16@T17@T20@T30@@@T43@@T56@T57@T65@T69@T71@T09
덕성여대,서울,도봉구,01,0108,서울특별시 도봉구 쌍문동 423-48 지민빌딩,1522-3232,37.650906,0,2510,20251226,T05@T08@T16@T17@T20@T21@T30@T34@T43@T51@T56@T57@T65@T67@T69@T71@P20@P80@P90
도봉구청,서울,도봉구,01,0108,서울특별시 도봉구 도봉동 622-57,1522-3232,37.6695034764443,0,2220,20231208,T05@T08@T16@T17@T20@T21@T30@T34@@T36@T43@T51@@T56@T57@T63@T65@T69@T71@T09
쌍문,서울,도봉구,01,0108,서울특별시 도봉구 창동 661-45 국민은행 1층,1522-3232,37.649424,0,2475,20251030,Z9999@T05@T08@T16@T17@T20@T21@T30@T34@T36@T43@T51@T56@T57@T65@T69@T71@P80
쌍문도봉로,서울,도봉구,01,0108,서울특별시 도봉구 창동 650-45,1522-3232,37.6453516,0,1801,20210429,Z9999@T05@T08@T16@T17@T20@T21@T30@T34@T36@@T56@T57@T65@T69@T09
도봉로DT,서울,도봉구,01,0108,서울특별시 도봉구 쌍문동 707-9,1522-3232,37.6611805929041,0,2111,20230323,T01@T05@T08@T16@T17@T20@T21@T30@T34@@T36@T43@T51@@T56@T57@T65@T69@T71@T09
방학역,서울,도봉구,01,0108,서울특별시 도봉구 방학동 707-6,1522-3232,37.6653125,0,1953,20220420,Z9999@T05@T08@T16@T17@T20@T21@T30@T34@T36@@T43@T51@@T56@T57@T64@T65@T69@T71@T09
창동역,서울,도봉구,01,0108,서울특별시 도봉구 창동 1-28 씨드큐브 창동,1522-3232,37.654090067801164,0,2177,20230901,Z9999@T05@T08@T16@T17@T20@T21@T30@T34@@T36@@T51@T56@T57@T64@T65@T69@P80
노량진동,서울,동작구,01,0109,서울특별시 동작구 노량진동 333 고려교육타워-어바니엘한강 101호~105호,1522-3232,37.513068,0,1553,20191025,Z9999@T05@T08@T16@T17@T20@T21@T30@T34@@@@@T56@T57@T65@T69@P90@T09
남성역,서울,동작구,01,0109,서울특별시 동작구 사당동 252-15,1522-3232,37.4841198,0,1533,20190823,Z9999@T05@T08@T16@T17@T20@T21@@T30@T34@@T36@@T43@T56@T57@T64@T65@T69@T71@P80@P90
상도역,서울,동작구,01,0109,서울특별시 동작구 상도1동 666-5,1522-3232,37.5031936,0,1657,20200611,Z9999@T05@T08@T16@T17@T20@T21@T30@T34@T36@@T43@T56@T57@T65@T69@T71@P80@P90
보라매공원R,서울,동작구,01,0109,"서울특별시 동작구 신대방동 395-65 파크스퀘어,보라매현대APT",1522-3232,37.49191014040362,0,1466,20190130,Z9999@T03@T05@T08@T16@T17@T20@T21@@T26@T29@T30@T33@@@@T37@T39@T41@T42@T56@T57@T64@T65@T69@P70@P90@T09
이수자이,서울,동작구,01,0109,서울특별시 동작구 사당동 147-29 이수자이,1522-3232,37.484414,0,1439,20181130,Z9999@T05@T08@T16@T17@T20@T21@T30@@@T56@T57@T65@T69@P80@P90
노량진역,서울,동작구,01,0109,서울특별시 동작구 노량진동 62-8 이도타워,1522-3232,37.51339,0,1357,20180412,Z9999@T05@T08@T16@T17@T20@T21@T30@@@T36@@T56@T57@T65@T69@P80@P90
신대방삼거리역,서울,동작구,01,0109,서울특별시 동작구 상도동 324-1번지,1522-3232,37.50034872148687,0,1272,20170928,Z9999@T05@T08@T16@T17@T20@T21@T30@T36@@@T56@T57@T65@T69@P80@T09
중앙대,서울,동작구,01,0109,서울특별시 동작구 흑석동 205-5,1522-3232,37.506933,0,1126,20161028,Z9999@T05@T08@T17@T20@T21@T30@T34@@@@T43@T56@T57@T65@T69@T71@P20@P70
숭실대입구역,서울,동작구,01,0109,서울특별시 동작구 상도동 475-5,1522-3232,37.4968346,0,1015,20151216,Z9999@T05@T08@T16@T17@T20@T21@T30@T34@@@@T43@@T56@T57@T65@T69@T71@P20@P80@P90
숭실대,서울,동작구,01,0109,"서울특별시 동작구 상도동 501-9,11",1522-3232,37.49538073,0,10,20060228,Z9999@T05@T08@T16@T17@T20@T21@T30@@@@T43@T56@T57@T65@T69@T71@P20@P80@P90
사당역,서울,동작구,01,0109,서울특별시 동작구 사당동 1031-27 양지빌딩 1-3층,1522-3232,37.47849216,0,307,20091224,Z9999@T05@T08@T16@T17@T20@T30@T34@@@T43@@T56@T57@T65@T69@T71@P80
상도대로,서울,동작구,01,0109,"서울특별시 동작구 상도동 27-14 성현빌딩, 1층",1522-3232,37.5050479253333,0,2397,20250416,Z9999@T05@T08@T16@T17@T20@T21@T30@T34@T36@T43@T51@T56@T57@T64@T65@T69@T71
이수역13번출구,서울,동작구,01,0109,"서울특별시 동작구 사당동 139-30 지안플라자, 1층",1522-3232,37.4873371169464,0,2411,20250530,Z9999@T05@T08@T16@T17@T20@T21@T30@T34@T43@T51@T56@T57@T63@T65@T69@T71@P80
장승배기역,서울,동작구,01,0109,서울특별시 동작구 상도동 900 상도파크자이 제상가동 제지2층 105호,1522-3232,37.505808264565026,0,2536,20260327,Z9999@T05@T08@T16@T17@T20@T21@T27@T30@T34@T36@T43@T55@T56@T57@T64@T65@T66@T69@T71@@@P80@P90@T09
서강대프라자,서울,마포구,01,0110,"서울특별시 마포구 신수동 1-1 서강대학교 지하캠퍼스 지하1층 104, 105-1호",1522-3232,37.55102696988243,0,1555,20191016,T05@T08@T16@T17@T20@T21@T30@T34@@@@T43@@T56@T57@T65@T69@T71@P20@P90
상암YTN,서울,마포구,01,0110,서울특별시 마포구 상암동 1607 YTN 뉴스퀘어,1522-3232,37.579314265546294,0,1490,20190429,Z9999@T05@T08@T16@T17@T20@T21@T22@T30@@@T36@@T56@T57@T64@T65@T69@P40@T09
마포용강동,서울,마포구,01,0110,서울특별시 마포구 용강동 112-2외 9필지 근린생활시설,1522-3232,37.541186,0,1428,20181030,Z9999@T05@T08@T16@T17@T20@T21@T30@@T36@@T43@@T56@T57@T65@T69@T71@P90
홍대입구역사거리R,서울,마포구,01,0110,서울특별시 마포구 서교동 353-5 경남관광빌딩,1522-3232,37.554636,0,1322,20180111,Z9999@T03@T05@T08@T16@T17@T20@T21@T26@T29@T30@@T36@T37@T39@T41@T42@T56@T57@T65@T69@P90
마포경찰서후문,서울,마포구,01,0110,서울특별시 마포구 아현동 618-19 마포 센텀 슬로우스퀘어,1522-3232,37.550800,0,1335,20180126,Z9999@T05@T08@T16@T17@T20@T21@T30@T34@T36@@@@T43@T55@T56@T57@T65@T69@T71@T09
공덕,서울,마포구,01,0110,서울특별시 마포구 공덕동 254-8 동방빌딩,1522-3232,37.545913,0,1323,20180116,Z9999@T05@T08@T16@T17@T20@T21@T30@@T36@@T56@T57@T64@T65@T69@P80@T09
합정폴리스R,서울,마포구,01,0110,서울특별시 마포구 서교동 490 메세나폴리스 B189~193,1522-3232,37.5509,0,1366,20180514,Z9999@T03@T05@T08@T16@T17@T20@T21@T26@T29@T30@@@T36@@T42@T56@T57@T65@T69@P90@T09
홍대공항철도역,서울,마포구,01,0110,서울특별시 마포구 동교동 166-1,1522-3232,37.557491,0,1285,20171025,Z9999@T05@T08@T16@T17@T20@T30@T36@@T43@T56@T57@T64@T65@T69@T71@P20@P80@P90
마포염리,서울,마포구,01,0110,서울특별시 마포구 염리동 168-9 국민건강보험공단,1522-3232,37.543876,0,1123,20161019,Z9999@T05@T08@T16@T17@T20@@T30@T34@T36@@T51@T56@T57@T64@T65@T69@P80@T09
서강광흥창역,서울,마포구,01,0110,서울특별시 마포구 창전동 130,1522-3232,37.549377,0,1157,20161222,Z9999@T05@T08@T16@T17@T20@T21@T30@T34@@T36@@T43@@T56@T57@T65@T69@T71@P80@P90
합정,서울,마포구,01,0110,"서울특별시 마포구 합정동 472 마포한강푸르지오 110, 111, 112-2",1522-3232,37.54997888236882,0,1079,20160621,Z9999@T05@T08@T16@T17@T20@T21@T30@T34@T36@@@@T43@T56@T57@T65@T69@T71@P80@T09
서강대흥역,서울,마포구,01,0110,서울특별시 마포구 대흥동 111-1,1522-3232,37.548178,0,1137,20161129,Z9999@T05@T08@T16@T17@T20@T21@T30@T34@@@@T36@T43@T51@T55@T56@T57@T63@T64@T65@T69@T71@P20@P80@P90
서교동사거리,서울,마포구,01,0110,서울특별시 마포구 서교동 374-20,1522-3232,37.553376,0,1031,20160126,Z9999@T05@T08@T16@T17@T20@T21@T30@T34@@T43@@T57@T65@T69@T71@P80
상암사보이시티,서울,마포구,01,0110,서울특별시 마포구 상암동 1597 사보이시티 DMC,1522-3232,37.581462210224295,0,1069,20160527,Z9999@T05@T08@T16@T17@T20@T21@@T30@T34@@@T36@@T43@@T56@T57@T64@T65@T69@T71@T09
신촌오거리,서울,마포구,01,0110,서울특별시 마포구 노고산동 54-1,1522-3232,37.555137,0,1067,20160524,Z9999@T05@T08@T16@T17@T20@T30@T34@@@T36@T43@@T56@T57@T65@T69@T71@P20@P80@P90
상암디지털큐브,서울,마포구,01,0110,서울특별시 마포구 상암동 1647,1522-3232,37.57613521806125,0,910,20150327,Z9999@T05@T08@T16@T17@T20@T21@T30@T34@@@T36@T43@T51@@T56@T57@T64@T65@T69@T71@P90@T09
상수역,서울,마포구,01,0110,서울특별시 마포구 상수동 329-1,1522-3232,37.5474817,0,943,20150624,Z9999@T05@T08@T16@T17@T20@T21@@T30@T34@@T36@@T43@@T56@T57@T64@T65@T69@T71@P80
공덕오거리,서울,마포구,01,0110,서울특별시 마포구 도화동 22 창강빌딩,1522-3232,37.5424641,0,949,20150714,Z9999@T05@T08@T16@T17@T20@T21@T30@T34@@T36@@@T51@T56@T57@T64@T65@T69@P80@P90
서강대,서울,마포구,01,0110,서울특별시 마포구 신수동 63-14,1522-3232,37.5524584,0,793,20140624,Z9999@T05@T08@T16@T17@T20@T21@T30@T36@@@@T43@@T57@T65@T69@T71@P20@P80@P90@T09
상암MBC,서울,마포구,01,0110,"서울특별시 마포구 상암동 1603,1604 MBC신사옥 C1 경영센터",1522-3232,37.58094223885055,0,803,20140630,Z9999@T05@T08@T16@T17@T20@@T30@T34@@T36@@@T51@T56@T57@T64@T65@T69@T09
홍대역,서울,마포구,01,0110,서울특별시 마포구 동교동 159-1 상진빌딩 1층,1522-3232,37.557175,0,680,20131029,Z9999@T05@T08@T16@T17@T20@T30@T34@@T36@T51@T56@T57@T63@T64@T65@T69@P80@P90
동교,서울,마포구,01,0110,서울특별시 마포구 동교동 205-6 영준빌딩 1층,1522-3232,37.556928,0,644,20130724,Z9999@T05@@T08@T16@T17@T20@T21@T30@T34@@T43@T51@@T56@T57@T64@T65@T69@T71@P80@P90
애오개역,서울,마포구,01,0110,서울특별시 마포구 아현동 738번지 마포트라팰리스II,1522-3232,37.55223744461472,0,70,20081112,Z9999@T05@T08@T16@T17@T20@T21@T30@@@T36@T43@@T56@T57@T65@T69@T71@P80
상암DMC,서울,마포구,01,0110,"서울특별시 마포구 상암동 1654번지 DMC 이안상암1단지 102호,202호",1522-3232,37.57770031657981,0,88,20071008,Z9999@T05@T08@T16@T17@T20@T21@T30@T34@@T36@@T43@T51@@T56@T57@T64@T65@T69@T71@T09
마포일진빌딩,서울,마포구,01,0110,서울특별시 마포구 도화동 50-1 일진빌딩 1층,1522-3232,37.54043451,0,87,20080917,Z9999@T05@T08@T16@T17@T20@T21@T30@@T36@@T56@T57@T64@T65@T69@P80@P90@T09
마포아크로,서울,마포구,01,0110,서울특별시 마포구 도화동 563 마포아크로타워,1522-3232,37.5413348427548,0,84,20070918,Z9999@T05@@T08@T16@@T17@T20@T21@T30@T34@@@T36@T43@@T56@T57@T65@T69@T71@T09
홍대삼거리,서울,마포구,01,0110,서울특별시 마포구 상수동 86-22 번지,1522-3232,37.55026561183446,0,397,20110621,Z9999@T05@T08@T16@T17@T20@T30@T36@@@T43@T56@T57@T65@T69@T71@P20@P80@P90
망원역,서울,마포구,01,0110,서울특별시 마포구 서교동 475-13,1522-3232,37.555829,0,358,20101215,Z9999@T05@T08@T16@T17@T20@T21@T30@T34@T36@@@@T43@T51@@T56@T57@T64@T65@T69@T71@P80@P90@T09
마포이마트,서울,마포구,01,0110,서울특별시 마포구 신공덕동 173,1522-3232,37.542421,0,472,20120110,Z9999@T05@T08@T16@T17@T20@T30@@@T36@T43@@T57@T64@T65@T69@T71@P40@P80@P90@T09
합정메세나몰,서울,마포구,01,0110,"서울특별시 마포구 서교동 490 메세나폴리스 지하1층 B161,162,163,164,",1522-3232,37.55005846963587,0,546,20120831,Z9999@T05@T08@T16@T17@T20@T21@T30@T34@@@@T36@T43@T51@T56@T57@T64@T65@T69@T71@P80@P90@T09
아현역대로,서울,마포구,01,0110,"서울특별시 마포구 아현동 330-5외 3필지 아르띠타워 가동 102,103호",1522-3232,37.55717010065948,0,1970,20220512,T05@T08@T16@T17@T20@T21@T30@T34@T36@@T43@T51@@T56@T57@T65@T69@T71@P80@P90
디지털미디어시티역,서울,마포구,01,0110,서울특별시 마포구 상암동 1623 한샘상암사옥 1층,1522-3232,37.57614872684475,0,1987,20220608,Z9999@T05@T08@T16@T17@T20@T21@T30@T34@T36@@T43@T51@@T56@T57@T64@T65@T69@T71@T09
홍대역8번출구,서울,마포구,01,0110,서울특별시 마포구 동교동 165-1 미래프라자 1층,1522-3232,37.556743503599,0,1756,20210114,Z9999@T05@T08@T16@T17@T20@T27@T30@T34@@T56@T57@T64@T65@T69@P80@P90
마포역뉴매드,서울,마포구,01,0110,"서울특별시 마포구 마포동 451, 103, 104호",1522-3232,37.538988480523095,0,2492,20251218,T05@T08@T16@T17@T20@T21@T27@T30@T34@T36@T43@T56@T57@T64@T65@T66@T69@T71@@T09
합정푸르지오,서울,마포구,01,0110,서울특별시 마포구 합정동 473 마포 한강 2차 푸르지오 227~229호,1522-3232,37.55094290761422,0,2001,20220707,@T05@T08@T16@T17@T20@T21@T30@T34@@T36@T43@T51@@T57@T64@T65@T69@T71@T09
홍대동교,서울,마포구,01,0110,서울특별시 마포구 동교동 173-14,1522-3232,37.5583280533329,0,2108,20230330,Z9999@T05@T08@T16@T17@T20@T30@T34@T36@T51@T56@T57@T64@T65@T69@T73@P80
망원한강공원,서울,마포구,01,0110,서울특별시 마포구 망원동 205-5 Mapoint 2층,1522-3232,37.55397484916793,0,1885,20211105,Z9999@T05@T08@@T16@T17@T20@T21@T30@T34@T36@@T47@T51@T56@T57@T65@T69@P90@T09
마포구청역,서울,마포구,01,0110,서울특별시 마포구 성산동 591-3 1층 일부,1522-3232,37.5649569864623,0,2287,20240712,Z9999@T05@T08@T16@T17@T20@T21@T30@T34@T36@T43@T51@@T56@T57@T63@T64@T65@T69@T71@P80@T09
가재울뉴타운,서울,서대문구,01,0111,서울특별시 서대문구 남가좌동 385 DMC파크뷰자이2단지별동상가1층,1522-3232,37.57507214454173,0,1510,20190621,Z9999@T05@T08@T16@T17@T20@T21@T30@@T43@@T56@T57@T64@T65@T69@T71@P90
남가좌사거리,서울,서대문구,01,0111,서울특별시 서대문구 남가좌동 224-1 DMC에코자이 104동,1522-3232,37.577386,0,1656,20200630,T05@T08@T16@T17@T20@T21@T30@T34@@T36@T43@T56@T57@T64@T65@T69@T71@P90@T09
신촌역,서울,서대문구,01,0111,서울특별시 서대문구 창천동 72-12 거화빌딩,1522-3232,37.55625738,0,1293,20171114,T05@T08@T16@T17@T20@T21@T30@T34@T36@@@T56@T57@T65@T69@P20@P80@T09
아현역,서울,서대문구,01,0111,서울특별시 서대문구 북아현동 136-21 e편한세상신촌 4단지,1522-3232,37.558245014814666,0,1231,20170609,Z9999@T05@T08@T16@T20@T21@T30@@T36@@@T56@T57@T65@T69@P80@P90@T09
홍제역,서울,서대문구,01,0111,서울특별시 서대문구 홍제동 301-19 홍제빌딩,1522-3232,37.588658,0,1193,20170328,Z9999@@T05@T08@T16@T17@T20@T21@T30@T34@@@@T43@@T56@T57@T65@T69@T71@P80@P90
연세백양로,서울,서대문구,01,0111,서울특별시 서대문구 신촌동 134 연세대학교,1522-3232,37.562874457,0,993,20151007,Z9999@T05@T08@T16@T17@T20@T21@T22@T30@T34@@@T36@T56@T57@T64@T65@T69@P20@T09
연희DT,서울,서대문구,01,0111,"서울특별시 서대문구 연희동 87-7 ,87-8",1522-3232,37.5702143,0,911,20150331,Z9999@T01@@T08@T16@T17@T20@T30@@T34@@T36@T43@T56@T57@T65@T69@T71@P90@T09
경기대,서울,서대문구,01,0111,서울특별시 서대문구 충정로2가 191,1522-3232,37.56367995,0,33,20060517,@T05@T08@T16@T17@T20@T21@T30@@@T36@@T43@T51@@T56@T57@T64@T65@T69@T71@P20@P80@P90@T09
신촌,서울,서대문구,01,0111,"서울특별시 서대문구 창천동 18-55 즐거운빌딩 1,2,3층",1522-3232,37.556501906944405,0,177,20020130,Z9999@T02@T05@T08@T16@T17@T20@T22@T30@T34@@T43@T56@T57@T65@T69@T71@P20@P80@P90
이대,서울,서대문구,01,0111,서울특별시 서대문구 대현동 54-4,1522-3232,37.55848315,0,149,19990727,@T08@@@@T34@@@@T56@T57@@@@@@T65@T69@P20@P80
연세종합관,서울,서대문구,01,0111,서울특별시 서대문구 신촌동 134번지 성산로 250 연세세브란스 종합관,1522-3232,37.561468543,0,141,20080430,Z9999@T05@T08@T16@T17@T20@T30@T34@@@T56@T57@T65@T69@P70@T09
이대ECC,서울,서대문구,01,0111,서울특별시 서대문구 대현동 11-1 이화여자대학교 B415호,1522-3232,37.561631,0,134,20080430,T05@T08@T16@T17@T20@T21@T30@T34@T36@@@T51@T56@T57@T64@T65@T69@T73@P20@T09
연대,서울,서대문구,01,0111,서울특별시 서대문구 창천동 33-9번지,1522-3232,37.558706,0,443,20111014,T05@T08@T16@T17@T20@T21@T30@T34@T36@@T43@@T56@T57@T65@T69@T71@P20@P80
충정로역,서울,서대문구,01,0111,서울특별시 서대문구 충정로3가 95-1,1522-3232,37.56137,0,487,20120228,T05@T08@T16@T17@T20@T21@T30@T34@@@T36@T51@T56@T57@T64@T65@T69@P80@T09
연대동문,서울,서대문구,01,0111,서울특별시 서대문구 대신동 115번지,1522-3232,37.56648507,0,453,20111130,T05@T08@T16@T17@T20@T21@T30@T34@@@T43@T56@T57@T64@T65@T69@T71@P20@P90
신촌명물거리,서울,서대문구,01,0111,서울특별시 서대문구 창천동 13-19 번지 1-5층,1522-3232,37.557768434,0,353,20101126,T05@T08@T16@T17@T20@T21@T30@T34@T36@@@T43@@T56@T57@T65@T69@T71@P20
충정타워,서울,서대문구,01,0111,서울특별시 서대문구 충정로3가 464번지 충정타워 1층,1522-3232,37.559869,0,326,20100715,Z9999@T05@T08@T16@T17@T20@T21@T30@T34@@@T36@@T43@T51@T56@T57@T64@T65@T69@T71@P80@P90@T09
명지대,서울,서대문구,01,0111,"서울특별시 서대문구 남가좌동 50-3 명지대학교, 지하2층",1522-3232,37.579040898408955,0,2416,20250529,Z9999@T05@T08@T16@T17@T20@T21@T30@T34@T36@T51@T56@T57@T63@T65@T69@T09
이대역,서울,서대문구,01,0111,서울특별시 서대문구 대현동 45-8 유인빌딩,1522-3232,37.55702459539767,0,2067,20221213,Z9999@T05@T08@T16@T17@T20@T21@T30@T34@@T36@T43@T51@T56@T57@T64@T65@T69@T71@P20@P80
신촌로,서울,서대문구,01,0111,서울특별시 서대문구 창천동 29-81 신촌르메이에르타운5,1522-3232,37.55580883425132,0,2365,20241213,Z9999@T05@T08@T16@T17@T20@T21@T30@T34@T36@T43@T51@@T56@T57@T65@T69@T71@P20@T09
북가좌DT,서울,서대문구,01,0111,서울특별시 서대문구 북가좌동 309-16,1522-3232,37.580758,0,1909,20220128,Z9999@T01@T05@T08@T16@T17@T20@T21@T30@T34@T43@T51@T56@T57@T65@T69@T71@P90
연세암병원,서울,서대문구,01,0111,서울특별시 서대문구 신촌동 134 세브란스병원 암센터,1522-3232,37.56046655095749,0,2519,20260202,T05@T16@T17@T20@T30@T34@T51@T56@T57@T63@T64@T65@T69@P20@P70
연희동,서울,서대문구,01,0111,서울특별시 서대문구 연희동 193-1 한영빌딩,1522-3232,37.5654550624029,0,2424,20250627,Z9999@T05@T08@T16@T17@T20@T21@T30@T34@T43@T51@T56@T57@T65@T69@T71
현대신촌,서울,서대문구,01,0111,서울특별시 서대문구 창천동 30-33 현대백화점신촌점,1522-3232,37.55592458080376,0,1763,20210203,Z9999@T05@T08@T16@T17@T20@T30@T34@@@T57@T65@T69@P40@P80@T09
방배로,서울,서초구,01,0112,서울특별시 서초구 방배동 1022-5 감정평가사회관,1522-3232,37.4793434,0,1550,20191024,Z9999@T05@T08@T16@T17@T20@T21@T30@T34@@@@T56@T57@T64@T65@T69@P20@P80@P90@T09
강남교보타워R,서울,서초구,01,0112,서울특별시 서초구 서초동 1303-22 교보타워,1522-3232,37.5037107773698,0,1382,20180626,Z9999@T03@T05@T08@T16@T17@T20@T26@T29@T30@@@T42@T56@T57@T64@T65@T69@P80@P90
방배다이치빌딩,서울,서초구,01,0112,서울특별시 서초구 방배동 907-1 다이치빌딩,1522-3232,37.48431,0,1362,20180426,Z9999@T05@T08@T16@T17@T20@T21@T30@@@@T56@T57@T64@T65@T69@P80@P90
센트럴F1,서울,서초구,01,0112,서울특별시 서초구 반포동 19-3 센트럴시티빌딩,1522-3232,37.505148,0,1353,20180328,Z9999@T05@T08@T16@T17@T20@T30@@@T56@T57@T65@T69@P60@P80@T09
서초역이화빌딩,서울,서초구,01,0112,서울특별시 서초구 서초동 1538-10 IWHA (이화빌딩),1522-3232,37.488356,0,1354,20180329,T05@T08@T16@T17@T20@T21@T30@T36@T43@@T56@T57@T64@T65@T69@T71
서초구청,서울,서초구,01,0112,서울특별시 서초구 서초동 1365-23,1522-3232,37.484353839,0,1324,20180119,Z9999@T05@T08@T16@T17@T20@T21@T30@@T56@T57@T64@T65@T69@P80@P90
서초우성사거리,서울,서초구,01,0112,서울특별시 서초구 서초동 1329-7 신덕빌딩,1522-3232,37.493545,0,1301,20171128,Z9999@T02@T05@T08@T16@T17@T20@T21@T30@@T43@T56@T57@T64@T65@T69@T71@P80@P90
이수역사거리,서울,서초구,01,0112,서울특별시 서초구 방배동 3001-2 방배디오슈페리움1,1522-3232,37.48585,0,1236,20170803,Z9999@T05@T08@T16@T17@T20@T21@T30@@@@T43@T56@T57@T65@T69@T71@P80
강남대로신사,서울,서초구,01,0112,서울특별시 서초구 잠원동 21-7 경승빌딩,1522-3232,37.51489,0,1192,20170330,Z9999@T05@T08@T16@T17@T20@T21@T30@@@T43@T56@T57@T64@T65@T69@T71@P80
서울고속터미널,서울,서초구,01,0112,서울특별시 서초구 반포동 19-4 강남고속버스터미널,1522-3232,37.5045697,0,1195,20170331,Z9999@T05@T08@@T16@T17@T20@T30@@@T56@T57@T64@T65@T69@P60@P80
방배,서울,서초구,01,0112,서울특별시 서초구 방배동 812-2,1522-3232,37.491914,0,1013,20151210,Z9999@T05@T08@T16@T17@T20@T21@T30@@@T43@@T56@T57@T64@T65@T69@T71
방배카페거리,서울,서초구,01,0112,서울특별시 서초구 방배동 777-11,1522-3232,37.4934767,0,1024,20151223,Z9999@T05@T08@T16@T17@@T20@T21@T30@@@T43@T56@T57@T65@T69@T71
서초법원,서울,서초구,01,0112,서울특별시 서초구 서초동 1572-4,1522-3232,37.492881,0,1064,20160510,Z9999@T05@T08@T16@T17@T20@T21@T30@@@@T43@@T56@T57@T64@T65@T69@T71@P80@P90
청계산입구역,서울,서초구,01,0112,서울특별시 서초구 신원동 205-1,1522-3232,37.447323,0,1051,20160331,Z9999@T05@T08@T16@T17@T20@T21@T30@@@T43@T56@T57@T64@T65@T69@T71@P80@P90@T09
사당로데오,서울,서초구,01,0112,서울특별시 서초구 방배동 444-7,1522-3232,37.4772752,0,970,20150915,Z9999@T02@T05@T08@T16@T17@T20@T21@@T30@T34@@@@T36@T43@T55@@T56@T57@T64@T65@T69@T71@P80
파미에파크R,서울,서초구,01,0112,서울특별시 서초구 반포동 118-3 센트럴시티 파미에파크돔 BP4-9호,1522-3232,37.5030521,0,812,20140729,Z9999@T03@T05@T08@T16@T17@T20@T26@T29@T30@@@T42@T56@T57@T64@T65@T69@P60@P80@T09
양재역,서울,서초구,01,0112,서울특별시 서초구 양재동 14-4 모산빌딩,1522-3232,37.482379525,0,830,20140923,Z9999@T03@T05@T08@T16@T17@T20@T21@T30@T34@T36@T37@T39@T41@T56@T57@T64@T65@T69@P80@P90
이수역,서울,서초구,01,0112,서울특별시 서초구 방배동 3000-1,1522-3232,37.4864664,0,811,20140724,Z9999@@T05@T08@T16@T17@T20@T21@T30@T34@@@@T56@T57@T65@T69@P80
내방역,서울,서초구,01,0112,서울특별시 서초구 방배동 851-1 대풍빌딩,1522-3232,37.490004,0,753,20140327,Z9999@T02@T05@T08@T16@T17@T20@T21@T30@T36@@T43@T56@T57@T64@T65@T69@T71@P80
서초파라곤,서울,서초구,01,0112,서울특별시 서초구 서초동 1327-29 서초파라곤,1522-3232,37.49494258899,0,729,20140128,Z9999@T05@T08@T16@T17@T20@T21@T30@T34@@@@T43@T56@T57@T64@T65@T69@T71@P80@P90@T09
서울아트센터,서울,서초구,01,0112,서울특별시 서초구 서초동 1464-22 호경빌딩,1522-3232,37.480866,0,751,20140325,Z9999@T05@T08@T16@T17@T20@T21@T30@T34@@@@T36@T51@@T56@T57@T64@T65@T69@P90
서초중앙로,서울,서초구,01,0112,서울특별시 서초구 반포동 52-6 남도빌딩,1522-3232,37.501691,0,730,20140128,Z9999@T05@T08@T16@T17@T20@T21@T30@T34@@T43@@T56@T57@T64@T65@T69@T71
센트럴시티,서울,서초구,01,0112,서울특별시 서초구 반포동 19-3,1522-3232,37.504707,0,662,20130905,Z9999@T05@T08@T16@T17@T20@T30@@@T56@T57@T65@T69@P60@P80@P90@T09
방배역,서울,서초구,01,0112,서울특별시 서초구 방배동 908-10,1522-3232,37.48200755,0,218,20040316,Z9999@T05@T08@T16@T17@T20@T21@T30@@@T36@T43@@T56@T57@T65@T69@T71@P80
반포역,서울,서초구,01,0112,서울특별시 서초구 잠원동 58-24 신반포11차상가,1522-3232,37.508589,0,233,20051021,Z9999@T05@T08@T16@T17@T20@T30@T34@@@T51@@T56@T57@T64@T65@T69@P80@T09
남부터미널,서울,서초구,01,0112,서울특별시 서초구 서초동 1445-4 래미안 서초유니빌 1층 101호,1522-3232,37.48467334,0,217,20040220,Z9999@T05@T08@T16@T17@T20@T21@T30@T34@T36@@@T43@T51@@T56@T57@T64@T65@T69@T71@P60@P80@P90@T09
뉴코아강남,서울,서초구,01,0112,서울특별시 서초구 잠원동 70-1 킴스클럽,1522-3232,37.51031339,0,174,20011222,Z9999@T05@T08@T16@T17@T20@T30@T34@@@T43@T56@T57@T65@T69@T71@P40@P80@T09
강남서초초교,서울,서초구,01,0112,"서울특별시 서초구 서초동 1307-19 유빌딩 1,2층",1522-3232,37.5000875,0,214,20031219,Z9999@@T05@T08@T16@T17@T20@T30@T36@@T43@T56@T57@T64@T65@T69@T71@P80
교대,서울,서초구,01,0112,서울특별시 서초구 서초동 1657-5 카이스시스템빌딩,1522-3232,37.4923611,0,207,20030821,Z9999@T05@T08@T16@T17@T20@T21@T30@T34@@@@T43@@T56@T57@T64@T65@T69@T71@P20@P80@P90
하이브랜드,서울,서초구,01,0112,서울특별시 서초구 양재2동 215 번지 리빙관 101호,1522-3232,37.46252023465575,0,277,20050327,Z9999@T05@T08@T16@T17@T20@T21@T30@T34@T36@T43@T51@T56@T57@T64@T65@T69@T71@T09
영동2교,서울,서초구,01,0112,서울특별시 서초구 양재동 4-3번지 대흥빌딩,1522-3232,37.48203954,0,23,20090319,Z9999@T05@T08@T16@T17@T20@T21@T30@@T36@@T43@T56@T57@T64@T65@T69@T71@P80@P90@T09
남부터미널역5번출구,서울,서초구,01,0112,서울특별시 서초구 서초동 1457-1,1522-3232,37.48436736,0,103,20071129,Z9999@T05@T08@T16@T17@T20@T21@T30@T34@T36@@@T43@@T56@T57@T64@T65@T69@T71@P60@P80
서래마을입구,서울,서초구,01,0112,서울특별시 서초구 반포동 92-1,1522-3232,37.49925284,0,100,20080808,Z9999@T05@T08@T16@T17@T20@T21@T30@T34@@@@T43@T51@@T56@T57@T64@T65@T69@T71@P90
몬테소리,서울,서초구,01,0112,서울특별시 서초구 서초동 1318-8,1522-3232,37.4982695,0,97,20071025,Z9999@T05@T08@T16@T17@T20@T30@T34@@@T43@T56@T57@T64@T65@T69@T71@P80@T09
서초역,서울,서초구,01,0112,서울특별시 서초구 서초동 1542-14번지,1522-3232,37.49067495,0,25,20090317,Z9999@T05@T08@T16@T17@T20@T21@T30@@T43@@T56@T57@T64@T65@T69@T71@P80
교대법원,서울,서초구,01,0112,서울특별시 서초구 서초동 1699-3 번지,1522-3232,37.496329,0,396,20110615,Z9999@@T05@T08@T16@T17@T20@T21@T30@T34@@@@T43@@T56@T57@T65@T69@T71@P90
강남GT타워,서울,서초구,01,0112,서울특별시 서초구 서초동 1317-23 GT타워,1522-3232,37.4979079083082,0,486,20120228,T05@T08@T16@T17@T20@T21@T30@T34@T36@@T51@T57@T64@T65@T69@P80@T09
서초동,서울,서초구,01,0112,서울특별시 서초구 서초동 1439-14 현우빌딩1층,1522-3232,37.485941,0,462,20111221,Z9999@T05@T08@T16@T17@T20@T21@T30@@@T43@T56@T57@T64@T65@T69@T71@P90
서울교대,서울,서초구,01,0112,서울특별시 서초구 서초동 1623-1번지 1층,1522-3232,37.4874556,0,327,20100715,Z9999@T05@T08@T16@T17@T20@T21@T30@T34@@T36@@T43@T51@@T56@T57@T64@T65@T69@T71@P90
강남에비뉴,서울,서초구,01,0112,서울특별시 서초구 서초동 1303-16번지 강남역아이파크 B102~B105,1522-3232,37.5025778098288,0,598,20130322,Z9999@T05@T08@T16@T17@T20@T21@T30@T34@@@T36@T51@T56@T57@T64@T65@T69@P80@P90@T09
서초우면,서울,서초구,01,0112,"서울특별시 서초구 우면동 725 네이처프라자 103호, 104호",1522-3232,37.4640476055239,0,2515,20260130,T05@T16@T17@T20@T21@T27@T30@T34@T36@T43@T56@T57@T64@T65@T66@T69@T71
강남역7번출구,서울,서초구,01,0112,서울특별시 서초구 서초동 1319-9,1522-3232,37.4970606789351,0,2512,20251231,T05@T16@T17@T20@T21@T30@T34@T43@T51@T57@T63@T64@T65@T66@T69@T71@P80
반포자이,서울,서초구,01,0112,서울특별시 서초구 반포동 20-45 반포자이플라자,1522-3232,37.507170475349405,0,1918,20220113,Z9999@T05@T08@T16@T17@T20@T21@T30@T34@@T43@T51@@T56@T57@T64@T65@T69@T71@P80
서초태우빌딩,서울,서초구,01,0112,서울특별시 서초구 서초동 1357-10 태우빌딩,1522-3232,37.48870504886586,0,2332,20240929,Z9999@T05@T08@T16@T17@T20@T21@T30@T34@T36@T43@T51@T56@T57@T63@T64@T65@T69@T71@P90
교대역3번출구,서울,서초구,01,0112,서울특별시 서초구 서초동 1692-3,1522-3232,37.4943456632732,0,2330,20240929,Z9999@T05@T08@T16@T17@T20@T21@T30@T34@T36@T43@T51@T56@T57@T63@T64@T65@T69@T71@P80
반포원베일리,서울,서초구,01,0112,서울특별시 서초구 반포동 0 원베일리 스퀘어,1522-3232,37.504657083267006,0,2263,20240430,Z9999@T05@T08@T16@T17@T20@T21@T30@T34@T43@T51@T56@T57@T65@T69@T71@T75@P80@P90
양재역신분당역사,서울,서초구,01,0112,서울특별시 서초구 서초동 1366-9 양재역 지하1층 12호 (7번출구쪽),1522-3232,37.4839347328908,0,2368,20241227,T05@T08@T16@T17@T20@T21@T30@T34@T36@T43@T51@T56@T57@@T64@T65@T66@T69@T71@P80@P90
강남역우송빌딩,서울,서초구,01,0112,서울특별시 서초구 서초동 1316-28,1522-3232,37.4981314601413,0,2133,20230525,Z9999@T05@T08@T16@T17@T20@T21@T30@T34@@T43@T51@T56@T57@T65@T69@T71
남부순환로방배DT,서울,서초구,01,0112,"서울특별시 서초구 방배동 623-4, 1동",1522-3232,37.47325689751075,0,2402,20250418,Z9999@T01@T05@T08@T16@T17@T20@T21@T30@T34@T43@T51@T56@T57@@T65@T69@T71
양재하나로마트,서울,서초구,01,0112,서울특별시 서초구 양재동 230 농협하나로클럽,1522-3232,37.462361,0,2485,20251128,T05@T16@T17@T20@T21@@T34@T36@T43@T56@T57@T64@@T65@T66@T69@T71@@T09
신논현역,서울,서초구,01,0112,"서울특별시 서초구 반포동 747-13, 1층",1522-3232,37.5043755164343,0,2476,20251127,T05@T08@T17@T20@T21@T30@T34@T43@T51@T56@T57@@T65@T69@T71
강남역5번출구호정빌딩,서울,서초구,01,0112,서울특별시 서초구 서초동 1327-35 호정빌딩,1522-3232,37.49454215600861,0,2488,20251128,Z9999@T05@T08@T16@T17@T20@T21@T27@T30@T34@@T43@T51@T56@T57@T64@T65@T66@T69@T71@P80@T09
서이초교사거리,서울,서초구,01,0112,서울특별시 서초구 서초동 1332-4 폭스타운,1522-3232,37.4918146,0,1767,20210226,Z9999@T05@T08@T16@T17@T20@T21@T30@T34@@T56@T57@T64@@T65@T69@P90
동작대로,서울,서초구,01,0112,서울특별시 서초구 방배동 438-16,1522-3232,37.4829997962039,0,2445,20250808,Z9999@T05@T08@T16@T17@T20@T21@T30@T34@T43@T56@T57@T64@T65@T67@T69@T71@P80@P90
강남르피에드,서울,서초구,01,0112,서울특별시 서초구 서초동 1321-7,1522-3232,37.4956746205474,0,2440,20250731,Z9999@T05@T16@T17@T20@T21@@T34@T36@T43@T51@T56@T57@T64@T65@T67@T69@T71@P80@T09
대륭서초타워,서울,서초구,01,0112,서울특별시 서초구 서초동 1337-20 대륭서초타워,1522-3232,37.492079729366196,0,2436,20250728,T05@T08@T16@T17@T20@T21@T27@T30@T34@T36@T43@T51@T56@T57@T64@T65@T66@T69@T71@P80
뉴코아강남B1,서울,서초구,01,0112,서울특별시 서초구 잠원동 70-2 뉴코아백화점,1522-3232,37.509145,0,2538,20260331,T05@T08@T16@T17@T20@T21@T30@T34@T43@T51@T55@T56@T57@T64@T65@T66@T69@T71@P40@T09
서울웨이브아트센터,서울,서초구,01,0112,서울특별시 서초구 잠원동 149-2,1522-3232,37.518807,0,1713,20200929,Z9999@T05@T08@T16@T17@T20@T21@T30@T34@@@T56@T57@T64@T65@T69
논현역,서울,서초구,01,0112,서울특별시 서초구 잠원동 37-7 1~2층,1522-3232,37.5114376142061,0,831,20140924,Z9999@T05@T08@T16@T17@T20@T21@T30@T34@@@T56@T57@T64@T65@T69@P60@P70@P80
길음역,서울,성북구,01,0113,서울특별시 성북구 돈암동 625-2 BR빌딩,1522-3232,37.602139,0,1571,20191203,Z9999@T05@T08@T16@T17@T20@T21@T30@T34@T36@@@T43@T56@T57@T64@T65@T69@T71@P80@T09
미아이마트,서울,성북구,01,0113,서울특별시 성북구 길음동 25-2 신세계 이마트 미아점,1522-3232,37.61054298669914,0,1540,20190906,Z9999@T05@T08@T16@T17@T20@T30@T34@@@T36@@T43@@T56@T57@T65@T69@T71@P40@T09
종암DT,서울,성북구,01,0113,서울특별시 성북구 종암동 29-10,1522-3232,37.5919525,0,1369,20180530,Z9999@T01@T05@T08@T16@T17@T20@T30@T34@@T36@@@T56@T57@T65@T69@P20@P80@P90
미아,서울,성북구,01,0113,서울특별시 성북구 하월곡동 89-7 부영빌딩,1522-3232,37.607581,0,1206,20170428,Z9999@T05@T08@T16@T17@T20@T21@T30@@@T36@@T43@@T56@T57@T65@T69@T71
성신여대정문,서울,성북구,01,0113,서울특별시 성북구 동선동2가 134 모아빌딩,1522-3232,37.590910,0,1077,20160620,Z9999@T05@T08@T16@T17@T20@T21@T30@T36@@@@T43@@T56@T57@T65@T69@T71@P20
종암,서울,성북구,01,0113,서울특별시 성북구 종암동 3-686 시원빌딩,1522-3232,37.601095,0,997,20151022,Z9999@T05@T08@T16@T17@T20@T21@T30@T36@@@T43@T56@T57@T65@T69@T71
삼선교,서울,성북구,01,0113,서울특별시 성북구 동소문동2가 11번지외 1필지 중 가호 1~2층,1522-3232,37.588696,0,726,20140127,Z9999@T02@T05@T08@T16@T17@T20@T21@T30@@T36@@@T43@@T57@T65@T69@T71@P20@P80
월곡역,서울,성북구,01,0113,서울특별시 성북구 하월곡동 46-73번지 101-1호,1522-3232,37.60203,0,615,20130516,Z9999@T05@T08@T16@T17@T20@T21@T30@T34@T36@@@T43@T51@T56@T57@T65@T69@T71@P40@P80@T09
고대,서울,성북구,01,0113,서울특별시 성북구 안암동5가 104-30 0830,1522-3232,37.583925,0,203,20030705,Z9999@T05@T08@T16@T17@T20@T21@T30@T34@@@@T36@T43@T51@T56@T57@T64@T65@T69@T71@P20
현대미아,서울,성북구,01,0113,서울특별시 성북구 길음동 20-1 현대백화점미아점 지하1층,1522-3232,37.608513711399176,0,57,20070409,T05@T08@T16@T17@T20@T30@T34@@T36@@@T56@T57@T64@T65@T69@P40@T09
성신여대,서울,성북구,01,0113,서울특별시 성북구 동선동1가 92-1번지,1522-3232,37.593135,0,510,20120427,Z9999@T05@T08@T16@T17@@T20@T21@T30@T34@@T36@@@T43@T51@@T56@T57@T65@T69@T71@P20@P80
안암역,서울,성북구,01,0113,서울특별시 성북구 안암동5가 92번지,1522-3232,37.586319,0,558,20120927,Z9999@T05@T08@T16@T17@T20@@T21@T30@T34@@T36@@T43@@T56@T57@T65@T69@T71@P20@P80
한성대입구역,서울,성북구,01,0113,서울특별시 성북구 성북동1가 35-1번지,1522-3232,37.5890412145186,0,466,20111230,Z9999@T05@T08@T16@T17@T20@T21@T30@@@@T36@T43@T51@@T56@T57@T63@T64@T65@T69@T71@P80@T09
길음뉴타운,서울,성북구,01,0113,서울특별시 성북구 길음동 542-1 길음역롯데캐슬트윈골드아파트,1522-3232,37.603633,0,2382,20250228,Z9999@T05@T08@T16@T17@T20@T21@T30@T34@T36@T43@T51@T56@T57@T64@T65@T69@T71@T09
고대안암병원,서울,성북구,01,0113,서울특별시 성북구 안암동5가 126-1 고려대학교 안암병원 제1주차장 3층(상층부 근린생활시설),1522-3232,37.586874,0,2010,20220729,Z9999@T05@T08@T12@T16@T17@T20@T21@T30@T34@@T36@T51@T56@T57@T64@T65@T69@P70@P80@P90
돌곶이역4번출구,서울,성북구,01,0113,서울특별시 성북구 장위동 50-46 H하우스 장위,1522-3232,37.611697,0,2572,20260528,T05@T08@T16@T17@T20@T21@T30@T34@T43@T51@T56@T57@T64@T65@T67@T69@T71@P80@P90@T09
장위뉴타운,서울,성북구,01,0113,서울특별시 성북구 장위동 143-38 타워39,1522-3232,37.618072316295915,0,1823,20210624,T05@T08@T16@T17@T20@T21@T30@T34@@T36@T43@T51@T56@T57@T64@T65@T69@T71
성신여대입구역,서울,성북구,01,0113,서울특별시 성북구 동선동4가 1 (주)하나은행 돈암동지점,1522-3232,37.59303,0,2285,20240710,Z9999@T05@T08@T16@T17@T20@T21@T30@T34@T36@T43@T51@T56@T57@T63@T64@T65@T69@T71@P80@P90
송파나루역DT,서울,송파구,01,0114,서울특별시 송파구 송파동 59-9 송봉주유소,1522-3232,37.510976,0,1476,20190321,Z9999@T01@@T05@T08@T16@T17@T20@T30@T34@T36@@T56@T57@T65@T69@P80
송파헬리오시티,서울,송파구,01,0114,서울특별시 송파구 가락동 479 헬리오시티 단지상가 3A 16호~21호,1522-3232,37.4977826892486,0,1639,20200429,Z9999@T05@T08@T16@T17@T20@T21@T30@T34@@T36@T56@T57@T65@T69@P90
잠실시그마타워,서울,송파구,01,0114,서울특별시 송파구 신천동 7-19 잠실시그마타워,1522-3232,37.51461,0,1441,20181127,Z9999@T05@T08@T16@T17@T20@T21@T30@@T36@@T56@T57@T64@T65@T69@P80@P90
문정법원로R,서울,송파구,01,0114,서울특별시 송파구 문정동 642 송파 테라타워2,1522-3232,37.487356272840365,0,1402,20180817,Z9999@T03@T05@T08@T16@T17@T20@T21@@T26@T29@T30@@@T37@T38@T39@T42@T56@T57@T64@T65@T69@P90@T09
송파개롱역,서울,송파구,01,0114,서울특별시 송파구 가락동 174-14 한라산업개발빌딩,1522-3232,37.49713613426668,0,1352,20180323,Z9999@T05@T08@T16@T17@T20@T21@T30@T34@@@@T56@T57@T65@T69@P80
문정하비오,서울,송파구,01,0114,서울특별시 송파구 문정동 618 파크하비오 204동 104호~107호,1522-3232,37.48211912934925,0,1224,20170531,Z9999@T05@T08@T16@T17@T20@T21@T30@@T36@@T43@@T56@T57@T65@T69@T71@P40@T09
문정역,서울,송파구,01,0114,"서울특별시 송파구 문정동 651 테라타워 B동 137호~139호,204호",1522-3232,37.48529649766194,0,1220,20170523,Z9999@T05@T08@T16@T17@T20@T21@T30@T34@T36@@@T43@@T56@T57@T64@T65@T69@T71@P80@T09
잠실대교남단R,서울,송파구,01,0114,서울특별시 송파구 신천동 7-30 타워730 1층,1522-3232,37.515511,0,1194,20170330,Z9999@T03@@T05@T08@T16@T17@T20@@T26@T29@T30@T34@@T36@@T42@T43@T56@T57@T64@T65@T69@T71@P80@P90@T09
송파위례,서울,송파구,01,0114,"서울특별시 송파구 장지동 884 위례2차아이파크 제상가 3동 1층 C-104, 105, 106, 107호",1522-3232,37.478416,0,1233,20170628,Z9999@T05@T08@T16@T17@T20@T21@T30@T34@@@T36@T43@@T56@T57@T64@T65@T69@T71@P90@T09
송파방이DT,서울,송파구,01,0114,"서울특별시 송파구 방이동 226-10, 226-11",1522-3232,37.506564,0,1106,20160909,Z9999@T01@T05@T08@T16@T17@T20@T30@@T34@@@@T51@T56@T57@T65@T69
올림픽평화의문,서울,송파구,01,0114,서울특별시 송파구 방이동 180-8 해태그린피아빌라트,1522-3232,37.5156426,0,1002,20151106,Z9999@T05@T08@T16@T17@T20@T21@T30@T34@@@@T43@@T56@T57@T65@T69@T71@P80
송파아이파크,서울,송파구,01,0114,서울특별시 송파구 문정동 624 송파아이파크 C-301호,1522-3232,37.47979344097158,0,1049,20160405,Z9999@T05@T08@T16@T17@T20@T21@T30@@@T36@T43@T57@T64@T65@T69@T71@T09
송파사거리,서울,송파구,01,0114,서울특별시 송파구 송파동 96-7,1522-3232,37.5022788,0,948,20150714,Z9999@T05@T08@T16@T17@T20@T21@T30@T34@@@@T43@@T56@T57@T64@T65@T69@T71@P80
석촌서호,서울,송파구,01,0114,서울특별시 송파구 삼전동 130-2,1522-3232,37.5063929,0,904,20150326,Z9999@T05@T08@T16@T17@T20@T21@T30@T34@@@@T43@@T56@T57@T65@T69@T71
문정로데오,서울,송파구,01,0114,서울특별시 송파구 가락동 125-6,1522-3232,37.491858429761606,0,879,20150106,Z9999@T05@T08@T16@T17@T20@T21@T30@T34@@@T36@T43@@T56@T57@T65@T69@T71@P80@T09
올림픽훼미리,서울,송파구,01,0114,서울특별시 송파구 문정동 150-26 훼미리샤르망 101~104호,1522-3232,37.491616375205915,0,809,20140722,Z9999@T05@T08@T16@T17@T20@T21@T30@@@T43@@T57@T65@T69@T71@P60@P80@T09
올림픽공원남문,서울,송파구,01,0114,서울특별시 송파구 방이동 181번지 외 2필지,1522-3232,37.5133,0,781,20140526,T02@T05@T08@T16@T17@T20@T21@@T30@@@@T43@T51@T55@@T56@T57@T65@T69@T71@P80
방이역,서울,송파구,01,0114,서울특별시 송파구 오금동 17-8 1~2층,1522-3232,37.5084904076542,0,705,20131219,Z9999@T05@T08@T16@T17@T20@T21@T30@T34@T36@@@T43@@T56@T57@T64@T65@T69@T71@P80@P90
석촌호수,서울,송파구,01,0114,"서울특별시 송파구 송파동 7-4, 7-5 (석촌호수로 262) 1~3층",1522-3232,37.50957859,0,700,20131210,Z9999@T05@T08@T16@T17@T20@T21@T30@T34@@@T43@T51@T56@T57@T65@T68@T69@T71
잠실푸르지오월드,서울,송파구,01,0114,서울특별시 송파구 신천동 11-4 잠실푸르지오월드마크 1층,1522-3232,37.517287,0,661,20130906,Z9999@T02@T05@T08@T16@T17@T20@T21@T30@T34@T36@@T43@@T56@T57@T64@T65@T69@T71@P80@P90@T09
잠실새내역,서울,송파구,01,0114,서울특별시 송파구 잠실동 181외 3필지,1522-3232,37.511679,0,663,20130912,Z9999@T05@T08@T16@T17@T20@T30@T34@@@T36@T43@T56@T57@T64@T65@T69@T71@P80
잠실역,서울,송파구,01,0114,"서울특별시 송파구 신천동 7-17 웰리스타워,삼성웰리스아파트 (한빛프라자 1층,2층)",1522-3232,37.515272,0,211,20030930,Z9999@@T05@T08@T16@T17@T20@T30@@T36@@T43@T56@T57@T64@T65@T69@T71@P80@P90
갤러리아팰리스,서울,송파구,01,0114,서울특별시 송파구 잠실동 40번지 갤러리아 팰리스,1522-3232,37.511561,0,276,20050330,Z9999@T05@T08@T16@T17@T20@T21@T30@T34@@T36@@T43@T51@@T56@T57@T63@T64@T65@T69@T71@P90@T09
아시아선수촌,서울,송파구,01,0114,서울특별시 송파구 잠실동 175,1522-3232,37.51059,0,270,20050609,Z9999@T05@T08@T16@T17@T20@T30@T34@T36@@@T43@T56@T57@T64@T65@T69@T71@P80@P90
올림픽아파트,서울,송파구,01,0114,서울특별시 송파구 방이동 89-12,1522-3232,37.515315,0,591,20130228,Z9999@T05@T08@T16@T17@T20@T21@T30@@T36@@@T43@@T56@T57@T65@T69@T71@P80@T09
가락본동,서울,송파구,01,0114,서울특별시 송파구 가락동 97-7,1522-3232,37.494812392616524,0,503,20120413,Z9999@T05@T08@T16@T17@T20@T21@T30@@@T43@@T56@T57@T65@T69@T71@P80
석촌역,서울,송파구,01,0114,서울특별시 송파구 석촌동 286-9번지 1층,1522-3232,37.50442905864979,0,344,20100917,Z9999@T05@T08@T16@T17@T20@T21@T30@T34@@@@T43@@T55@T56@T57@T64@T65@T69@T71@P80@T09
가락시장역,서울,송파구,01,0114,서울특별시 송파구 가락동 79번지 롯데캐슬 파인힐 1층,1522-3232,37.49442875605291,0,475,20120120,Z9999@T05@T08@T16@T17@T20@T21@T30@T34@@@T43@@T56@T57@T65@T69@T71@P80@T09
가든파이브,서울,송파구,01,0114,서울특별시 송파구 문정동 292 가든파이브툴 지하1층,1522-3232,37.477974676564614,0,405,20110630,Z9999@T05@T08@T16@T17@T20@T30@T34@T36@@@T43@T51@T57@T64@T65@T69@T71@P40@T09
문정역2번출구,서울,송파구,01,0114,"서울특별시 송파구 문정동 55-6번지, B102~B103호",1522-3232,37.48629340180307,0,2274,20240530,Z9999@T05@T08@T16@T17@T20@T21@T30@T34@T36@T43@T51@@T56@T57@T65@T69@T71@P80@T09
잠실본동,서울,송파구,01,0114,"서울특별시 송파구 잠실동 196-8외 1필지, 1층",1522-3232,37.5086445885442,0,2142,20230530,Z9999@T05@T08@T16@T17@T20@T30@T34@T36@T43@T51@T56@T57@T65@T69@T71
송파NC,서울,송파구,01,0114,서울특별시 송파구 문정동 634 가든파이브라이프 패션관1층,1522-3232,37.47790894730962,0,1825,20210719,T05@T08@T16@T17@T20@T30@T34@@T51@T56@T57@T65@T69@P40@P80@T09
잠실트리지움,서울,송파구,01,0114,서울특별시 송파구 잠실동 35-2 트리지움,1522-3232,37.5109647,0,2447,20250828,T05@T16@T17@T20@T21@T30@T34@T43@T57@T64@T65@T66@T69@T71@P80
송파거여역,서울,송파구,01,0114,서울특별시 송파구 거여동 21-8,1522-3232,37.49360000716603,0,1986,20220616,T05@T08@T16@T17@T20@T21@T30@T34@@T36@T43@T51@@T56@T57@T64@T65@T69@T71@P80
몽촌토성역,서울,송파구,01,0114,서울특별시 송파구 방이동 44-3 현대토픽스,1522-3232,37.516913,0,1674,20200717,Z9999@T05@T08@T16@T17@T20@T21@T30@T34@@@T36@T56@T57@T64@T65@T69
잠실학원사거리,서울,송파구,01,0114,서울특별시 송파구 삼전동 1 삼전빌딩,1522-3232,37.5073157,0,2457,20250926,Z9999@T05@T08@T16@T17@T20@T21@T30@T34@T43@T51@T56@T57@T65@T69@T71
잠실르엘,서울,송파구,01,0114,"서울특별시 송파구 신천동 17-6 104, 105, 106",1522-3232,37.51595,0,2531,20260326,Z9999@T05@T08@T16@T17@T20@T21@T30@T34@T43@T51@T56@T57@T65@T69@T71
송파KT,서울,송파구,01,0114,"서울특별시 송파구 신천동 29-1, 오피스빌딩 1층 2~4호",1522-3232,37.51394208,0,1867,20210910,Z9999@T05@T08@T16@T17@T20@T21@T30@T34@@T36@T51@T56@T57@T64@T65@T69
송파풍납,서울,송파구,01,0114,서울특별시 송파구 풍납동 403-2 도원빌딩,1522-3232,37.5290304826608,0,2561,20260430,T05@T08@T16@T17@T20@T21@T30@T34@T43@@T56@T57@T65@T67@T69@T71
문정법조타운 한양타워,서울,송파구,01,0114,서울특별시 송파구 문정동 641-11 한양타워,1522-3232,37.485796586165364,0,2132,20230519,Z9999@T05@T08@T16@T17@T20@T21@T30@T34@@T43@T51@@T56@T57@T64@T65@T69@T71@T09
잠실래미안아이파크,서울,송파구,01,0114,서울특별시 송파구 신천동 20-4,1522-3232,37.519191562610914,0,2543,20260417,Z9999@T05@T08@T16@T17@T20@T21@T30@T34@T43@T51@T56@T57@T65@T69@T71
송파마천사거리DT,서울,송파구,01,0114,서울특별시 송파구 마천동 43-1,1522-3232,37.499829,0,1694,20200825,Z9999@T01@T05@T08@T16@T17@T20@T21@T30@T34@@T36@@T56@T57@T65@T69@P90@T09
목동파리공원,서울,양천구,01,0115,서울특별시 양천구 목동 907-18,1522-3232,37.535336,0,1556,20191017,Z9999@T05@T08@T16@T17@T20@T21@T30@T34@T36@@T43@T56@T57@T65@T69@T71@P90
등촌역,서울,양천구,01,0115,서울특별시 양천구 목동 602-2,1522-3232,37.548884,0,1420,20181012,Z9999@T05@T08@T16@T17@T20@T21@T30@@T36@@@T56@T57@T65@T69@P80@P90
목동행복한,서울,양천구,01,0115,서울특별시 양천구 목동 917-6 행복한세상,1522-3232,37.52972767740793,0,1408,20180828,Z9999@T05@T08@T16@T17@T20@T21@T30@T34@@@T43@T56@T57@T65@T69@T71@P90@T09
신정DT,서울,양천구,01,0115,서울특별시 양천구 신정동 981-15,1522-3232,37.521993,0,1315,20171222,Z9999@T01@T05@T08@T16@T17@T20@T21@T30@T34@@@@T36@T43@T56@T57@T65@T69@T71@P90@T09
목동역,서울,양천구,01,0115,서울특별시 양천구 신정동 900-10,1522-3232,37.526684,0,1254,20170816,Z9999@T05@T08@T16@T17@T20@T21@T30@@@@T36@T43@T56@T57@T64@T65@T69@T71@P70@P80@T09
목동오목로,서울,양천구,01,0115,서울특별시 양천구 목동 406-4 현대프라자,1522-3232,37.525923,0,1113,20160922,T05@T08@T16@T17@T20@T21@T30@@@T36@@T43@@T56@T57@T65@T69@T71@P80
목동8단지,서울,양천구,01,0115,서울특별시 양천구 신정동 319-23 토피아빌딩,1522-3232,37.520518,0,1151,20161221,Z9999@T05@T08@T16@T17@T20@T21@T22@T30@T36@@@@T43@T56@T57@T65@T69@T71@P90
오목교역,서울,양천구,01,0115,서울특별시 양천구 목동 404-13,1522-3232,37.523855929257174,0,957,20150729,Z9999@T05@T08@T16@T17@T20@T21@T30@@T36@@@T43@T56@T57@T65@T69@T71@P80@T09
신월IC DT,서울,양천구,01,0115,서울특별시 양천구 신월동 205-49,1522-3232,37.529502437956104,0,953,20150723,Z9999@T01@T05@T08@T16@T17@T20@T30@T34@@@@T43@T56@T57@T65@T69@T71@T09
목동7단지,서울,양천구,01,0115,서울특별시 양천구 목동 923 세신비젼프라자,1522-3232,37.528012,0,862,20141128,Z9999@T05@T08@T16@T17@T20@T21@T30@T34@@T36@@@T43@T51@T56@T57@T65@T69@T71@P90@T09
목동5단지,서울,양천구,01,0115,서울특별시 양천구 목동 908-34 부영그린타운3차 1동 116호,1522-3232,37.5363856363692,0,625,20130610,Z9999@T05@T08@T16@T17@T20@T21@T30@T34@@T36@@T43@T51@T56@T57@T65@T69@T71@P90@T09
목동,서울,양천구,01,0115,서울특별시 양천구 목동 907-4 우성에펠타운(우성에펠타운빌딩),1522-3232,37.53638383,0,249,20040723,T05@T08@T16@T17@T20@T21@T30@T34@@T36@@@T43@T51@T56@T57@T65@T69@T71@P90@T09
현대목동,서울,양천구,01,0115,서울특별시 양천구 목동 916 현대하이페리온 (현대백화점 목동점 지하2층),1522-3232,37.526627173612354,0,190,20020830,T05@T08@T16@T17@T20@T30@T34@@@T36@@T51@T56@T57@T65@T69@P40@P80@T09
목동SBS,서울,양천구,01,0115,"서울특별시 양천구 목동 920, 101호, 201호",1522-3232,37.52896162444895,0,2166,20230921,Z9999@T05@T08@T16@T17@T20@T21@T30@T34@T36@@T51@T56@T57@T64@T65@T69@P90@T09
목동트라팰리스,서울,양천구,01,0115,서울특별시 양천구 목동 962 목동트라팰리스,1522-3232,37.5255,0,1679,20200728,Z9999@T05@T08@T16@T17@T20@T21@T30@T34@T36@@@T56@T57@T65@T69@P90@T09
신정네거리역 1번출구,서울,양천구,01,0115,"서울특별시 양천구 신정동 1182-11 103호, 104호",1522-3232,37.517709929242365,0,2558,20260430,T05@T08@T16@T17@T20@T21@T30@T34@T43@T56@T57@T65@T67@T71@P80
목동10단지,서울,양천구,01,0115,"서울특별시 양천구 신정동 324-7 대림아크로빌, 상가A동 101,101-1호",1522-3232,37.515425616177,0,1826,20210628,Z9999@T05@T08@T16@T17@T20@T21@T30@T34@@T36@T43@T51@T56@T57@T65@T69@T71@P90
신월동DT,서울,양천구,01,0115,서울특별시 양천구 신월동 52-14,1522-3232,37.5382923530559,0,1808,20210528,Z9999@T01@T05@T08@T16@T17@T20@T30@T34@@T43@T56@T57@T65@T69@T71@P90
타임스퀘어R,서울,영등포구,01,0116,서울특별시 영등포구 영등포동4가 442 타임스퀘어,1522-3232,37.51809815438478,0,1551,20191030,Z9999@T03@T05@T08@T16@T17@T20@T26@T29@T30@T34@@@@T37@T39@T41@T42@T56@T57@T65@T69@P40@P60@P80@P90@T09
샛강역,서울,영등포구,01,0116,서울특별시 영등포구 여의도동 55-2,1522-3232,37.51832551004046,0,1495,20190508,Z9999@T05@T08@T16@T17@T20@T21@T30@T34@@@T56@T57@T64@T65@T69@P80@P90@T09
영등포역,서울,영등포구,01,0116,서울특별시 영등포구 영등포동1가 143-3 영등포 J&amp;S,1522-3232,37.517020000646795,0,1462,20190124,Z9999@T05@T08@T16@T17@T20@@T30@T34@@@T36@@T43@T56@T57@T65@T69@T71@P40@P60@P80@P90
당산대로,서울,영등포구,01,0116,서울특별시 영등포구 당산동6가 217-2,1522-3232,37.533121,0,1390,20180626,Z9999@T05@T08@T16@T17@T20@T21@T30@@@@T43@@T56@T57@T65@T69@T71@P80@P90
여의도IFC몰(L1)R,서울,영등포구,01,0116,서울특별시 영등포구 여의도동 23 서울 국제금융 센터 지하1층 178호,1522-3232,37.525386315990104,0,1350,20180320,Z9999@T03@T05@T08@T16@T17@T20@T26@T29@T30@T33@T34@@@T36@T37@T39@T41@T42@T56@T57@T64@T65@T69@P40@P80@T09
여의도KBS R,서울,영등포구,01,0116,서울특별시 영등포구 여의도동 17-9,1522-3232,37.526596,0,1334,20180124,Z9999@T03@T05@T08@T16@T17@T20@T21@T26@T29@T30@@@@T37@T39@T41@T42@T56@T57@T65@T69@P80@P90
국회대로,서울,영등포구,01,0116,서울특별시 영등포구 여의도동 14 B&B타워,1522-3232,37.53026,0,1241,20170704,T05@T08@T16@T17@T20@T21@T30@@@T36@@T56@T57@T64@T65@T69@P80@P90
영등포KT,서울,영등포구,01,0116,서울특별시 영등포구 영등포동8가 35-1,1522-3232,37.526419,0,1147,20161215,Z9999@T05@T08@T16@T17@T20@T21@T30@T34@@T36@@T43@@T56@T57@T65@T69@T71@@P90@T09
여의도공원R,서울,영등포구,01,0116,서울특별시 영등포구 여의도동 12 C.C.M.M빌딩,1522-3232,37.529129532990446,0,1141,20161222,Z9999@T03@T05@T08@T16@T17@T20@T21@@T26@T29@T30@T34@T36@@@@T37@T39@T41@T42@T43@T56@T57@T64@T65@T69@T71@T09
국회의사당역,서울,영등포구,01,0116,서울특별시 영등포구 여의도동 17-3 삼환까뮤빌딩,1522-3232,37.52805409993459,0,1124,20161020,Z9999@T05@T08@T16@T17@T20@T21@T30@T34@@@@T43@T56@T57@T64@T65@T69@T71@P80@P90
여의도역R,서울,영등포구,01,0116,서울특별시 영등포구 여의도동 23-6   1층,1522-3232,37.523328,0,1037,20160217,Z9999@T03@T05@T08@T16@T17@T20@T21@T26@T29@T30@@T34@@@@T37@T39@T41@T42@T56@T57@T64@T65@T69@P80@P90
선유동이레빌딩,서울,영등포구,01,0116,서울특별시 영등포구 양평동4가 2 이레빌딩,1522-3232,37.534277678053385,0,1045,20160324,Z9999@T05@T08@T16@T17@T20@T21@T30@T34@@T36@@@T43@T51@T56@T57@T64@T65@T69@T71@T75@P90@T09
동여의도,서울,영등포구,01,0116,서울특별시 영등포구 여의도동 43-4 롯데캐슬 아이비(롯데캐슬IVY),1522-3232,37.52063015571123,0,892,20150130,Z9999@T05@T08@T16@T17@T20@T21@T30@T34@@@T43@T51@T55@@T56@T57@T63@T64@T65@T69@T71@P90@T09
여의도ABL타워,서울,영등포구,01,0116,서울특별시 영등포구 여의도동 45-21 알리안츠타워,1522-3232,37.518916067553775,0,852,20141114,T05@T08@T16@T17@T20@T21@T30@T34@@@T43@T51@@T56@T57@T64@T65@T69@T71@P80@P90@T09
영등포신길,서울,영등포구,01,0116,"서울특별시 영등포구 신길동 252-9, 1,2층",1522-3232,37.504566,0,849,20141030,Z9999@T05@T08@T16@T17@T20@T30@T34@@@@T43@@T56@T57@T65@T69@T71@P90@T09
문래역,서울,영등포구,01,0116,서울특별시 영등포구 문래동3가 55-5 1~2층,1522-3232,37.517446,0,851,20141104,Z9999@T05@T08@T16@T17@T20@T21@T30@T34@@@T36@T43@T51@T56@T57@T63@T64@T65@T69@T71@P80@P90@T09
당산,서울,영등포구,01,0116,서울특별시 영등포구 당산동6가 338-1,1522-3232,37.53510012434575,0,725,20140127,Z9999@T05@T08@T16@T17@T20@T21@T30@@@@T43@@@T56@T57@T64@T65@T69@T71@P80@P90
여의도한양증권,서울,영등포구,01,0116,서울특별시 영등포구 여의도동 34-11 한양증권,1522-3232,37.522394620369006,0,723,20140124,T05@T08@T16@T17@T20@T21@T30@T34@@T36@@T51@T56@T57@T64@T65@T69@P90
여의도일신,서울,영등포구,01,0116,서울특별시 영등포구 여의도동 15-15 1층 1,1522-3232,37.52774993247095,0,701,20131212,T05@T08@T16@T17@T20@T21@T30@T34@T36@@@@T43@T51@@T56@T57@T64@T65@T69@T71@P80@P90
하이테크시티,서울,영등포구,01,0116,서울특별시 영등포구 문래동3가 55-20 에이스하이테크시티,1522-3232,37.51445587278118,0,73,20070625,T05@T08@T16@T17@T20@T21@@T30@T34@T36@@@T43@T51@@@T57@T64@T65@T69@T71@P90@T09
여의도,서울,영등포구,01,0116,서울특별시 영등포구 여의도동 23-9,1522-3232,37.524085774422,0,153,20001009,Z9999@T05@T08@T16@T17@T20@T21@@T30@T34@@@@T56@T57@T64@T65@T69@P80@P90
롯데캐슬여의도,서울,영등포구,01,0116,서울특별시 영등포구 여의도동 36 롯데캐슬엠파이어 1층 104호,1522-3232,37.52025214,0,268,20050715,@T05@T08@T16@T17@T20@T21@T30@T34@@T36@@T43@@T57@T64@T65@T69@T71@P80@P90@T09
문래동,서울,영등포구,01,0116,서울특별시 영등포구 문래동3가 77-1번지 대창타운빌 1층,1522-3232,37.519602,0,323,20100617,Z9999@T05@T08@T16@T17@T20@T21@T30@T34@T36@@T43@@T56@T57@T64@T65@T69@T71@P90
여의도호성,서울,영등포구,01,0116,서울특별시 영등포구 여의도동 44-22 호성빌딩1층,1522-3232,37.52047777728472,0,375,20110329,Z9999@T02@T05@T08@T16@T17@T20@T21@T30@T34@@@T43@@T57@T64@T65@T69@T71@P80@P90
타임스퀘어B2,서울,영등포구,01,0116,서울특별시 영등포구 영등포동4가 442번지 타임스퀘어 단지 지하2층,1522-3232,37.517675204879275,0,414,20110704,Z9999@T05@T08@T16@T17@T20@T30@@T36@@T57@T64@T65@T69@P40@P80@T09
영등포본동,서울,영등포구,01,0116,"서울특별시 영등포구 영등포동3가 2-21, 2-28 우성타워",1522-3232,37.518713,0,329,20100722,Z9999@T05@T08@T16@T17@T20@@T30@T34@@T36@T43@T51@@T56@T57@T65@T69@T71@P90
타임스퀘어2F,서울,영등포구,01,0116,서울특별시 영등포구 영등포동4가 442 타임스퀘어,1522-3232,37.51760768533779,0,295,20090916,Z9999@T05@T08@@T17@T20@T30@T34@T36@@T56@T57@T65@T69@P40@P80@T09
여의도의사당,서울,영등포구,01,0116,서울특별시 영등포구 여의도동 13-19 국민의힘,1522-3232,37.530023,0,342,20100915,Z9999@T05@T08@T16@T17@T20@T21@T30@T34@@T36@@@T43@T51@T56@T57@T64@T65@T69@T71@P90
여의도IFC(1F),서울,영등포구,01,0116,서울특별시 영등포구 여의도동 23 및 23-1 국제금융센터 TWO IFC 1층,1522-3232,37.525273,0,573,20121224,Z9999@T05@T08@T16@T17@T20@T21@T30@T34@@T36@@T51@T56@T57@T63@T64@T65@T69@P40@P80@P90@T09
여의도교직원공제회,서울,영등포구,01,0116,서울특별시 영등포구 여의도동 35-3 한국교직원공제회관,1522-3232,37.52191490479988,0,2282,20240619,Z9999@T05@T08@T16@T17@T20@T21@T30@T34@T51@T56@T57@T64@T65@T69@P80@P90
여의도원센티널,서울,영등포구,01,0116,서울특별시 영등포구 여의도동 23-2 여의도 신한투자증권타워 1층,1522-3232,37.52505178939928,0,1874,20211013,Z9999@T05@T08@T16@T17@T20@T21@T30@T34@@T43@T51@@T56@T57@T63@T64@T65@T69@T71@P80@P90@T09
여의도한강공원,서울,영등포구,01,0116,서울특별시 영등포구 여의도동 85-1 한강버스 여의도선착장 3층,1522-3232,37.528930002444795,0,2444,20250806,Z9999@T05@T08@T16@T17@T20@T21@T30@T34@T51@T56@T57@T63@@T64@T65@T68@T69
SSG.COM,서울,영등포구,01,0116,서울특별시 영등포구 영등포동4가 79 KB영등포타워,1522-3232,37.519509353638526,0,2542,20260330,T05@T08@T16@T17@T20@T21@T30@T34@T56@T57@T64@T65@T66
선유도역 1번출구,서울,영등포구,01,0116,서울특별시 영등포구 양평동5가 64-1,1522-3232,37.538333,0,1780,20210325,Z9999@T05@T08@T16@T17@T20@T21@T30@T34@@T36@@T56@T57@T64@T65@T69@P80@P90
여의도IFC몰(L2)STREET,서울,영등포구,01,0116,서울특별시 영등포구 여의도동 23 서울 국제금융 센터 IFC몰 L2 S15,1522-3232,37.52392601037006,0,2468,20250926,T05@T08@T16@T17@T20@T21@T27@@T34@T51@T56@T57@T64@T65@T66@T69@P40@P80
영등포시장역,서울,영등포구,01,0116,서울특별시 영등포구 영등포동7가 47-3 에즈파이낸스빌딩,1522-3232,37.52348590615082,0,1968,20220421,T02@T05@T08@T16@T17@T20@T21@T30@T34@@T36@T43@T51@@@T57@T65@T69@T71@P80@P90
영등포구청역,서울,영등포구,01,0116,서울특별시 영등포구 당산동3가 393 외 2필지 1층,1522-3232,37.527967742744615,0,1770,20210305,Z9999@T05@T08@T16@T17@T20@T21@T30@T34@@T36@@T56@T57@T64@T65@T69@P80@P90@T09
서울양평역,서울,영등포구,01,0116,서울특별시 영등포구 양평동1가 247 영등포 중흥 S-CLASS,1522-3232,37.523128,0,1851,20210819,Z9999@T05@T08@T16@T17@T20@T21@T30@T34@@@T51@T56@T57@T65@T69@P80@P90
영등포시장교차로,서울,영등포구,01,0116,서울특별시 영등포구 영등포동6가 1-14,1522-3232,37.5204239,0,1778,20210319,T05@T08@T16@T17@T20@T21@T30@T34@@T36@@T43@T57@T65@T69@T71@P90
63 Sky Picnic,서울,영등포구,01,0116,서울특별시 영등포구 여의도동 60 63한화생명빌딩,1522-3232,37.51988698321943,0,2581,20260604,Z9999@T05@T08@T16@T17@T20@T21@T30@T34@T51@T56@T57@T68@T69@T75@P40@T09
영등포구청역5호선,서울,영등포구,01,0116,서울특별시 영등포구 당산동3가 522-3,1522-3232,37.524600044877665,0,2557,20260430,T05@T08@T16@T17@T20@T21@T30@T34@T43@T56@T57@T65@T67@T69@T71@P80
더현대서울(B2)R,서울,영등포구,01,0116,서울특별시 영등포구 여의도동 22 파크원,1522-3232,37.5258834618679,0,1762,20210224,T03@T05@T08@T16@T17@T20@T26@T29@T30@T34@T36@@@T37@T39@T41@T42@T56@T57@T64@T65@T69@P40@P80@P90
여의도브라이튼,서울,영등포구,01,0116,"서울특별시 영등포구 여의도동 525 브라이튼 여의도, 1층",1522-3232,37.5241006226166,0,2272,20240529,Z9999@T05@T08@T16@T17@T20@T21@T30@T34@T36@T43@T51@T56@T57@T64@T65@T69@T71@P90
여의도TP타워,서울,영등포구,01,0116,서울특별시 영등포구 여의도동 27-2,1522-3232,37.52140431074032,0,2271,20240529,Z9999@T05@T08@T16@T17@T20@T21@T30@T34@T51@T56@T57@T64@T65@T68@T69@P80@P90@T09
보라매역,서울,영등포구,01,0116,"서울특별시 영등포구 신길동 508-2, 1층",1522-3232,37.50018761793066,0,2552,20260417,Z9999@T05@T08@T16@T17@T20@T30@T34@T43@T51@T56@T57@T65@T69@T71@P80@P90
당산역사거리,서울,영등포구,01,0116,서울특별시 영등포구 당산동5가 16-7,1522-3232,37.534146117725875,0,1714,20200929,Z9999@T05@T08@T16@T17@T20@T21@T30@T34@T36@@@T43@@T56@T57@T65@T69@T71@P80@P90
신풍역,서울,영등포구,01,0116,서울특별시 영등포구 신길동 424-3,1522-3232,37.5003469620528,0,2175,20230830,Z9999@T05@T08@T16@T17@T20@T21@T30@T34@@T43@T51@T56@T57@T57@T65@T69@T71@P80@P90
불광역,서울,은평구,01,0117,서울특별시 은평구 대조동 15-9 WB은평타워,1522-3232,37.609382,0,1508,20190613,Z9999@T05@T08@T16@T17@T20@T30@T43@T56@T57@T64@T65@T69@T71@P80@P90@T09
구파발사거리,서울,은평구,01,0117,서울특별시 은평구 진관3로 21 은평엘크루 101동 105-108호,1522-3232,37.639617,0,1336,20180202,Z9999@T05@T08@T16@T17@T20@T21@T30@T34@@@@T43@@T56@T57@T64@T65@T69@T71@P80@P90
연신내역사거리,서울,은평구,01,0117,서울특별시 은평구 불광동 308-1 범서빌딩,1522-3232,37.618773940257306,0,1304,20171204,Z9999@T05@T08@T16@@T17@T20@T30@@@@T57@T65@T69@P80@P90@T09
연신내,서울,은평구,01,0117,서울특별시 은평구 갈현동 395-6,1522-3232,37.6202305,0,1179,20170228,Z9999@T05@T08@T16@T17@T20@T21@T30@T34@@@T43@@T56@T57@T65@T69@T71@P80@P90
구파발역,서울,은평구,01,0117,서울특별시 은평구 진관동 100-6,1522-3232,37.63446,0,951,20150723,Z9999@T05@T08@T16@T17@T20@T21@T30@T34@@@@T56@T57@T64@T65@T69@T75@P80@P90@T09
은평구청입구,서울,은평구,01,0117,서울특별시 은평구 응암동 96-1 외 3필지 (은평로 170),1522-3232,37.601042,0,775,20140515,Z9999@T05@T08@T16@T17@T20@T21@T30@T34@@@@T43@T51@T56@T57@T64@T65@T69@T71@P90@T09
은평이마트,서울,은평구,01,0117,서울특별시 은평구 응암동 90-1,1522-3232,37.60037923,0,235,20051011,Z9999@T08@T16@T17@T20@T30@T34@T43@T51@@T57@T65@T69@T71@P40@P90@T09
구산역,서울,은평구,01,0117,서울특별시 은평구 대조동 224-14외 2필지,1522-3232,37.611745,0,529,20120629,Z9999@T05@T08@T16@T17@T20@T21@T30@T34@@@@T43@T56@T57@T64@T65@T69@T71@P80@P90
불광역8번출구,서울,은평구,01,0117,서울특별시 은평구 불광동 267,1522-3232,37.61199,0,2208,20231110,T05@T08@T16@T17@T20@T21@T30@T34@T43@T51@T56@T57@T65@T69@T71@P80@P90
응암역2번출구,서울,은평구,01,0117,"서울특별시 은평구 역촌동 85-1, 102호",1522-3232,37.6006318,0,2389,20250328,Z9999@T05@T08@T16@T17@T20@T21@T30@T34@T36@T43@T51@T56@T57@T63@T65@T69@T71@P80
수색,서울,은평구,01,0117,서울특별시 은평구 수색동 30-2,1522-3232,37.58006406944348,0,1963,20220420,T05@T08@T16@T17@T20@T21@T30@T34@@T43@T51@@T56@T57@T65@T69@T71@P90
새절역,서울,은평구,01,0117,서울특별시 은평구 신사동 338-4,1522-3232,37.5894266730207,0,2088,20230215,Z9999@T05@T08@T16@T17@T20@T21@T30@T34@T43@T51@T56@T57@T64@T65@T69@T71@T09
더북한산,서울,은평구,01,0117,서울특별시 은평구 진관동 277-11,1522-3232,37.6554576593266,0,2087,20230215,T05@T08@T16@T17@T20@T21@T30@T34@T36@T47@T51@T56@T57@T65@T69@T72@P90@T09
녹번역,서울,은평구,01,0117,서울특별시 은평구 녹번동 19-121 은평 미드스퀘어,1522-3232,37.603307621312325,0,2042,20221006,T05@T08@T16@T17@T20@T21@T30@T34@T36@T43@T51@T56@T57@T64@T65@T69@T71@P80@P90@T09
진관DT,서울,은평구,01,0117,서울특별시 은평구 진관동 2-8 스타벅스진관DT,1522-3232,37.6501787,0,1956,20220405,Z9999@T01@T05@T08@T16@T17@T20@T21@T30@T34@T36@T43@T51@@T56@T57@T65@T69@T71@P90@T09
연신내역5번출구,서울,은평구,01,0117,서울특별시 은평구 대조동 198-4 유니온빌딩,1522-3232,37.6181353632704,0,2388,20250321,T05@T08@T16@T17@T20@T21@T30@T34@T43@@T56@T57@@T65@T67@T69@T71@P80@P90
연합뉴스,서울,종로구,01,0118,서울특별시 종로구 수송동 110 연합뉴스빌딩,1522-3232,37.57462713751161,0,1472,20190227,T05@T16@T17@T20@T21@T30@@@T36@@T43@@T56@T57@T65@T69@T71@T09
혜화역,서울,종로구,01,0118,서울특별시 종로구 동숭동 1-31 동덕빌딩 1~2층,1522-3232,37.5824779,0,1429,20181106,Z9999@T05@T08@T16@T17@T20@T21@T30@@T36@@@T56@T57@T64@T65@T69@P80@P90
경희궁로,서울,종로구,01,0118,서울특별시 종로구 당주동 128-27 동원빌딩,1522-3232,37.571759,0,1528,20190808,T05@T08@T16@T17@T20@T21@T30@T34@@@T36@@T43@@T56@T57@T64@T65@T69@T71@P80@P90
강북삼성병원,서울,종로구,01,0118,서울특별시 종로구 평동 108-1외 19필지 강북삼성병원 C동 미래의학관 5층,1522-3232,37.568377,0,1622,20200319,T05@T08@T16@T17@T20@T21@T30@T34@T36@T57@T64@T65@T69@P70
종로평창동,서울,종로구,01,0118,서울특별시 종로구 평창동 182-11 나라빌딩,1522-3232,37.60614770769474,0,1427,20181031,Z9999@T05@T08@T16@T17@T20@T21@T30@T36@@@@T43@@T56@T57@T64@T65@T69@T71@P90
광화문우체국,서울,종로구,01,0118,서울특별시 종로구 서린동 154-1 광화문우체국,1522-3232,37.57000686119245,0,1359,20180410,T05@T08@T16@T17@T20@T21@T30@@@T36@@T43@@T56@T57@T64@T65@T69@T71@P90
종로R,서울,종로구,01,0118,서울특별시 종로구 종로2가 6 종로타워,1522-3232,37.57079158478462,0,1305,20171220,Z9999@T03@T05@T08@T12@T16@T17@T20@@T26@T27@T29@T30@@@T36@@T37@@T39@T41@T42@T56@T57@T64@@T69@P40@P80@P90@T09
독립문역,서울,종로구,01,0118,서울특별시 종로구 교북동 126 경희궁자이 4단지 1층 팰리스애비뉴 4114~4119호,1522-3232,37.571432,0,1320,20180109,Z9999@T05@T08@T12@T16@T17@T20@T21@T30@T36@@@@T56@T57@T64@T65@T69@P40
정부서울청사R,서울,종로구,01,0118,서울특별시 종로구 적선동 156 광화문플래티넘,1522-3232,37.574621312530724,0,1333,20180122,Z9999@T03@T05@T08@T16@T17@T20@T21@T26@T29@T30@@T34@T36@@@@T37@T39@T41@T42@T43@@T56@T57@T64@T65@T69@T71@P80@P90
북촌로,서울,종로구,01,0118,서울특별시 종로구 계동 101-14 1~3층,1522-3232,37.579419015932245,0,843,20141021,T05@T08@T16@T17@T20@T21@T30@T34@@@T36@@T43@T51@@T56@T57@T65@T69@T71@P90
종로수송,서울,종로구,01,0118,서울특별시 종로구 청진동 19 1~3층,1522-3232,37.57165162614545,0,836,20140929,Z9999@T05@T08@T16@T17@T20@T21@T30@T34@@@T36@T56@T57@T64@T65@T69@P80
새문안로,서울,종로구,01,0118,서울특별시 종로구 신문로1가 163 광화문오피시아빌딩(광화문오피시아),1522-3232,37.569914,0,804,20140630,T05@T08@T16@T17@T20@T21@@T30@T34@@@T36@@T43@@T56@T57@T64@T65@T69@T71@P60@P80
삼청동,서울,종로구,01,0118,서울특별시 종로구 삼청동 112,1522-3232,37.58541226323984,0,788,20140612,T05@T08@T16@T17@T20@T30@@@T36@@T43@@T56@T57@T65@T69@T71
적선,서울,종로구,01,0118,"서울특별시 종로구 적선동 66, 노스게이트빌딩 1층",1522-3232,37.57527012561527,0,189,20020915,Z9999@T05@T08@T12@T16@T17@T20@T21@T30@T34@@T36@@@T56@T57@T64@T65@T69@P80@P90@T09
인사,서울,종로구,01,0118,서울특별시 종로구 인사동 39,1522-3232,37.57220884263517,0,164,20010810,Z9999@T05@T08@T16@T17@T20@T30@@@@T36@T56@T57@T64@T65@T69@P90
광화문,서울,종로구,01,0118,서울특별시 종로구 세종로 185-2 현대빌딩 (현대해상본사사옥 별관내),1522-3232,37.571254401637304,0,178,20020225,Z9999@@T05@T08@T16@T17@T20@@@T27@@T30@@T34@@T36@@@@T51@T56@T57@T64@T65@T69@P80
스페이스본,서울,종로구,01,0118,서울특별시 종로구 사직동 9 광화문 풍림스페이스본,1522-3232,37.575106,0,111,20080130,T05@T08@T16@T17@T20@T21@T30@@@@T36@T43@@T57@T65@T69@T71@T09
주얼리시티,서울,종로구,01,0118,서울특별시 종로구 인의동 48-2 효성주얼리시티,1522-3232,37.571491020417625,0,109,20061123,Z9999@T05@T08@T16@T17@T20@T21@T30@@@T36@@T56@T57@T64@T65@T69@P40
종각,서울,종로구,01,0118,서울특별시 종로구 종로2가 84-10,1522-3232,37.57001689280663,0,45,20060726,Z9999@T05@T08@T16@T17@T20@T21@T30@@T36@@T43@@T56@T57@T64@T65@T69@T71@P80@P90
동숭로아트,서울,종로구,01,0118,서울특별시 종로구 동숭동 30번지,1522-3232,37.582969,0,434,20110907,Z9999@T05@T08@T16@T17@T20@T21@T30@T36@@@T56@T57@T65@T69@P90
종로관철,서울,종로구,01,0118,서울특별시 종로구 관철동 12-15번지 2층,1522-3232,37.56913634091145,0,352,20101124,Z9999@T02@T05@T08@T16@T17@T20@T21@T30@T36@@@@T43@T56@T57@T64@T65@T69@P80
경복궁역,서울,종로구,01,0118,서울특별시 종로구 통의동 35-41 1층,1522-3232,37.5771508,0,351,20101119,Z9999@T05@T08@T16@T17@T20@T21@T30@T34@@T36@@@T51@T56@T57@T65@T69@P80@T09
이마빌딩,서울,종로구,01,0118,서울특별시 종로구 수송동 146-1번지,1522-3232,37.5738637,0,401,20110628,T05@T08@T16@T17@T20@T21@T30@@T36@@@T43@@T56@T57@T64@T65@T69@T71@P90@T09
마로니에공원,서울,종로구,01,0118,서울특별시 종로구 동숭동 1-115번지 1-2층,1522-3232,37.58154296,0,301,20091222,Z9999@T05@T08@T16@T17@T20@T30@T36@@@@T56@T57@T65@T69@P20@P80
종로3가,서울,종로구,01,0118,서울특별시 종로구 종로3가 9-3번지 1-4층,1522-3232,37.57056485920516,0,330,20100723,Z9999@T05@T08@T16@T17@T20@T21@T30@T34@T36@@@T43@T51@T57@T65@T69@T71@P80@P90
대학로,서울,종로구,01,0118,서울특별시 종로구 연건동 128-8 홍익대학교 대학로캠퍼스 內,1522-3232,37.5764916392943,0,578,20130115,Z9999@T05@T08@T12@T16@T17@T20@T21@T30@T34@T36@@@@T51@T56@T57@T64@T65@T69@T09
경복궁사거리,서울,종로구,01,0118,서울특별시 종로구 중학동 14번지 트윈트리타워B동 101호,1522-3232,37.575615939508076,0,383,20110414,T05@T08@T16@T17@T20@@T21@T30@T34@@T36@T51@T56@T57@T63@T64@T65@T69@P90@T09
종로관수,서울,종로구,01,0118,서울특별시 종로구 관수동 3-5번지,1522-3232,37.56971102439499,0,572,20121221,Z9999@T05@T08@T16@T17@T20@T21@T30@@@@T57@T64@T65@T69
그랑서울,서울,종로구,01,0118,서울특별시 종로구 청진동 70 그랑서울,1522-3232,37.57078676546426,0,2426,20250626,T05@T08@@T20@T21@@T36@T51@@T57@T64@T65@T66@T69
광화문교보문고,서울,종로구,01,0118,서울특별시 종로구 종로1가 1 교보생명빌딩 지하1층,1522-3232,37.571017,0,2014,20220831,T05@T08@T16@T17@T20@T21@T30@T34@T36@@T51@T56@T57@T64@T65@T69@P80@P90@T09
광장마켓,서울,종로구,01,0118,서울특별시 종로구 예지동 2-1,1522-3232,37.57020711871311,0,2414,20250529,Z9999@T05@T08@T12@T16@T17@T20@T22@T30@T34@T36@T51@T56@T57@T65@T68@T69
성대입구,서울,종로구,01,0118,서울특별시 종로구 명륜4가 196-1,1522-3232,37.582751,0,2567,20260529,Z9999@T05@T08@T16@T17@T20@T21@T30@T34@T43@T51@T56@T57@T65@T69@T71@P20
KT광화문웨스트B1F,서울,종로구,01,0118,서울특별시 종로구 세종로 100 KT 광화문 빌딩 West,1522-3232,37.5721422,0,2452,20250828,T05@T08@T16@T17@T20@T21@T30@T34@T36@T51@T56@T57@T64@T65@T69
정동,서울,종로구,01,0118,서울특별시 종로구 신문로2가 89-27 피어선빌딩,1522-3232,37.568846,0,1809,20210526,T05@T08@T16@T17@T20@T21@T30@T34@T36@@@T43@T56@T57@T64@T65@T69@T71
종로플레이스,서울,종로구,01,0118,서울특별시 종로구 인의동 28-2 종로플레이스,1522-3232,37.57305,0,1838,20210728,T05@T08@T16@T17@T20@T21@T30@T34@T36@T51@T56@T57@T64@T65@T69@T09
강북삼성병원1층,서울,종로구,01,0118,서울특별시 종로구 평동 108-1외 12필지 강북삼성병원 효석관(본관) 1층,1522-3232,37.568546,0,1833,20210713,@T20@T21@T30@T34@@T36@@T51@T56@T57@T64@T65@T69@T74@P70
동숭길입구,서울,종로구,01,0118,서울특별시 종로구 혜화동 90-18 혜화동씨티밸리 101호,1522-3232,37.584191,0,1660,20200619,Z9999@T05@T08@T16@T17@T20@T21@T30@T34@@T36@T56@T57@T65@T69@P20@P80@P90
서울대치과병원,서울,종로구,01,0118,서울특별시 종로구 연건동 275-1 서울대학교 치과병원 신관1층,1522-3232,37.577331,0,1729,20201203,T05@T08@T12@T16@T17@T20@T30@T34@T36@@@T56@T57@T65@T69@T73@P40@P70@P90
서대문적십자,서울,종로구,01,0118,서울특별시 종로구 평동 164 서울적십자병원 별관 상가동 1층 B호,1522-3232,37.56678781817199,0,2363,20241226,T05@T08@T16@T17@T20@T21@T30@T34@@T36@T43@T51@T56@T57@T64@T65@T66@T69@T71@P70@P80
리저브광화문,서울,종로구,01,0118,서울특별시 종로구 세종로 100 KT 광화문 빌딩 West,1522-3232,37.57242596212652,0,2451,20250828,Z9999@T03@T08@T16@T17@T20@T21@T26@T29@T33@T34@T36@T37@T39@T41@T47@T57@T69@P80
서대문역,서울,종로구,01,0118,서울특별시 종로구 평동 222 디타워(돈의문),1522-3232,37.566875328512566,0,1794,20210428,Z9999@T05@T08@T16@T17@T20@T21@T30@T34@T36@@@T51@T56@T57@T64@T65@T69@P80@P90
숭례문북창,서울,중구,01,0119,서울특별시 중구 남대문로4가 17-19,1522-3232,37.561725,0,1426,20181031,Z9999@T05@T08@T16@T17@T20@T21@T30@T34@T36@@@T56@T57@T64@T65@T69@P80@P90
을지로4가역,서울,중구,01,0119,"서울특별시 중구 을지로4가 323 118호,119호,202호 일부",1522-3232,37.56634407411786,0,1569,20191114,Z9999@T05@T08@T16@T17@T20@T21@T30@T34@T36@@T56@T57@T64@T65@T69@P80@P90@T09
동대문두타,서울,중구,01,0119,서울특별시 중구 을지로6가 18-12 두산타워빌딩,1522-3232,37.5691,0,1543,20190919,Z9999@T05@T08@T16@T17@T20@T30@T34@@T36@@@T56@T57@T65@T69@P40@P90@T09
대한상공회의소R,서울,중구,01,0119,서울특별시 중구 남대문로4가 45 대한서울상공회의소 1층,1522-3232,37.560938,0,1496,20190529,Z9999@T03@T05@T08@T16@T17@T20@T26@T29@T30@T34@T36@@@T42@T56@T57@T64@T65@T69
국립중앙의료원,서울,중구,01,0119,서울특별시 중구 을지로6가 18-131 을지회관,1522-3232,37.566516,0,1419,20181012,Z9999@T05@T08@T16@T17@T20@T30@T34@@@@T56@T57@T64@T65@T69@P70@P80@P90
동국대,서울,중구,01,0119,서울특별시 중구 충무로5가 90,1522-3232,37.561542,0,1367,20180524,Z9999@T05@T08@T16@T17@T20@T21@T30@@@T36@@T43@T56@T57@T65@T69@T71@P20@P70@P90@T09
동대문공원,서울,중구,01,0119,서울특별시 중구 광희동1가 185-1,1522-3232,37.565133,0,1177,20170228,Z9999@T05@T08@T16@T17@T20@T30@T34@@@@T43@@T56@T57@T64@@T65@T69@@P80@P90
을지로국제빌딩,서울,중구,01,0119,서울특별시 중구 다동 111 국제빌딩,1522-3232,37.566952,0,1245,20170725,Z9999@T05@T20@T21@T30@@@@T57@T64@T65@T69@P80
동대입구역,서울,중구,01,0119,서울특별시 중구 장충동1가 62-35 종이나라빌딩,1522-3232,37.5596804372304,0,1140,20161208,Z9999@T05@@T08@T16@T17@T20@T21@@T30@@@T36@@T43@T56@T57@T64@T65@T69@T71@P80@P90
신당역사거리,서울,중구,01,0119,서울특별시 중구 흥인동 86 KT 동대문지사,1522-3232,37.565807,0,1096,20160728,Z9999@T05@T08@T16@T17@T20@T30@T34@@T36@@@@T43@T56@T57@T65@T69@T71@P80@P90@T09
연세세브란스,서울,중구,01,0119,서울특별시 중구 남대문로5가 84-11 연세세브란스빌딩,1522-3232,37.557207,0,1101,20160818,Z9999@T05@T08@T16@T17@T20@T21@T30@T34@@@T36@T56@T57@T64@T65@T69@P80
회현역,서울,중구,01,0119,"서울특별시 중구 회현동1가 206 리더스뷰남산 107,108호",1522-3232,37.55947242829924,0,1001,20151103,Z9999@T05@T08@T16@T17@T20@T30@T34@@@@T43@T51@T56@T57@T64@T65@T69@T71@P80@T09
을지로경기빌딩,서울,중구,01,0119,서울특별시 중구 삼각동 115 경기빌딩,1522-3232,37.56707721942303,0,994,20151028,Z9999@T05@T08@T16@T17@T20@T21@@T30@T34@@@@T51@T56@T57@T64@T65@T69@P80
을지로2가,서울,중구,01,0119,서울특별시 중구 을지로2가 88-5,1522-3232,37.566347,0,1065,20160525,Z9999@T05@T08@T16@T17@T20@T30@@@@T57@T64@T65@T69@P80@T09
신세계본점6F,서울,중구,01,0119,서울특별시 중구 충무로1가 52-5 신세계백화점건물,1522-3232,37.560381,0,1063,20160512,T05@T08@T16@T17@T20@T30@T34@@T36@@T56@T57@T64@T65@T69@P80@T09
서울중앙우체국,서울,중구,01,0119,서울특별시 중구 충무로1가 21-1 서울중앙우체국,1522-3232,37.561678,0,998,20151027,Z9999@T05@T08@T16@T17@T20@T30@T34@T36@@@@T51@T56@T57@T64@T65@T69@P40@P80@P90
한국프레스센터,서울,중구,01,0119,서울특별시 중구 태평로1가 25 프레스센터,1522-3232,37.56724756017782,0,1047,20160328,Z9999@T05@T08@T16@T17@T20@T21@T30@@@T56@T57@T64@T65@T69@P80@P90@T09
명동중앙로,서울,중구,01,0119,서울특별시 중구 명동2가 2-16,1522-3232,37.5637485,0,920,20150428,Z9999@T05@T08@T16@T17@T20@T30@T34@T36@@@@T51@T56@T57@T64@T65@T69@T73@P80
약수역,서울,중구,01,0119,서울특별시 중구 신당동 374-27,1522-3232,37.555437,0,883,20150122,T05@T08@T16@T17@T20@T21@T30@T34@T36@T51@T56@T57@T64@T65@T69@P80@P90
중구저동,서울,중구,01,0119,서울특별시 중구 저동2가 24-1,1522-3232,37.5643686,0,874,20141223,Z9999@T05@T08@T16@T17@T20@T21@T30@T36@@T43@T56@T57@T64@T65@T69@T71@P80@P90@T09
명동길,서울,중구,01,0119,서울특별시 중구 충무로2가 7-1,1522-3232,37.5620695,0,866,20141217,Z9999@T05@T08@T16@T17@T20@@T30@T34@T36@@T56@T57@T64@T65@T69@T73@P60@P80
서소문로,서울,중구,01,0119,서울특별시 중구 서소문동 75 대한빌딩,1522-3232,37.563006,0,845,20141029,Z9999@@T05@T08@T16@T17@T20@@@T30@T34@@T36@@T51@T56@T57@T64@T65@T69@P80@T09
신당역,서울,중구,01,0119,서울특별시 중구 흥인동 132번지 1층,1522-3232,37.5654033985295,0,678,20131022,Z9999@@T05@T08@T16@T17@T20@T30@T36@@@@T43@T56@T57@T65@T69@T71@P80@P90
숭례문,서울,중구,01,0119,서울특별시 중구 남대문로5가 6-1번지 그레이츠 숭례 1층,1522-3232,37.55874473,0,219,20040329,Z9999@T05@T08@T16@T17@T20@T21@T30@T34@T36@@T43@T51@@T56@T57@T64@T65@T69@T71@P80@T09
순화동더샵,서울,중구,01,0119,서울특별시 중구 순화동 151번지  1층,1522-3232,37.56006304299174,0,71,20070615,T05@T08@T16@T17@T20@T21@T30@@@@T56@T57@T64@T65@T69@T09
환구단,서울,중구,01,0119,서울특별시 중구 소공동 87-10,1522-3232,37.56448620899717,0,234,20051020,Z9999@T05@T08@T12@T16@T17@T20@T21@@T30@T34@@@T36@@T43@@T56@T57@T64@T65@T69@T71@P80@P90
무교동,서울,중구,01,0119,서울특별시 중구 무교동 45 코오롱빌딩,1522-3232,37.567928021468916,0,179,20020308,Z9999@T05@T08@T16@T17@T20@@T30@T34@@@@T51@T56@T57@T64@T65@T69@T73@P80@T09
문화일보,서울,중구,01,0119,서울특별시 중구 충정로1가 68 문화일보(문화일보사건물),1522-3232,37.56712291,0,187,20020627,T05@T08@T16@T17@T20@T21@T30@@@T36@T43@@T57@T64@T65@T69@T71@P80
태평로,서울,중구,01,0119,서울특별시 중구 태평로2가 69-7 대영빌딩 1층,1522-3232,37.56248285,0,181,20020418,Z9999@T05@T08@T16@T17@T20@T30@@@@T36@T51@T56@T57@T64@T65@T69@P80
퍼시픽타워,서울,중구,01,0119,서울특별시 중구 서소문동 135 퍼시픽타워 1층,1522-3232,37.56132157,0,213,20031027,T05@T08@T16@T17@T20@T21@T30@T34@@T36@T56@T57@T64@T65@T69@P80@T09
남산단암,서울,중구,01,0119,서울특별시 중구 남대문로5가 단암빌딩 120번지,1522-3232,37.55853622,0,289,20090929,T05@T08@T16@T17@T20@T30@T34@T36@@@@T51@T56@T57@@T65@T69@P80@P90
황학캐슬,서울,중구,01,0119,서울특별시 중구 황학동 2545 롯데캐슬베네치아,1522-3232,37.5714,0,106,20080725,T05@T08@T16@T17@T20@T30@T34@T36@@@T43@T51@@T56@T57@T65@T69@T71@P40@T09
을지로삼화타워,서울,중구,01,0119,서울특별시 중구 을지로2가 204 삼화타워 1층,1522-3232,37.566902,0,491,20120320,Z9999@T05@T08@T16@T17@T20@T21@T30@@T36@@@T56@T57@T64@T65@T69@P80@T09
소공로,서울,중구,01,0119,서울특별시 중구 소공동 70번지 삼영빌딩 1층일부,1522-3232,37.563883,0,581,20130125,Z9999@T05@T08@T16@T17@T20@T30@T36@@@T51@T56@T57@T64@T65@T69
을지로한국빌딩,서울,중구,01,0119,서울특별시 중구 을지로2가 198번지 1층,1522-3232,37.565722,0,382,20110411,Z9999@T05@T08@T16@T17@T20@T30@T34@@T36@T51@T56@T57@T64@T65@T69@P80@P90
시청,서울,중구,01,0119,서울특별시 중구 을지로1가 50 삼성화재 삼성빌딩1층,1522-3232,37.56629,0,513,20120502,T05@T08@T16@T17@T20@T21@T30@T36@@@T43@T51@@T56@T57@T64@T65@T69@T71@P80
명동역,서울,중구,01,0119,서울특별시 중구 충무로1가 25-52 건물전체,1522-3232,37.5608622201549,0,583,20130130,Z9999@T05@T08@T16@T17@T20@T30@@@@T36@T57@T64@@T65@T69@P80
장충라운지R,서울,중구,01,0119,"서울특별시 중구 장충동1가 48-16,48-17,48-46,48-15,48-49,48-14",1522-3232,37.561036913264,0,2305,20240912,T03@T08@T16@T20@T26@T29@T33@T34@T36@T37@T41@T57@T69@T09
충무로,서울,중구,01,0119,서울특별시 중구 필동1가 43-1,1522-3232,37.5614959808102,0,2192,20230922,Z9999@T05@T08@T16@T17@T20@T30@T34@T36@@T51@T56@T57@T64@T65@T69@P80
이마트타워,서울,중구,01,0119,서울특별시 중구 순화동 53 신한L서울타워,1522-3232,37.5607434636967,0,2129,20230502,T05@T08@T16@T17@T20@T21@T30@T34@T36@@T51@T56@T57@T64@T65@T69@P80
동호로,서울,중구,01,0119,서울특별시 중구 신당동 372-3,1522-3232,37.553478403261,0,2241,20240307,Z9999@T05@T08@T16@T17@T20@T21@T30@T34@T36@@T43@T51@T56@T57@T65@T69@T71@P80@P90
무교로,서울,중구,01,0119,서울특별시 중구 무교동 32-2 남강건설회관빌딩,1522-3232,37.56722071682264,0,1724,20201029,Z9999@T05@T08@T16@T17@T20@T21@T30@T34@@@T36@T56@T57@T64@T65@T69@P80@P90
순화동경찰청앞,서울,중구,01,0119,서울특별시 중구 순화동 1-152,1522-3232,37.56402669741036,0,2569,20260508,T05@T08@T16@T17@T20@T21@T30@T34@T43@T51@T56@T57@T64@T65@T69@T71
청계크리스탈스퀘어,서울,중구,01,0119,서울특별시 중구 수표동 47-1,1522-3232,37.5679,0,1942,20220318,Z9999@T05@T08@T16@T17@T20@T21@T30@T34@@T36@T51@T56@T57@T64@T65@T69@P80@T09
그랜드센트럴,서울,중구,01,0119,서울특별시 중구 남대문로5가 253,1522-3232,37.5581293,0,1692,20200820,Z9999@T05@T08@T16@T17@T20@T21@T30@T34@@@T36@T56@T57@T64@T65@T69@T73@P80@T09
세종대로,서울,중구,01,0119,서울특별시 중구 태평로1가 62-12 조흥금융박물관,1522-3232,37.5685951382056,0,2044,20221026,T05@T08@T16@T17@T20@T21@T30@T34@@T36@T51@T56@T57@T64@T65@T69
시청역11번출구,서울,중구,01,0119,서울특별시 중구 서소문동 26 경서빌딩,1522-3232,37.56377593074396,0,2455,20250829,T05@T08@T16@T17@@T20@T21@T30@T34@T36@T43@T51@T57@T64@T65@T66@T69@T71@P80
동대문디자인플라자,서울,중구,01,0119,"서울특별시 중구 을지로7가 2-1, B2층 F1호",1522-3232,37.5675,0,2051,20221026,Z9999@T05@T08@T16@T17@T20@T30@T34@T36@@T51@T56@T57@T64@T65@T69@P80@P90@T09
우리은행본점B1F,서울,중구,01,0119,서울특별시 중구 회현동1가 203 (주)우리은행본점,1522-3232,37.55958972504453,0,2480,20251127,T05@T16@T17@T20@T21@@T34@T36@T51@T56@T57@T64@T66@T69
별다방,서울,중구,01,0119,서울특별시 중구 회현동2가 88 스테이트타워 남산,1522-3232,37.5602013,0,1779,20210326,Z9999@T03@T05@T08@T16@T17@T20@T26@T27@T29@T30@T34@T36@T37@T39@T41@T42@T47@T56@T57@T64@T65@T69@P80@T09
동대문역사문화공원역,서울,중구,01,0119,서울특별시 중구 광희동2가 37,1522-3232,37.5648779123195,0,2446,20250828,Z9999@T05@T08@T16@T17@T20@T30@T34@T36@T43@T51@T56@T57@T65@T66@@T69@T71@P80@P90
포포인츠명동,서울,중구,01,0119,서울특별시 중구 저동2가 89 포포인츠바이쉐라톤서울명동,1522-3232,37.5657211,0,1830,20210708,T30@@T34@T36@@@T51@T57@T65@T66@T69@P80
한국은행교차로,서울,중구,01,0119,서울특별시 중구 남대문로2가 111-1 프리즈마111 1층,1522-3232,37.562263,0,2430,20250626,Z9999@T05@T08@T16@T17@T20@T30@T34@T36@T43@T51@T56@T57@T64@T65@T69@T71@P90
명동남산,서울,중구,01,0119,서울특별시 중구 남산동3가 13-31 경양빌딩,1522-3232,37.560809,0,1720,20201015,Z9999@T05@T08@T16@T17@T20@T30@T34@T36@@T56@T57@T64@T65@T69@P80@P90
명동메트로,서울,중구,01,0119,서울특별시 중구 을지로2가 199-33 메트로호텔,1522-3232,37.565118,0,777,20140520,Z9999@T05@T08@T16@T17@T20@T30@@T36@@@T57@T64@T65@T69@P80
명일역,서울,강동구,01,0120,서울특별시 강동구 명일동 312-28,1522-3232,37.55255451856903,0,1445,20181213,Z9999@T05@T08@T16@T17@T20@T21@T30@@T36@T43@@T56@T57@T64@T65@T69@T71@P80@P90
강동구청DT,서울,강동구,01,0120,서울특별시 강동구 성내동 550,1522-3232,37.52938776679806,0,1506,20190613,Z9999@T01@T08@T16@T17@T20@T30@@@T36@T56@T57@T65@T69@P80@P90@T09
강동암사DT,서울,강동구,01,0120,서울특별시 강동구 암사동 441-12,1522-3232,37.555073228709134,0,1474,20190228,Z9999@T01@T08@T16@T17@T20@T30@@T36@T43@@T56@T57@T65@T69@T71@P90@T09
굽은다리역,서울,강동구,01,0120,서울특별시 강동구 명일동 353-2 원일타워,1522-3232,37.54526203653031,0,1645,20200522,Z9999@T05@T08@T16@T17@T20@T21@T30@T34@@@T36@T43@@T56@T57@T64@T65@T69@T71@P80@P90
강동역,서울,강동구,01,0120,서울특별시 강동구 천호동 447-17 강동 헤르셔,1522-3232,37.536047,0,1102,20160825,Z9999@T05@T08@T16@T17@T20@T21@T30@T34@T36@@@T56@T57@T64@T65@T69@P80@P90
둔촌동,서울,강동구,01,0120,서울특별시 강동구 성내동 441-2 평원빌딩,1522-3232,37.52264171306811,0,1046,20160322,Z9999@T05@T08@T16@T17@T20@T21@T30@T34@@T36@@T43@T51@@T56@T57@T65@T69@T71@P90
천호이마트,서울,강동구,01,0120,서울특별시 강동구 천호동 455-4 이마트별관,1522-3232,37.538984278389535,0,743,20140228,Z9999@@T05@T08@T16@T17@T20@T30@T34@@T36@T43@@T56@T57@T65@T69@T71@P80@P90@T09
길동역,서울,강동구,01,0120,서울특별시 강동구 길동 378-3,1522-3232,37.53870166831661,0,789,20140613,Z9999@T05@T08@T16@T17@T20@T21@T30@T34@@@@T36@T43@T51@@T56@T57@T64@T65@T69@T71@P80@P90@T09
상일동,서울,강동구,01,0120,"서울특별시 강동구 상일동 501, 1~2층",1522-3232,37.550948358388766,0,677,20131023,Z9999@T05@T08@T16@T17@T20@T21@T30@T34@@T36@@T43@T51@@T56@T57@T64@T65@T69@T71@P90@T09
명일이마트,서울,강동구,01,0120,서울특별시 강동구 명일동 47-7 명일이마트별관주차장,1522-3232,37.55417877236837,0,766,20140424,Z9999@@T05@T08@T16@T17@T20@T30@T34@T36@@@T43@@T56@T57@T64@T65@T69@T71@P70@P80@P90@T09
상일동역,서울,강동구,01,0120,서울특별시 강동구 고덕동 210-1 고덕센트럴푸르지오,1522-3232,37.55756654027894,0,1754,20210115,Z9999@T05@T08@T16@T17@T20@T21@T30@T34@T36@@@T43@T56@T57@T64@T65@T69@T71@P80@P90
천호사거리,서울,강동구,01,0120,서울특별시 강동구 천호동 431-4 예경빌딩,1522-3232,37.539702,0,1682,20200730,Z9999@T05@T08@T16@T17@T20@T21@T30@T34@T36@@@T43@T56@T57@T64@T65@T69@T71@P80@P90
강동그란츠,서울,강동구,01,0120,"서울특별시 강동구 성내동 15 근생 1-6, 1-7",1522-3232,37.536825,0,2466,20250919,Z9999@T05@T08@T16@T17@T20@T21@T30@T34@T36@T43@T51@T56@T57@T65@@@T69@T71@@P70@P80
강일역,서울,강동구,01,0120,"서울특별시 강동구 강일동 723, 1층",1522-3232,37.55747468801038,0,2015,20220802,T05@T08@T16@T17@T20@T21@T30@T34@T36@@T43@T51@@T56@T57@T64@T65@T69@T71@P80@P90@T09
올림픽공원북2문,서울,강동구,01,0120,서울특별시 강동구 성내동 448-8 다성빌딩 1층,1522-3232,37.5241832,0,1843,20210805,Z9999@T05@T08@T16@T17@T20@T21@T30@T34@T36@@@T51@T56@T57@T64@T65@T69
둔촌포레온스테이션5,서울,강동구,01,0120,"서울특별시 강동구 둔촌동 170-1 포레온스테이션5 1063, 1064",1522-3232,37.52670891095929,0,2467,20250926,Z9999@T05@T08@T16@T17@T20@T21@T30@T34@T36@T43@T51@T56@T57@T64@T65@T71@T74
둔촌포레온9,서울,강동구,01,0120,서울특별시 강동구 둔촌동 174-1 올림픽파크포레온,1522-3232,37.5200613967404,0,2576,20260531,Z9999@T05@T08@T16@T17@T20@T21@T27@T30@T34@T43@T56@T57@T64@T65@T66@T69@T71
암사역,서울,강동구,01,0120,서울특별시 강동구 암사동 501 암사역,1522-3232,37.55128201526835,0,2358,20241220,T05@T08@T16@T17@T20@T21@T30@T34@T36@T43@T51@@T56@T57@T63@T64@T65@T69@T71@P80@P90@T09
이케아강동,서울,강동구,01,0120,서울특별시 강동구 고덕동 353-23,1522-3232,37.5662615261099,0,2392,20250417,Z9999@T05@T08@T16@T17@T20@T21@T30@T34@T36@T43@T51@T56@T57@T63@T64@T65@T69@T71@T09
강동강일,서울,강동구,01,0120,서울특별시 강동구 강일동 75-12 경서프라자,1522-3232,37.57219483916046,0,2307,20240822,T05@T08@T16@T17@T20@T21@T30@T34@T36@T43@T51@T56@T57@@T64@T65@T69@T71@T09
천호대로길동,서울,강동구,01,0120,서울특별시 강동구 길동 457-4 서울특별시 강동구 천호대로 1131 (길동),1522-3232,37.534651,0,1700,20201008,Z9999@T05@T08@T16@T17@T20@T21@T30@T34@@T36@@T56@T57@T64@T65@T69@P90
구로디지털타워,서울,구로구,01,0121,서울특별시 구로구 구로동 222-7 코오롱디지털타워빌란트 101호,1522-3232,37.483472189,0,1182,20170308,Z9999@T05@T08@T16@T17@T20@T21@T30@@@T57@T64@T65@T69@P80@P90@T09
오류동역,서울,구로구,01,0121,서울특별시 구로구 오류동 55-50,1522-3232,37.4962155,0,787,20140610,Z9999@T05@T08@T16@T17@T20@T21@T30@T34@@@T43@T51@@T56@T57@T65@T69@T71@P80@P90
구로디지털로,서울,구로구,01,0121,서울특별시 구로구 구로동 191-7번지 에이스테크노타워8차 1층,1522-3232,37.485699173,0,657,20130827,Z9999@T05@T08@T16@T17@T20@T21@T30@@@T43@T51@@T56@T57@T64@T65@T69@T71@P80@P90@T09
구로에이스,서울,구로구,01,0121,서울특별시 구로구 구로동 212-1 에이스트윈타워1 103호,1522-3232,37.484233766,0,28,20060516,Z9999@T05@T08@T16@T17@T20@T21@T30@@T36@T43@@T57@T64@T65@T69@T71@P80@P90@T09
구로하이엔드,서울,구로구,01,0121,서울특별시 구로구 구로동 235-2 에이스하이엔드타워 103호,1522-3232,37.481618,0,333,20100819,T05@T08@T16@T17@T20@T21@T30@T34@@T36@T51@T57@T64@T65@T69@P90@T09
포포인츠구로,서울,구로구,01,0121,서울특별시 구로구 구로동 1128-1 포포인츠바이쉐라톤 구로 1층,1522-3232,37.4831293,0,568,20121126,Z9999@T05@T08@T16@T17@T20@T21@T30@T34@@T36@T43@T57@T64@T65@T69@T71@P80@P90
신도림센터포인트,서울,구로구,01,0121,"서울특별시 구로구 구로동 3-25 신도림테크노마트웨스트 지하1층 오01호, 오02호",1522-3232,37.5077416944406,0,2433,20250820,Z9999@T05@T08@T16@T17@T20@T30@T34@T36@T51@T56@T57@@T64@T65@T69@P80@T09
구로고척,서울,구로구,01,0121,서울특별시 구로구 고척동 72-59 외 6필지,1522-3232,37.49706,0,1868,20210909,Z9999@T05@T08@T16@T17@T20@T21@T30@T34@T36@@T51@T56@T57@T65@T69@P70@P90@T09
구로NC,서울,구로구,01,0121,서울특별시 구로구 구로동 573 구로NC,1522-3232,37.501219,0,1690,20200907,Z9999@T05@T08@T16@T17@T20@T30@T34@@@T43@@T56@T57@T64@T65@T69@T71@P40@P80@P90@T09
구로오류DT,서울,구로구,01,0121,서울특별시 구로구 오류동 271,1522-3232,37.4881292318832,0,2036,20221007,Z9999@T01@T05@T08@T16@T17@T20@T30@T34@T36@@T51@T56@T57@T65@T69@P90@T09
구로구청,서울,구로구,01,0121,"서울특별시 구로구 구로동 81-1, 81-2,81-,3 스페스큐브, B101호",1522-3232,37.49395067031256,0,1996,20220630,Z9999@T05@T08@T16@T17@T20@T21@T30@T34@T36@@T43@T51@@T56@T57@T65@T69@T71@P70@P90
고척아이파크,서울,구로구,01,0121,"서울특별시 구로구 고척동 100-7 고척아이파크, 1층 D-101호",1522-3232,37.49930562934076,0,2081,20230119,Z9999@T05@T08@T16@T17@T20@T30@T34@@T43@T51@@T56@T57@T64@T65@T69@T71@P40@P90@T09
신도림힐스테이트,서울,구로구,01,0121,서울특별시 구로구 신도림동 433-24 힐스테이트 신도림역 센트럴,1522-3232,37.506860026202624,0,2290,20240627,Z9999@T05@T08@T16@T17@T20@T21@T30@T34@T36@T43@T51@T56@T57@T65@T69@T71@T09
답십리역,서울,동대문구,01,0122,서울특별시 동대문구 답십리동 497-67,1522-3232,37.568466,0,1203,20170411,Z9999@T05@T08@T16@T17@T20@T21@T30@T34@@@@T43@@T56@T57@T64@T65@T69@T71@P80@P90
경희대삼거리,서울,동대문구,01,0122,서울특별시 동대문구 회기동 60-40,1522-3232,37.591531,0,1226,20170523,Z9999@T05@T08@T16@T17@T20@T21@T30@@@T36@@T43@@T56@T57@T65@T69@T71@P20
신설동역,서울,동대문구,01,0122,서울특별시 동대문구 신설동 76-10,1522-3232,37.5767228,0,952,20150722,Z9999@T05@T08@T16@T17@T20@T21@T30@T34@T36@@@@T56@T57@T64@T65@T69@P80
회기역사거리,서울,동대문구,01,0122,"서울특별시 동대문구 회기동 346-18, 36",1522-3232,37.590784,0,784,20140528,Z9999@T05@T08@T16@T17@T20@T21@T30@@@@T36@T43@@T56@T57@T65@T69@T71@P20@P80@P90@T09
장한평역,서울,동대문구,01,0122,서울특별시 동대문구 장안동 433-7,1522-3232,37.562337,0,485,20120227,Z9999@T05@@T08@T16@T17@T20@@T30@T34@@T36@@@T43@T51@T55@@T56@T57@T63@T64@T65@T69@T71@P80@P90
경희대,서울,동대문구,01,0122,서울특별시 동대문구 회기동 16-41 지하1층~지상3층,1522-3232,37.5928812,0,345,20100930,Z9999@T05@T08@T16@T17@T20@T21@T30@T34@@T36@@@T43@@T56@T57@T64@T65@T69@T71@P20@P90
청량리역롯데캐슬스카이,서울,동대문구,01,0122,서울특별시 동대문구 전농동 620-47 청량리역 롯데캐슬 SKY-L65,1522-3232,37.579249267,0,2219,20231219,Z9999@T05@T08@T16@T17@T20@T21@T30@T34@@T51@T56@T57@T65@T69
경희의료원,서울,동대문구,01,0122,서울특별시 동대문구 회기동 1-5 경희의료원,1522-3232,37.5935445,0,2386,20250228,T05@T08@T16@T17@T20@T21@T30@T34@T36@T51@T56@T57@T64@@T65@T69@T74@P70
경동1960,서울,동대문구,01,0122,서울특별시 동대문구 제기동 1036경동시장 3~4층,1522-3232,37.5796141021494,0,2070,20221216,Z9999@T05@T08@@T12@T16@T17@T20@T30@T34@@T36@T47@T51@T56@T57@T69@P90
사이버한국외대,서울,동대문구,01,0122,서울특별시 동대문구 이문동 288-50,1522-3232,37.5960508006499,0,2340,20241029,Z9999@T05@T08@T16@T17@T20@T21@T30@T34@T36@T43@T51@T56@T57@@T65@T69@T71@P20
청량리역사,서울,동대문구,01,0122,서울특별시 동대문구 전농동 588-1 청량리역사 Connect Place 6층,1522-3232,37.580565324,0,1797,20210422,Z9999@T05@T08@T16@T17@T20@T21@T30@T34@@@T56@T57@T64@T65@T69@P60@P80@T09
답십리초교사거리,서울,동대문구,01,0122,서울특별시 동대문구 답십리동 266-1,1522-3232,37.5682540295405,0,2246,20240307,T05@T08@T16@T17@T20@T21@T30@T34@T36@T43@T51@T56@T57@T65@T69@T71@P90
장안사거리,서울,동대문구,01,0122,서울특별시 동대문구 장안동 295-6 1층 전제,1522-3232,37.5727209002351,0,2213,20231128,Z9999@T05@T08@T16@T17@T20@T21@T30@T34@@T43@T51@@T56@T57@T65@T69@T71
서울숲역,서울,성동구,01,0123,서울특별시 성동구 성수동1가 656-335 메가박스 스퀘어 1층,1522-3232,37.541868967552624,0,1576,20191128,Z9999@T05@T08@T16@T17@T20@T21@T30@T34@@@@T36@T43@@T56@T57@T64@T65@T69@T71@P80@P90@T09
금호역,서울,성동구,01,0123,서울특별시 성동구 금호동4가 1483,1522-3232,37.54795819607987,0,1594,20191224,Z9999@T05@T08@T16@T17@T20@T21@T30@T34@@T36@@@T43@@T56@T57@T65@T69@T71@P80@P90
뚝섬역,서울,성동구,01,0123,서울특별시 성동구 성수동1가 14-33 정명빌딩,1522-3232,37.546432,0,1288,20171107,Z9999@T05@T08@T16@T17@T20@T21@T30@T36@@@@T43@@T56@T57@T64@T65@T69@T71@P80@P90
황학사거리,서울,성동구,01,0123,서울특별시 성동구 하왕십리동 700 센트라스,1522-3232,37.567598,0,1208,20170421,Z9999@T05@T08@T16@T17@T20@T21@T30@T34@@T36@@@T43@T56@T57@T64@T65@T69@T71@T09
성수역,서울,성동구,01,0123,서울특별시 성동구 성수동2가 317-20 세림빌딩,1522-3232,37.543193,0,1246,20170725,Z9999@T05@T08@@T12@T16@T17@T20@T21@@T30@T34@@@@T43@T51@@T56@T57@T64@T65@T68@T69@T71@T75@P80@P90
상왕십리역,서울,성동구,01,0123,서울특별시 성동구 하왕십리동 1070-3 서울동인병원,1522-3232,37.565169,0,1165,20170117,Z9999@T05@T08@T16@T17@T20@T21@T30@@@@T36@T56@T57@T65@T69@P80
왕십리역,서울,성동구,01,0123,서울특별시 성동구 도선동 58-1,1522-3232,37.5627541,0,919,20150428,Z9999@T05@T08@T16@T17@T20@T21@T30@T34@T36@@@@T51@T56@T57@T65@T69@P60@P80@P90@T09
한양대,서울,성동구,01,0123,"서울특별시 성동구 행당동 31-11 경희빌딩 1,2층",1522-3232,37.55726984,0,160,20010420,T05@T08@T16@T17@T20@@T30@T34@@@T36@T43@@T57@T65@T69@T71@P20@P80@P90@T09
엔터식스,서울,성동구,01,0123,서울특별시 성동구 행당동 168-1 엔터식스몰 B1,1522-3232,37.561863,0,90,20080909,Z9999@T05@T08@T16@T17@T20@T21@T30@T34@@T36@@@T56@T57@T64@T65@T69@P40@P80@T09
신금호역,서울,성동구,01,0123,서울특별시 성동구 금호동1가 122 1~5층 전체,1522-3232,37.55495378704588,0,2062,20221213,T05@T08@T16@T17@T20@T21@T30@T34@@T36@T43@T51@@T56@T57@T65@T69@T71@P80@P90
왕십리역사3F,서울,성동구,01,0123,서울특별시 성동구 행당동 168-151 왕십리민자역사,1522-3232,37.560986,0,2577,20260527,Z9999@T05@T08@T16@T17@T20@T21@T30@T34@T51@T56@T57@T64@T69@T75@P40@P80@P90@T09
뚝섬역교차로,서울,성동구,01,0123,서울특별시 성동구 성수동1가 656-1731 누디트 서울숲,1522-3232,37.547754922352,0,2346,20241115,Z9999@T05@T08@T16@T17@T20@T21@T30@T34@T36@T43@T51@@T56@T57@T64@T65@T68@T69@T71@P80@P90
한양대복지관,서울,성동구,01,0123,서울특별시 성동구 사근동 110 한양대학교 복지관,1522-3232,37.556350643189596,0,2524,20260303,T05@T08@T16@T17@T20@T21@T30@T34@T51@T56@T57@T64@T69@P20@P80
왕십리역9번출구,서울,성동구,01,0123,서울특별시 성동구 행당동 267-23,1522-3232,37.5605427226347,0,2055,20221110,Z9999@T05@T08@T16@T17@T20@T21@T30@T34@@T36@T51@T56@T57@T64@T65@T69@P80@P90
성수,서울,성동구,01,0123,서울특별시 성동구 성수동2가 315-71 1층 103호,1522-3232,37.5444620830457,0,1928,20220225,Z9999@T05@T08@T16@T17@T20@T21@T30@T34@@T36@T43@T51@@T56@T57@T64@T65@T69@T71@T73@P80@P90
옥수,서울,성동구,01,0123,서울특별시 성동구 옥수동 262-1,1522-3232,37.5430298,0,1862,20210902,Z9999@T05@T08@T16@T17@T20@T21@T30@T34@@@T36@T51@T56@T57@T65@T69@P90@T09
성수낙낙,서울,성동구,01,0123,서울특별시 성동구 성수동2가 281-20 성수낙낙 1층 101~107호,1522-3232,37.547326,0,1712,20200929,Z9999@T05@T08@T16@T17@T20@T21@T30@T34@@@T56@T57@T64@T65@T69@P90@T09
효창공원앞역,서울,용산구,01,0124,서울특별시 용산구 효창동 13-2 용산 롯데캐슬 센터포레,1522-3232,37.53896610475044,0,1572,20191115,T05@T08@T16@T17@T20@T21@T30@T34@T36@@T43@T57@T65@T69@T71@P80@P90
서울역서부,서울,용산구,01,0124,서울특별시 용산구 서계동 219-17 서울역풍림아이원플러스,1522-3232,37.555165,0,1655,20200611,Z9999@T05@T08@T16@T17@T20@T21@T30@T34@@T36@T43@@T56@T57@T64@T65@T69@T71@P60@P80@P90
이태원역,서울,용산구,01,0124,"서울특별시 용산구 이태원동 127-6, 127-29",1522-3232,37.534273,0,1415,20180913,Z9999@T05@T08@T16@T17@T20@T30@T36@@@@T43@T56@T57@T64@T65@T69@T71@P80@P90
용산역써밋R,서울,용산구,01,0124,서울특별시 용산구 한강로2가 391 용산푸르지오써밋,1522-3232,37.527433970745434,0,1340,20180228,Z9999@T03@T05@T08@T16@T17@T20@T21@T26@T29@T30@T33@@T36@T42@@T56@T57@T64@T65@T69@P90@T09
이촌,서울,용산구,01,0124,"서울특별시 용산구 이촌동 300-20 101호, 102호, 201호, 202호",1522-3232,37.518605,0,1268,20170929,Z9999@T05@T08@T16@T17@T20@T21@T30@@T36@T43@@T56@T57@T65@T69@T71@P70@P90
신용산역,서울,용산구,01,0124,서울특별시 용산구 한강로2가 342 래미안용산,1522-3232,37.52862590003661,0,1253,20170816,Z9999@T05@T08@T16@T17@T20@T21@@T30@T36@T43@T56@T57@T64@T65@T69@T71@P60@P80@P90
용산파크타워,서울,용산구,01,0124,서울특별시 용산구 용산동5가 24 파크타워,1522-3232,37.523818,0,1170,20170125,T05@T08@T16@T17@T20@T21@T30@@T36@@T43@@T57@T65@T69@T71@P80@P90@T09
남영동,서울,용산구,01,0124,서울특별시 용산구 갈월동 90-8,1522-3232,37.54289238266093,0,1115,20160928,Z9999@T05@T08@T16@T17@T20@T21@T30@T34@@T36@@T43@T51@@T56@T57@T64@T65@T69@T71@P80
한남동R,서울,용산구,01,0124,서울특별시 용산구 한남동 36-7  1층 ~ 2층,1522-3232,37.53485,0,1093,20160720,Z9999@T03@T05@T08@T16@T17@T20@T21@T26@T29@T30@T36@@@@T42@T43@@T57@T65@T69@T71@P90@T09
서울타워,서울,용산구,01,0124,서울특별시 용산구 용산동2가 산1-3 YTN서울타워,1522-3232,37.551102,0,1040,20160229,T05@T08@T16@T17@T20@T30@T36@@T57@T65@T69@P40
서울역동자동,서울,용산구,01,0124,서울특별시 용산구 동자동 45 센트레빌아스테리움서울 KDB생명타워 D동,1522-3232,37.551752,0,746,20140317,Z9999@T05@T08@T16@T17@T20@T21@T30@T34@T36@@T43@T51@T56@T57@T64@T65@T69@T71@T73@P60@P80@T09
순천향입구,서울,용산구,01,0124,서울특별시 용산구 한남동 657-104,1522-3232,37.533394,0,612,20130503,Z9999@T02@T05@T08@T16@T17@T20@T21@@T30@T34@@@@T36@T43@@T56@T57@T64@T65@T69@T71@P70@P90
동빙고,서울,용산구,01,0124,"서울특별시 용산구 동빙고동 10-8, 7-33",1522-3232,37.5290045288412,0,94,20080829,Z9999@T05@T08@T16@T17@T20@T21@T30@@T36@@T56@T57@T65@T69@P90@T09
숙대입구역,서울,용산구,01,0124,서울특별시 용산구 갈월동 69-5 지하1~3층,1522-3232,37.544270832879455,0,370,20110316,Z9999@T05@T08@T16@T17@T20@T21@T30@T36@@T43@T57@T65@T69@T71@P80
용산아이파크몰6F,서울,용산구,01,0124,"서울특별시 용산구 한강로3가 40-999 현대아이파크몰(용산역민자역사), 6층",1522-3232,37.5295804832797,0,257,20041029,Z9999@T05@T08@T16@T17@T20@@T30@@T51@T56@T57@T63@T64@T65@T69@P40@P60@P80@T09
동부이촌동,서울,용산구,01,0124,서울특별시 용산구 이촌동 302-60번지,1522-3232,37.52111,0,522,20120530,Z9999@@T05@T08@T16@T17@T20@T21@T30@T34@T36@@T43@T51@T56@T57@T65@T69@T71@P80
숙명여대정문,서울,용산구,01,0124,서울특별시 용산구 청파동2가 53-12 숙명여자대학교,1522-3232,37.54493793442227,0,2031,20220908,T05@T08@T16@T17@T20@T21@T30@T34@T36@T51@T56@T57@T65@T69@T73@P20@P90
용산해링턴스퀘어,서울,용산구,01,0124,서울특별시 용산구 한강로3가 63-70(용산해링턴스퀘어 상가),1522-3232,37.5265379583476,0,1740,20201210,Z9999@T05@T08@T16@T17@T20@T21@T30@T34@T36@@T43@T56@T57@T65@T69@T71
경리단길,서울,용산구,01,0124,서울특별시 용산구 이태원동 658,1522-3232,37.53854,0,1990,20220616,Z9999@T05@T08@T16@T17@T20@T30@T34@@T36@T43@T51@@T56@T57@T64@T65@T69@T71@P90
서울역사,서울,용산구,01,0124,서울특별시 용산구 동자동 43-205 서울역(철도역),1522-3232,37.55415699928705,0,1798,20210422,Z9999@T08@T16@T17@T20@T30@T34@T36@@T51@T56@T57@T64@T65@T69@P60@P80@P90
용산리첸시아,서울,용산구,01,0124,서울특별시 용산구 원효로1가 133-3 리첸시아 용산,1522-3232,37.538356807073306,0,1673,20200715,Z9999@T05@T08@T16@T17@T20@T21@T30@T34@T36@@T56@T57@T64@T65@T69@P80@P90@T09
용산전자랜드,서울,용산구,01,0124,서울특별시 용산구 한강로3가 16-9 전자랜드 c139호,1522-3232,37.53283405969833,0,1886,20211108,Z9999@T05@T08@T16@T17@T20@T30@T34@T36@@@T51@T56@T57@T64@T65@T69@P90
용산이마트,서울,용산구,01,0124,서울특별시 용산구 한강로3가 40-999 용산이마트 지하2층,1522-3232,37.52970001276223,0,2367,20241227,T05@T16@T17@T20@T30@T34@T36@@T43@T51@T56@T57@T64@T65@@T69@T71@P40@T09
용산아이파크몰1F,서울,용산구,01,0124,서울특별시 용산구 한강로3가 40-999 1층,1522-3232,37.52886848739016,0,2344,20241129,Z9999@T05@T08@T16@T17@T20@T27@T30@T34@T36@T51@T56@T57@T63@T65@T69@P40@P60@T09
상봉,서울,중랑구,01,0125,서울특별시 중랑구 상봉동 79 상봉 듀오트리스 주상복합,1522-3232,37.597842,0,1055,20160414,Z9999@T05@T08@@T16@T17@T20@T21@T30@T34@@@@T43@T51@@T56@T57@T64@T65@T69@T71@P80@P90@T09
중랑역,서울,중랑구,01,0125,서울특별시 중랑구 상봉동 130-3,1522-3232,37.5930326,0,964,20150807,Z9999@T05@T08@T16@T17@T20@T21@T30@T34@@@@T56@T57@T65@T69@P80@P90@T09
중랑구청,서울,중랑구,01,0125,서울특별시 중랑구 신내동 563-3,1522-3232,37.60538908,0,903,20150325,Z9999@T05@T08@T16@T17@T20@T21@T30@T34@@@T43@T56@T57@T65@T69@T71@P90@T09
사가정역,서울,중랑구,01,0125,서울특별시 중랑구 면목동 617-2,1522-3232,37.579594,0,838,20141002,Z9999@T05@T08@@T16@T17@T20@T30@T34@@@@T43@T51@@T56@T57@T64@T65@T69@T71@P80@P90@T09
상봉역,서울,중랑구,01,0125,"서울특별시 중랑구 상봉동 100-2,3,4번지",1522-3232,37.59689,0,493,20120323,Z9999@@T05@T08@T16@T17@T20@T21@T30@T34@@@@T43@T56@T57@T65@T69@T71@P60@P80@P90@T09
면목역,서울,중랑구,01,0125,서울특별시 중랑구 면목동 115-2,1522-3232,37.5878801304033,0,2500,20251216,Z9999@T05@T08@T16@T17@T20@T21@T30@T34@T43@T51@@T56@T57@T65@T69@T71@P80
묵동,서울,중랑구,01,0125,서울특별시 중랑구 묵동 169-12 로프트원 태릉입구역 1층,1522-3232,37.615368,0,1668,20200630,Z9999@T05@T08@T16@T17@T20@T21@T30@T34@@@T43@@T56@T57@T64@T65@T69@T71@P80@P90@T09
망우동,서울,중랑구,01,0125,서울특별시 중랑구 망우동 488-5,1522-3232,37.5995083771241,0,2345,20241128,T05@T08@T16@T17@T20@T21@T30@T34@T43@T51@T56@T57@T65@T69@T71
양원역,서울,중랑구,01,0125,"서울특별시 중랑구 망우동 618 B1~1층일부 B101,B102,101,102  4개호실",1522-3232,37.6066536267232,0,2002,20220825,T05@T08@T16@T17@T20@T21@T30@T34@@T43@T51@@T56@T57@T65@T69@T71@P80@P90@T09
중화역,서울,중랑구,01,0125,"서울특별시 중랑구 중화동 306-68 중화동 HS빌딩 1,2층",1522-3232,37.60170912407773,0,1749,20201222,Z9999@T05@T08@T16@T17@T20@T21@T30@T34@@@T43@@T56@T57@T64@T65@T69@T71@P80@P90
리버사이드대성리DT,경기,가평군,08,0801,경기도 가평군 청평면 대성리 344-22,1522-3232,37.69825440707157,0,2135,20230512,T01@T05@T08@T16@T17@T20@T21@T30@T34@T36@T47@T51@T56@T58@T65@T69@P90@T09
가평설악IC DT,경기,가평군,08,0801,"경기도 가평군 설악면 신천리 554-5, 6, 9, 10",1522-3232,37.67905252127808,0,2163,20230728,Z9999@T01@T05@T08@T16@T17@T20@T30@T34@T36@T47@T51@T56@T58@T58@T65@T69@P01@T09
남이섬,경기,가평군,08,0801,"경기도 가평군 가평읍 달전리 113-4, 11",1522-3232,37.806624,0,1840,20210730,T05@T08@T16@T17@T20@T30@T34@T47@T51@T56@T58@T64@T65@T69@T09
소노캄고양,경기,고양시 일산동구,08,0802,경기도 고양시 일산동구 장항동 1755 소노캄고양웨스트타워,1522-3232,37.662855441267716,0,1596,20191220,Z9999@T05@T08@T16@T17@T20@T21@T30@T34@@T36@@T56@T58@T64@T65@T69@P40@P90@T09
일산애니골DT,경기,고양시 일산동구,08,0802,경기도 고양시 일산동구 풍동 609,1522-3232,37.67487449705626,0,1465,20190129,Z9999@T01@T05@T08@T16@T17@T20@T30@@@T36@T43@@T56@T58@T65@T69@T71@P90@T09
동국대일산병원,경기,고양시 일산동구,08,0802,경기도 고양시 일산동구 식사동 814 동국대학교 일산병원(일산한방병원),1522-3232,37.67645946275437,0,1432,20181120,T05@T08@T16@T17@T20@T30@@T56@T58@@T65@T69@P40@P70
일산풍동DT,경기,고양시 일산동구,08,0802,경기도 고양시 일산동구 풍동 879,1522-3232,37.662091,0,1317,20171220,Z9999@T01@T05@T08@T16@T17@T20@T30@T36@@T43@@T56@T58@T65@T69@T71@T09
백석중앙로,경기,고양시 일산동구,08,0802,경기도 고양시 일산동구 백석동 1237,1522-3232,37.6411,0,1112,20160912,Z9999@T05@T08@T16@T17@T20@T21@T30@@T36@@T43@@T56@T58@T64@T65@T69@T71@P40@P60@P80@T09
일산식사,경기,고양시 일산동구,08,0802,경기도 고양시 일산동구 식사동 1531,1522-3232,37.67817354351826,0,829,20140916,Z9999@T05@T08@T16@T17@T20@T21@T30@T36@@T56@T58@T65@T69@T09
풍산이마트,경기,고양시 일산동구,08,0802,경기도 고양시 일산동구 중산동 1809,1522-3232,37.673769,0,810,20140724,Z9999@@T05@T08@T16@T17@T20@T30@@@T43@@T58@T65@T69@T71@P40@P80@T09
백석역DT,경기,고양시 일산동구,08,0802,경기도 고양시 일산동구 백석동 1296-3번지 1층,1522-3232,37.6439377,0,673,20131010,Z9999@T01@T05@T08@T16@T17@T20@@T30@T34@@T43@T51@@T56@T58@T65@T69@T71@P60@P80@P90
백석,경기,고양시 일산동구,08,0802,경기도 고양시 일산동구 백석동 1332,1522-3232,37.6439259305766,0,779,20140523,Z9999@@T05@T08@T16@T17@T20@T21@T30@@@T43@@T56@T58@T64@T65@T69@T71@P80@T09
라페스타광장,경기,고양시 일산동구,08,0802,경기도 고양시 일산동구 장항동 770-1번지,1522-3232,37.659671,0,631,20130624,Z9999@T05@T08@T16@T17@T20@T21@T30@T34@@@@T43@T51@T56@T58@T65@T69@T71
일산백마,경기,고양시 일산동구,08,0802,경기도 고양시 일산동구 마두동 751,1522-3232,37.6570742,0,986,20150917,Z9999@T05@T08@T16@T17@T20@@T21@T30@T34@@T43@T51@@T56@T58@T64@T65@T69@T71
웨스턴돔B,경기,고양시 일산동구,08,0802,"경기도 고양시 일산동구 장항동 868 웨스텀 돔2 1층119호, 120호, 121호, 122호",1522-3232,37.654405198942015,0,381,20110407,Z9999@T05@T08@T16@T17@T20@T21@T30@T34@T36@@@T43@@T56@T58@T65@T69@T71@P90@T09
마두역,경기,고양시 일산동구,08,0802,경기도 고양시 일산동구 장항동 890-5번지,1522-3232,37.652965,0,490,20120312,Z9999@T05@T08@T16@T17@T20@T21@T30@T34@@T43@T51@@T56@T58@T63@T64@T65@T69@T71@P80
일산동구청,경기,고양시 일산동구,08,0802,경기도 고양시 일산동구 장항동 855 장항동이스턴시티,1522-3232,37.65665,0,1681,20200728,Z9999@T05@T08@T16@T17@T20@T21@T30@T34@@@T36@T43@@T56@T58@T65@T69@T71@P80@T09
고양대로DT,경기,고양시 일산동구,08,0802,경기도 고양시 일산동구 풍동 699-2 창일주유소,1522-3232,37.677601,0,1973,20220701,Z9999@T01@T05@T08@T16@T17@T20@T30@T34@@T36@T43@T51@@T56@T58@T65@T69@T71@P90@T09
일산하늘마을,경기,고양시 일산동구,08,0802,경기도 고양시 일산동구 중산동 1836-3,1522-3232,37.677568477730844,0,1957,20220413,Z9999@T05@T08@T16@T17@T20@T21@T30@T34@@T36@T43@T51@@T56@T58@T65@T69@T71@P90@T09
과천DT,경기,과천시,08,0803,경기도 과천시 중앙동 79,1522-3232,37.43929087256856,0,1449,20181219,Z9999@T01@T05@T08@T16@T17@T20@T30@T34@@@@T56@T58@T65@T69@P90@T09
과천이마트,경기,과천시,08,0803,경기도 과천시 별양동 1-19 이마트 1층,1522-3232,37.4264940536451,0,175,20011222,Z9999@T05@T08@T16@T17@T20@T21@T30@T34@@@@T43@T51@T56@T58@T63@T64@T65@T69@T71@P80@P90@T09
과천,경기,과천시,08,0803,경기도 과천시 중앙동 40-10 고려빌딩 1층,1522-3232,37.428210445654,0,366,20110225,Z9999@T02@T05@T08@T16@T17@T20@T21@T30@T34@@@@T43@@T56@T58@T64@T65@T69@T71@P80@P90
과천지식정보타운,경기,과천시,08,0803,경기도 과천시 갈현동 산32 프리즘스퀘어2,1522-3232,37.413536064557476,0,2306,20240926,T05@T08@T16@T17@T20@T21@T30@T34@T36@T43@T51@T56@T58@T63@T64@T65@T69@T71@T09
과천메가존,경기,과천시,08,0803,"경기도 과천시 갈현동 470-1, 1층 105-1호",1522-3232,37.417218425137236,0,2395,20250408,T05@T08@T16@T17@T20@T21@T30@T34@T36@T43@T51@T56@T58@T63@T64@T65@T69@T71@T09
광명하안대로,경기,광명시,08,0804,경기도 광명시 하안동 35 국민은행,1522-3232,37.4616837,0,1433,20181123,Z9999@T05@T08@T16@T17@T20@T21@T30@@T43@T56@T58@T65@T69@T71@P90
철산역,경기,광명시,08,0804,경기도 광명시 철산동 245-9 웅진빌딩,1522-3232,37.476426639601286,0,1564,20191029,Z9999@T05@T08@T16@T17@T20@T21@T30@T34@@@T56@T58@@T64@T65@T69@P80@P90
광명역,경기,광명시,08,0804,경기도 광명시 일직동 513 광명역써밋플레이스,1522-3232,37.41674051514128,0,1378,20180620,Z9999@T05@T08@T16@T17@T20@T21@T30@T36@@@T43@T56@T58@T64@T65@T69@T71@P60@P90@T09
광명소하DT,경기,광명시,08,0804,경기도 광명시 소하동 1077,1522-3232,37.4348391789342,0,1207,20170413,Z9999@T01@T05@T08@T16@T17@T20@T30@@T43@T56@T58@T65@T69@T71@P90@T09
광명소하,경기,광명시,08,0804,경기도 광명시 소하동 1335,1522-3232,37.448660,0,1243,20170718,Z9999@T05@T08@T16@T17@T20@T21@T30@@T56@T58@@T65@T69@P90
광명사거리역,경기,광명시,08,0804,경기도 광명시 광명동 158-86 광명빌딩,1522-3232,37.479895,0,1168,20170126,Z9999@T05@T08@@T16@T17@T20@T21@T30@T34@@@@T43@@T56@T58@T65@T69@T71@P70@P80@P90
철산로데오,경기,광명시,08,0804,경기도 광명시 철산동 425 가림빌딩,1522-3232,37.4739663,0,1008,20151126,Z9999@T05@T08@T16@T17@T20@T21@T30@T34@T36@@T43@T51@@T56@T58@T65@T69@T71@P80@P90
광명하안,경기,광명시,08,0804,경기도 광명시 하안동 53-3,1522-3232,37.462605,0,842,20141016,Z9999@T05@T08@T16@T17@T20@T21@T30@T34@@T36@@T43@T51@@T56@T58@T65@T69@T71@P70@P90
광명철산,경기,광명시,08,0804,경기도 광명시 철산동 482,1522-3232,37.47538,0,477,20120127,Z9999@T05@T08@T16@T17@T20@T21@T30@T34@T36@@T43@T58@T65@T69@T71@P70@P80@P90
광명AK,경기,광명시,08,0804,"경기도 광명시 일직동 512-3, 1층 일부",1522-3232,37.418831962659624,0,1877,20211027,T05@T08@T16@T17@T20@T30@T34@@T43@T51@T56@T58@T65@T69@T71@P60@P90@T09
광명센트럴,경기,광명시,08,0804,경기도 광명시 광명동 57-2,1522-3232,37.484342,0,2528,20260317,Z9999@T05@T08@T16@T17@T20@T21@T30@T34@T43@T51@T56@T58@T64@T65@T67@T69@T71@P90
광명롯데몰,경기,광명시,08,0804,경기도 광명시 일직동 500 롯데아울렛 1층,1522-3232,37.42311336574412,0,1788,20210407,T05@T08@T16@T17@T20@T30@T34@@@T43@T56@T58@@T65@T69@T71@P90@T09
경기광주쌍령DT,경기,광주시,08,0805,경기도 광주시 쌍령동 168,1522-3232,37.3987506,0,1615,20200228,Z9999@T01@T05@T08@T16@T17@T20@T21@T30@T34@T36@@T43@@T56@T58@T65@T69@T71@P90@T09
경기광주신현DT,경기,광주시,08,0805,"경기도 광주시 신현동 701-5, 701-6,, 701-3",1522-3232,37.3598817267976,0,1450,20181221,Z9999@T01@T05@T08@T16@T17@T20@T30@T34@@@T43@T56@T58@T65@T69@T71@P90@T09
경기광주송정DT,경기,광주시,08,0805,경기도 광주시 송정동 12-12,1522-3232,37.416384,0,1584,20191218,Z9999@T01@T05@T08@T16@T17@T20@T30@T34@@T43@T56@T58@T65@T69@T71@P90@T09
경기광주,경기,광주시,08,0805,경기도 광주시 경안동 20-14,1522-3232,37.4097851,0,1003,20151110,Z9999@T05@T08@T16@T17@T20@T30@T34@@@@T43@@T56@T58@T64@T65@T69@T71@P60@P90@T09
경기광주초월역DT,경기,광주시,08,0805,경기도 광주시 초월읍 쌍동리 261-3,1522-3232,37.374402,0,1835,20210716,Z9999@T01@T05@T08@T16@T17@T20@T21@T30@T34@@@T43@T51@T56@T58@T65@T69@T71@P80@P90@T09
경기광주IC DT,경기,광주시,08,0805,경기도 광주시 장지동 586-2,1522-3232,37.4056810278331,0,2276,20240531,T01@T05@T08@T16@T17@T20@T21@T30@T34@T36@T43@T47@T51@T56@T58@T65@T69@T71@P01@P90@T09
곤지암IC DT,경기,광주시,08,0805,경기도 광주시 곤지암읍 삼리 399-6 스타벅스 곤지암 IC DT점,1522-3232,37.355682,0,1765,20210205,Z9999@T01@T05@T08@T16@T17@T20@T21@T30@T34@@@T43@T56@T58@T65@T69@P90@T09
경기광주태전,경기,광주시,08,0805,경기도 광주시 태전동 122 태전센트럴타워,1522-3232,37.3825343644297,0,2322,20240913,Z9999@T05@T08@T16@T17@T20@T21@T30@T34@T43@T51@T56@T58@T63@T65@T69@T71@P90
구리갈매역,경기,구리시,08,0806,경기도 구리시 갈매동 596 갈매역아이파크,1522-3232,37.633967,0,1413,20180907,Z9999@T05@T08@T16@T17@T20@T21@T30@@T36@@T43@T56@T58@T65@T69@T71@P80@P90@T09
구리돌다리,경기,구리시,08,0806,경기도 구리시 수택동 526-3번지 우진빌딩,1522-3232,37.600585,0,614,20130514,Z9999@@T05@T08@T16@T17@T20@T21@T30@T34@@@@T43@T51@@T56@T58@T63@T65@T69@T71@P80@P90
구리갈매DT,경기,구리시,08,0806,경기도 구리시 갈매동 553,1522-3232,37.63237,0,2225,20240105,Z9999@T01@T05@T08@T16@T17@T20@T21@T30@T34@@T47@T51@T56@T58@T63@T65@T69@P02@T09
구리시청DT,경기,구리시,08,0806,경기도 구리시 교문동 102-5 외 3필지,1522-3232,37.5902774,0,2555,20260430,Z9999@T01@T05@T08@T16@T17@T20@T21@T30@T34@T43@T51@T56@T58@T65@T69@T71@T09
구리장자호수,경기,구리시,08,0806,경기도 구리시 수택동 874-5 리필B/D,1522-3232,37.587252,0,1816,20210629,Z9999@T05@T08@T16@T17@T20@T21@T30@T34@@T43@T51@@T56@T58@T65@T69@T71@P80@P90
구리인창DT,경기,구리시,08,0806,경기도 구리시 인창동 344-6,1522-3232,37.60568,0,1944,20220324,Z9999@T01@T05@T08@T16@T17@T20@T21@T30@T34@@T43@T51@@T56@T58@T65@T69@T71@P90
구리수택,경기,구리시,08,0806,경기도 구리시 수택동 854-2,1522-3232,37.588465,0,1881,20211109,T05@T08@T16@T17@T20@T21@T30@T34@@@T51@T58@T65@T69@P80@P90
구리토평DT,경기,구리시,08,0806,경기도 구리시 토평동 567-1 스타벅스 구리토평DT,1522-3232,37.584632,0,1894,20211216,Z9999@T01@T05@T08@T16@T17@T20@T21@T30@T34@@@T43@T51@T56@T58@T65@T69@T71@P90@T09
산본사거리,경기,군포시,08,0807,경기도 군포시 산본동111 ,1522-3232,37.372658,0,1451,20181220,Z9999@T05@T08@T16@T17@T20@T21@T30@@@@T43@T58@T65@T69@T71@P90
산본,경기,군포시,08,0807,경기도 군포시 산본동 1132-3 성진빌딩 1층,1522-3232,37.36061352,0,82,20070915,Z9999@T05@T08@T16@T17@T20@T30@T34@@@@T43@T56@T58@T64@T65@T69@T71@P80
산본역,경기,군포시,08,0807,경기도 군포시 산본동 1142-5 금화프라자1층,1522-3232,37.3584131,0,442,20111014,Z9999@T05@T08@T16@T17@T20@T30@T34@@@T43@T51@T56@T58@T63@T64@T65@T69@T71@P80
산본동,경기,군포시,08,0807,경기도 군포시 산본동 1099-1번지 태주빌딩 2층,1522-3232,37.365491,0,516,20120508,Z9999@T05@T08@T16@T17@T20@T21@T30@@@@T43@@T56@T58@T64@T65@T69@T71
금정AK,경기,군포시,08,0807,경기도 군포시 금정동 916 힐스테이트 금정역 AK플라자 4층 일부,1522-3232,37.372279107122,0,2004,20220713,Z9999@T05@T08@T16@T17@T20@T21@T30@T34@@T47@T51@T56@T58@T64@T65@T69@T09
산본이마트,경기,군포시,08,0807,경기도 군포시 산본동 1123 이마트백화점,1522-3232,37.361079,0,2527,20260227,Z9999@T05@T08@T16@T17@T20@T21@T30@T34@@@T43@T56@T58@T64@@T65@T71@T74@T09
산본역서부사거리,경기,군포시,08,0807,경기도 군포시 산본동 1145-6 롯데피트인산본 1층 일부,1522-3232,37.3578052964351,0,1739,20201130,Z9999@T05@T08@T16@T17@T20@T21@T30@T34@@T56@T58@T64@T65@T69@P80@P90@T09
다산지금,경기,남양주시,08,0808,경기도 남양주시 다산동 6216-4 101-106호,1522-3232,37.6005424,0,1620,20200228,T05@T08@T16@T17@T20@T21@T30@T34@@T36@T43@@T56@T58@T65@T69@T71@P90@T09
남양주연평DT,경기,남양주시,08,0808,경기도 남양주시 진접읍 연평리 59-3,1522-3232,37.71152699000976,0,1482,20190410,Z9999@T01@T05@T08@T16@T17@T20@T30@T36@T43@T56@T58@T65@T69@T71@P90
다산진건,경기,남양주시,08,0808,경기도 남양주시 다산동 6058-2,1522-3232,37.624813,0,1638,20200428,Z9999@T05@T08@T16@T17@T20@T21@T30@T34@@T36@T56@T58@T64@T65@T69@P90@T09
도농역,경기,남양주시,08,0808,경기도 남양주시 다산동 6176-1 광장프라자 101-106호,1522-3232,37.611129,0,1627,20200409,Z9999@T02@T05@T08@T16@T17@T20@T21@T30@T34@@T36@T43@@T56@T58@T64@T65@T69@T71@P80@P90@T09
남양주진접DT,경기,남양주시,08,0808,경기도 남양주시 진접읍 장현리 230-6,1522-3232,37.72288064054035,0,1222,20170517,Z9999@T01@T05@T08@T16@T17@T20@T30@@T36@T43@@T56@T58@T65@T69@T71@P90@T09
리버사이드팔당DT,경기,남양주시,08,0808,경기도 남양주시 와부읍 도곡리 504-15,1522-3232,37.567114,0,1204,20170419,T01@T05@T08@T16@T17@T20@T22@T30@T34@T43@T51@T56@T58@T65@T69@T71@T09
별내불암로,경기,남양주시,08,0808,경기도 남양주시 별내동 1097-1 신성프라자,1522-3232,37.650317,0,1122,20161012,Z9999@@T05@T08@T16@T17@@T20@T21@T30@T34@@@T43@@T56@T58@T65@T69@T71@P90@T09
평내DT,경기,남양주시,08,0808,경기도 남양주시 평내동 246-2,1522-3232,37.6477605,0,959,20150728,Z9999@T01@T05@T08@T16@T17@T20@T30@T34@T43@@T56@T58@T65@T69@T71@T09
별내,경기,남양주시,08,0808,경기도 남양주시 별내동 1015,1522-3232,37.6479682,0,880,20150109,Z9999@T05@T08@T16@T17@T20@T21@T30@T34@@@T43@T51@T56@T58@T65@T69@T71@P90
평내호평역,경기,남양주시,08,0808,경기도 남양주시 호평동 638번지 성보빌딩,1522-3232,37.6540359,0,610,20130430,Z9999@T02@T05@T08@T16@T17@T20@T21@T30@@T36@T43@@T56@T58@@T65@T69@T71@P60@P80@P90@T09
진접역,경기,남양주시,08,0808,경기도 남양주시 진접읍 금곡리 1018,1522-3232,37.7209,0,2374,20250124,T05@T08@T16@T17@T20@T21@T30@T34@T36@T43@T51@@T56@@T58@T65@T69@T71@P20@P80@T09
더북한강R,경기,남양주시,08,0808,경기도 남양주시 화도읍 금남리 806-1 건물전체,1522-3232,37.61247933285255,0,1908,20220107,T03@T05@T08@T16@T17@T20@T21@T26@T29@T33@T34@T37@T41@T42@T47@@T58@T69@T72@P02@P90@T09
남양주화도DT,경기,남양주시,08,0808,"경기도 남양주시 화도읍 차산리 97-3, 97-5, 97-7, 97-12, 97-15, 97-17",1522-3232,37.6389955,0,1706,20200923,Z9999@T01@T05@T08@T16@T17@T20@T21@T30@T34@T36@@T56@T58@T65@T69@T09
다산DT,경기,남양주시,08,0808,경기도 남양주시 다산동 6147-2,1522-3232,37.61424,0,1844,20210819,Z9999@T01@T05@T08@T16@T17@T20@T21@T30@T34@@T51@T56@T58@T65@T69@P90
남양주묵현DT,경기,남양주시,08,0808,경기도 남양주시 화도읍 묵현리 62-25,1522-3232,37.6631,0,1884,20211117,Z9999@T01@T05@T08@T16@T17@T20@T21@T30@T34@T36@@T43@T51@@T56@T58@T65@T69@T71@P90@T09
남양주이마트,경기,남양주시,08,0808,경기도 남양주시 호평동 637 남양주 호평이마트,1522-3232,37.65515,0,2432,20250724,Z9999@T05@T08@T16@T17@T20@T21@T30@T34@T36@T43@T51@T56@T58@T64@T65@T67@T69@T71@P40
다산이마트,경기,남양주시,08,0808,경기도 남양주시 다산동 4001-29 부영애시앙 지하1층 이마트내,1522-3232,37.60868,0,2094,20230223,Z9999@T05@T08@T16@T17@T20@T30@T34@T36@@T43@T51@T58@T65@T69@T71@T09
별내별가람역,경기,남양주시,08,0808,경기도 남양주시 별내동 824 1층 104~107호,1522-3232,37.66795353026899,0,2048,20221020,Z9999@T05@T08@T16@T17@T20@T21@T30@T34@@T36@T51@T56@T58@T65@T69@P80@P90
남양주삼패,경기,남양주시,08,0808,경기도 남양주시 삼패동 146-26,1522-3232,37.59187625063271,0,1870,20210916,Z9999@T05@T08@T16@T17@T20@T21@T30@T34@T43@T51@T56@T58@T65@T69@T71@P90@T09
남양주호평,경기,남양주시,08,0808,경기도 남양주시 호평동 639 호평프라자,1522-3232,37.65575,0,2551,20260430,T05@T08@T16@T17@T20@T21@T30@T34@T43@T51@T56@T58@T64@T65@T67@T69@T71@P80
남양주행정타운,경기,남양주시,08,0808,경기도 남양주시 다산동 6193 1층 101~105,1522-3232,37.6107558,0,2327,20240926,T05@T08@T16@T17@T20@T21@T30@T34@T36@T43@T51@@T56@T58@T65@T69@T71
판교유스페이스,경기,성남시 분당구,08,0811,경기도 성남시 분당구 삼평동 670 유스페이스1,1522-3232,37.401270,0,1558,20191024,Z9999@T05@T08@T16@T17@T20@T21@T30@T34@@T36@@@T43@T56@T58@T64@T65@T69@T71@P90@T09
판교알파돔타워,경기,성남시 분당구,08,0811,경기도 성남시 분당구 백현동 537,1522-3232,37.3941783,0,1479,20190329,Z9999@T05@T08@T16@T17@T20@T21@T30@T34@@T36@@@T56@T58@T64@T65@T69@T73@P80@P90@T09
판교아비뉴프랑R,경기,성남시 분당구,08,0811,경기도 성남시 분당구 삼평동 740 판교 호반 써밋 플레이스,1522-3232,37.3972109045547,0,1391,20180629,Z9999@T03@T05@T08@T16@T17@T20@T21@@T26@T29@T30@T34@@@@T36@T37@T39@T41@T42@T43@T56@T58@T65@T69@T71@P40@P90@T09
야탑터미널,경기,성남시 분당구,08,0811,경기도 성남시 분당구 야탑동 341 분당종합터미널,1522-3232,37.413494,0,1313,20171213,Z9999@T05@T08@T16@T17@T20@T21@@T30@T34@@T36@@T43@@T56@T58@T65@T69@T71@T09
분당이매,경기,성남시 분당구,08,0811,경기도 성남시 분당구 이매동 146-2 중일빌딩,1522-3232,37.394868119238936,0,1219,20170511,Z9999@T05@T08@T16@T17@T20@T21@T30@T34@@@T36@T43@T55@@T56@T58@T65@T69@T71@T09
분당율동공원,경기,성남시 분당구,08,0811,경기도 성남시 분당구 율동 300,1522-3232,37.383857375786135,0,1189,20170317,Z9999@T05@T08@T16@T17@T20@T21@T30@T34@T36@@@T56@T58@T64@T65@T69
정자동,경기,성남시 분당구,08,0811,경기도 성남시 분당구 정자동 126-3 평림빌딩,1522-3232,37.363290,0,1087,20160624,Z9999@T05@T08@T16@T17@T20@T21@T30@T34@@T36@T43@T51@T55@T56@T58@T63@T64@T65@T69@T71
판교알파돔시티,경기,성남시 분당구,08,0811,"경기도 성남시 분당구 백현동 530번지 타워2동 1층, 138~142호",1522-3232,37.394457574463,0,1043,20160317,Z9999@T05@T08@T16@T17@T20@T21@T30@T34@@@T36@@T58@T64@T65@T69@P80@P90@T09
서판교,경기,성남시 분당구,08,0811,경기도 성남시 분당구 운중동 943,1522-3232,37.39142336810393,0,961,20150729,Z9999@T05@T08@T16@T17@T20@T21@T30@@@T36@@T43@T56@T58@T65@T69@T71@P90@T09
판교브릿지타워,경기,성남시 분당구,08,0811,경기도 성남시 분당구 삼평동 617 브릿지타워,1522-3232,37.403323671,0,931,20150528,T05@T08@T16@T17@T20@T21@T22@T30@T34@@T36@@@T51@T56@T58@T64@T65@T69@P90@T09
판교역로,경기,성남시 분당구,08,0811,경기도 성남시 분당구 삼평동 663 리치투게더센터 1~2층,1522-3232,37.39731,0,816,20140731,Z9999@T05@T08@T16@T17@T20@T21@T22@T30@T34@@T36@@@T43@@T56@T58@T64@T65@T69@T71@P80@P90@T09
서현,경기,성남시 분당구,08,0811,경기도 성남시 분당구 서현동 246-1 금화빌딩,1522-3232,37.38600976659212,0,785,20140529,Z9999@T05@T08@T16@T17@T20@T21@T30@T34@@T36@T43@T58@T65@T69@T71@P80
수내로,경기,성남시 분당구,08,0811,경기도 성남시 분당구 수내동 8-1 코아빌딩,1522-3232,37.380487064162686,0,720,20140120,Z9999@T05@T08@T16@T17@T20@T21@@T30@T34@@@@T56@T58@T64@T65@T69@P80@P90
정자역,경기,성남시 분당구,08,0811,"경기도 성남시 분당구 정자동 19-6, 1~2층",1522-3232,37.36682377,0,229,20060104,Z9999@T05@T08@T16@T17@T20@T30@T34@@@@T36@T51@T56@T58@T65@T69@P80@P90@T09
분당구청,경기,성남시 분당구,08,0811,경기도 성남시 분당구 서현동 267-3,1522-3232,37.38411236228278,0,773,20140430,Z9999@@T05@T08@T16@T17@T20@T21@T30@T34@@T36@@T43@T51@T56@T58@T65@T69@T71@P70@P80@P90@T09
뉴코아야탑,경기,성남시 분당구,08,0811,경기도 성남시 분당구 야탑동 357-1 뉴코아 야탑점 아울렛 1층,1522-3232,37.41041291,0,117,20080228,Z9999@T05@T08@T16@T17@T20@T21@T30@T34@@T36@@T43@T51@T56@T58@T64@T65@T69@T71@P40@P80@T09
미금역,경기,성남시 분당구,08,0811,경기도 성남시 분당구 금곡동 168 메디파크빌딩,1522-3232,37.350318,0,767,20140425,Z9999@T05@T08@T16@T17@T20@T21@T30@T34@@T36@@T43@T51@T56@T58@T64@T65@T69@T71@P80@P90
수내,경기,성남시 분당구,08,0811,경기도 성남시 분당구 수내동 10-1 분당트라팰리스,1522-3232,37.379601356964855,0,63,20061025,T05@T08@T16@T17@T20@T21@T30@@@@T43@T58@T65@T69@T71@P80@T09
정자상떼뷰,경기,성남시 분당구,08,0811,경기도 성남시 분당구 정자동 12-2 성원상떼뷰리젠시 201-101,1522-3232,37.3700972411991,0,53,20070406,@T05@T08@T16@T17@T20@@T21@T30@T34@@T36@@T43@T51@@T56@T58@@T64@T65@T67@T69@T71
서현미래에셋,경기,성남시 분당구,08,0811,경기도 성남시 분당구 서현동 254-1 미래에셋빌딩 1층,1522-3232,37.388005960455075,0,132,20080417,Z9999@T05@T08@T16@T17@T20@T21@T30@T34@@T36@@T43@T51@T56@T58@T63@T64@T65@T69@T71@P90@T09
야탑글라스,경기,성남시 분당구,08,0811,경기도 성남시 분당구 야탑동 366-4번지,1522-3232,37.410845,0,415,20110805,Z9999@T05@T08@T16@T17@T20@T30@T34@@T36@@T43@T51@@T56@T58@T63@T64@T65@T69@T71@P80@T09
정자,경기,성남시 분당구,08,0811,경기도 성남시 분당구 정자동 159-3번지 SPG센터,1522-3232,37.36487523071937,0,582,20130129,Z9999@T05@T08@T16@T17@T20@T30@T34@T36@T56@T58@T64@T65@T69@P80@T09
분당서울대병원4,경기,성남시 분당구,08,0811,경기도 성남시 분당구 구미동 300 분당서울대병원 신관 4층,1522-3232,37.35104056947326,0,595,20130318,T05@T08@T16@T17@T20@T30@T34@@@T56@T58@T65@T69@P70
분당서울대병원1,경기,성남시 분당구,08,0811,경기도 성남시 분당구 구미동 300 분당서울대병원 신관 1층,1522-3232,37.35104056947326,0,594,20130318,T05@T08@T16@T17@@T20@@T30@T34@@T36@@T56@T58@T65@T69@@P70
서현N타운,경기,성남시 분당구,08,0811,"경기도 성남시 분당구 서현동 261-5,6",1522-3232,37.38591695629877,0,519,20120521,Z9999@T05@T08@T16@T17@T20@T21@T30@T34@@T36@@T43@@T56@T58@T64@T65@T69@T71@P80@T09
서현역,경기,성남시 분당구,08,0811,경기도 성남시 분당구 서현동 248-5 1층,1522-3232,37.38599378076569,0,384,20110419,Z9999@T02@T05@T08@T16@T17@T20@T21@T30@T34@@T36@T43@T51@T56@T58@T65@T69@T71@P80@T09
오리역,경기,성남시 분당구,08,0811,경기도 성남시 분당구 구미동 185-4 1층,1522-3232,37.338617,0,343,20100917,Z9999@T05@T08@T16@T17@T20@T21@T30@@T43@@T58@T65@T69@T71@P80
분당정자,경기,성남시 분당구,08,0811,경기도 성남시 분당구 정자동 7번지 두산파빌리온 1층,1522-3232,37.37190496701959,0,476,20120120,Z9999@T05@T08@T16@T17@T20@T21@T30@@T36@T43@@T56@T58@T64@T65@T69@T71@T09
수내역,경기,성남시 분당구,08,0811,경기도 성남시 분당구 수내동 17-1번지 1-2층,1522-3232,37.37775755935278,0,296,20091105,Z9999@T05@T08@T16@T17@T20@T21@T30@T34@@@T43@T56@T58@T64@T65@T69@T71@P80
정자아데나,경기,성남시 분당구,08,0811,경기도 성남시 분당구 정자동 169-1,1522-3232,37.3603282545579,0,469,20120106,Z9999@T05@T08@T16@T17@T20@T21@T30@@T36@@@T43@@T58@T65@T69@T71@P90@T09
분당이마트,경기,성남시 분당구,08,0811,경기도 성남시 분당구 정자동 211번지,1522-3232,37.35906170927517,0,393,20110531,T05@@T08@T16@T17@T20@T30@T34@T36@T43@T51@@T55@T56@T58@@T65@T67@T69@T71@P40@T09
판교H스퀘어,경기,성남시 분당구,08,0811,경기도 성남시 분당구 삼평동 680번지 H스퀘어,1522-3232,37.4012201420784,0,440,20111010,Z9999@T05@T08@T16@T17@T20@T21@T30@T34@T36@@@@T43@T51@T56@T58@T64@T65@T69@T71@P90@T09
오리역삼거리,경기,성남시 분당구,08,0811,경기도 성남시 분당구 구미동 157번지,1522-3232,37.339973519618624,0,539,20120816,Z9999@T05@T08@T16@T17@T20@T21@T30@T34@@T43@@T56@T58@T64@T65@T69@T71@P80@P90@T09
판교HIPEX,경기,성남시 분당구,08,0811,경기도 성남시 분당구 삼평동 679번지 판교 삼환 HIPEX,1522-3232,37.401209,0,551,20120910,T05@T08@T16@T17@T20@T21@T30@T34@@@@T36@T51@T56@T58@T63@T65@T69@P90@T09
판교도서관,경기,성남시 분당구,08,0811,"경기도 성남시 분당구 판교동 592, 1~2층 일부",1522-3232,37.38955136653922,0,2300,20240731,Z9999@T05@T08@T16@T17@T20@T21@T30@T34@T36@T43@T51@T56@T58@T64@T65@T69@T71
미금역6번출구,경기,성남시 분당구,08,0811,경기도 성남시 분당구 구미동 9-1 분당엠코헤리츠,1522-3232,37.349676,0,2563,20260430,T05@T08@T16@T17@T20@T21@T27@T30@T34@T43@T51@T55@T56@T58@T64@@T65@T66@T69@T71@P80@P90@T09
네이버1784,경기,성남시 분당구,08,0811,"경기도 성남시 분당구 정자동 178-4, 네이버1784 2층",1522-3232,37.359164509,0,1964,20220414,T05@T08@T16@T17@T20@T21@T30@T34@T36@T51@T58@T64@T65@T69
미금역2001아울렛,경기,성남시 분당구,08,0811,경기도 성남시 분당구 구미동 11-4외 3필지 지하1층 일부,1522-3232,37.3490444,0,1962,20220408,Z9999@T02@T05@T08@T16@T17@T20@T21@T30@T34@@T36@T43@T51@@T56@T58@T64@T65@T69@T71@P40@P80@P90@T09
분당서현역AK R,경기,성남시 분당구,08,0811,경기도 성남시 분당구 서현동 263 AK플라자,1522-3232,37.38463872535156,0,1773,20210318,Z9999@T03@T05@T08@T16@T17@T20@T21@T26@T29@T30@T34@@T37@T39@T41@T42@T56@T58@T64@T65@T69@P40@P80
판교역힐스테이트,경기,성남시 분당구,08,0811,"경기도 성남시 분당구 백현동 540,  판교힐테이트 1092~1095호",1522-3232,37.39234765225062,0,2130,20230504,Z9999@T05@T08@T16@T17@T20@T21@T30@T34@T36@@T43@T51@@T56@T58@T64@T65@T69@T71@P80@P90@T09
수내역1번출구,경기,성남시 분당구,08,0811,"경기도 성남시 분당구 수내동 6-8, 1~2층",1522-3232,37.378515,0,2160,20230727,T05@T08@T16@T17@T20@T21@T30@T34@@T43@T51@T56@T58@T64@T65@T69@T71@P80
HD현대R&D센터,경기,성남시 분당구,08,0811,"경기도 성남시 분당구 정자동 4-5, 1층",1522-3232,37.376477723639674,0,2084,20230127,T05@T08@T16@T17@T20@T21@T30@T34@@T51@T56@T58@T64@T65@T69@T73@P90@T09
수내양지마을,경기,성남시 분당구,08,0811,경기도 성남시 분당구 수내동 28-2 양지프라임,1522-3232,37.373902337772996,0,2530,20260327,Z9999@T05@T08@T16@T17@T20@T21@T30@T34@T43@T56@T58@T64@T65@@T69@T71@T09
분당궁내DT,경기,성남시 분당구,08,0811,경기도 성남시 분당구 궁내동 255-5,1522-3232,37.370636,0,1698,20200904,Z9999@T01@T05@T08@T16@T17@T20@T21@T30@T34@@@T36@T56@T58@T65@T69@P90@T09
야탑역사거리,경기,성남시 분당구,08,0811,경기도 성남시 분당구 야탑동 514-2 뉴젠빌원룸텔,1522-3232,37.40969287889087,0,1689,20200813,Z9999@T05@T08@T16@T17@T20@T21@T30@T34@@T36@T43@@T58@T65@T69@T71@T09
남한산성입구역,경기,성남시 중원구,08,0812,"경기도 성남시 중원구 금광동 4608, 4609, 4610번지 101호, 102호, 103호, 104호, 105호, 106호",1522-3232,37.449705,0,1513,20190620,Z9999@T05@T08@T16@T17@T20@T21@T30@@@@T43@T56@T58@T65@T69@T71@P80@P90@T09
단대오거리역,경기,성남시 중원구,08,0812,경기도 성남시 중원구 중앙동 208 1~2층,1522-3232,37.4433283,0,847,20141030,Z9999@T05@T08@T16@T17@T20@T21@T30@T34@@T43@@T56@T58@T64@T65@T69@T71@P80@P90
성남모란DT,경기,성남시 중원구,08,0812,경기도 성남시 중원구 성남동 3968,1522-3232,37.42916075591734,0,1922,20220125,Z9999@T01@T05@T08@T16@T17@T20@T21@T30@T34@T36@@T43@T51@T56@T58@T65@T69@T71@P90
수원금곡,경기,수원시 권선구,08,0813,경기도 수원시 권선구 금곡동 1114-1 리더스빌딩,1522-3232,37.27491,0,1568,20191121,Z9999@T05@T08@T16@T17@T20@T30@T34@T36@@T56@T58@T65@T69@P90@T09
수원세류DT,경기,수원시 권선구,08,0813,"경기도 수원시 권선구 세류동 325-1, 325, 325-8",1522-3232,37.262923,0,1619,20200416,Z9999@T01@T05@T08@T16@T17@T20@T21@T30@T34@@T36@T43@@T56@T58@T65@T69@T71@P90@T09
수원호매실,경기,수원시 권선구,08,0813,"경기도 수원시 권선구 금곡동 1077 수원모아미래도센트럴타운2단지 B232,233,234호",1522-3232,37.274375,0,1370,20180620,Z9999@T05@T08@T16@T17@T20@T21@T30@T34@@@T36@T43@@T56@T58@T64@T65@T69@T71@P90
수원권선DT,경기,수원시 권선구,08,0813,경기도 수원시 권선구 오목천동 321-20,1522-3232,37.246345,0,1264,20170905,Z9999@T01@T05@T08@T16@T17@T20@@T30@T34@@@T43@T56@T58@T65@T69@T71@P90@T09
수원권선,경기,수원시 권선구,08,0813,경기도 수원시 권선구 권선동 1364 수원아이파크시티8단지,1522-3232,37.246668,0,1247,20170728,T05@T08@T16@T17@T20@T21@T30@@T36@@T43@T56@T58@T64@T65@T69@T71@T09
수원이마트,경기,수원시 권선구,08,0813,"경기도 수원시 권선구 권선동 1189 터미널동, 할인점동 (수원이마트 2층)",1522-3232,37.25007961039053,0,173,20011221,Z9999@T05@T08@T16@T17@T20@T30@@@T36@T43@T51@@T56@T58@T64@T65@T69@T71@P40@P60@T09
수원세류역DT,경기,수원시 권선구,08,0813,경기도 수원시 권선구 세류동 1163-2,1522-3232,37.243791,0,1803,20210527,Z9999@T01@T05@T08@T16@T17@T20@T21@T30@T34@@@T43@@T56@T58@T65@T69@T71@P80@P90@T09
타임빌라스수원,경기,수원시 권선구,08,0813,경기도 수원시 권선구 서둔동 381 롯데몰 수원점,1522-3232,37.2648676309542,0,1921,20220112,Z9999@T05@T08@T16@T17@T20@T21@T30@T34@@@T51@T56@T58@T64@T65@T69@P40@P60@P80@P90@T09
수원고색동DT,경기,수원시 권선구,08,0813,경기도 수원시 권선구 고색동 547-1,1522-3232,37.239320254017244,0,2275,20240621,T01@T05@T08@T16@T17@T20@T21@T30@T34@T36@T51@T56@T58@T65@T69@T09
수원탑동DT,경기,수원시 권선구,08,0813,경기도 수원시 권선구 탑동 437-2,1522-3232,37.26711903511241,0,2298,20240829,Z9999@T01@T05@T08@T16@T17@T20@T30@T34@T36@T51@T56@T58@T65@T69@P90@T09
수원연무DT,경기,수원시 장안구,08,0814,경기도 수원시 장안구 연무동 247-16,1522-3232,37.29217464098265,0,1542,20190919,Z9999@T01@T05@T08@T16@T17@T20@T21@T30@T34@T36@@@T43@@T56@T58@T65@T69@T71@P90@T09
북수원IC DT,경기,수원시 장안구,08,0814,"경기도 수원시 장안구 파장동 469-4, 469-47, 469-48, 469-49번지(총4필지) 중 일부 (건물 1~3층)",1522-3232,37.307776,0,1410,20180831,Z9999@T01@T05@T08@T16@T17@T20@T30@T34@T36@@@T43@@T56@T58@T65@T69@T71@P90@T09
수원천천,경기,수원시 장안구,08,0814,경기도 수원시 장안구 천천동 524-4 해든타워,1522-3232,37.297286,0,1337,20180206,Z9999@T05@T08@T16@T17@T20@T21@T30@T36@@@T43@T56@T58@T64@T65@T69@T71@P90
수원성균관대,경기,수원시 장안구,08,0814,"경기도 수원시 장안구 율전동 285-6번지 1층4,5,6호 2층1,2호",1522-3232,37.298935,0,585,20130130,Z9999@@T05@T08@T16@T17@T20@T21@T30@T34@@T36@@T43@T51@T56@T58@T63@T64@T65@T69@T71@P20@P80@P90
스타필드수원6F,경기,수원시 장안구,08,0814,경기도 수원시 장안구 정자동 111-14,1522-3232,37.28757355541144,0,2238,20240124,Z9999@T05@T08@T16@T17@T20@T27@T30@T34@@T51@T56@T58@T64@T65@T69@P40@P80@T09
스타필드수원1F,경기,수원시 장안구,08,0814,경기도 수원시 장안구 정자동 111-14,1522-3232,37.28712303932181,0,2237,20240124,Z9999@T05@T08@T16@T17@T20@T27@T30@T34@@T51@T56@T58@T64@T65@T69@P40@P80@T09
수원정자사거리DT,경기,수원시 장안구,08,0814,경기도 수원시 장안구 정자동 79-7,1522-3232,37.2911959629684,0,2064,20221202,Z9999@T01@T05@T08@T16@T17@T20@T21@T30@T34@T36@@T43@T51@@T56@T58@T65@T69@T71@P90@T09
수원이목동DT,경기,수원시 장안구,08,0814,경기도 수원시 장안구 이목동 488,1522-3232,37.3098935891378,0,2458,20250923,Z9999@T01@T05@T08@T16@T17@T20@T21@T30@T34@T43@T51@T56@T58@T63@T65@T69@T71@P90@T09
수원종합운동장,경기,수원시 장안구,08,0814,경기도 수원시 장안구 송죽동 506-2,1522-3232,37.30131434532604,0,1883,20211117,Z9999@T02@T05@T08@T16@T17@T20@T21@T30@T34@@@T36@T43@T51@@T56@T58@T65@T69@T71
수원조원DT,경기,수원시 장안구,08,0814,경기도 수원시 장안구 조원동 917,1522-3232,37.2952372155505,0,2183,20230914,T01@T05@T08@T16@T17@T20@T21@T30@T34@@T43@T51@@T56@T65@T69@T71@T09
수원경수인계DT,경기,수원시 팔달구,08,0815,경기도 수원시 팔달구 인계동 963-11,1522-3232,37.270568,0,1610,20200131,Z9999@T01@T05@T08@T16@T17@T20@T21@T30@T34@@T36@@T43@@T56@T58@T65@T69@T71@P90@T09
수원KBS DT,경기,수원시 팔달구,08,0815,경기도 수원시 팔달구 인계동 363-5,1522-3232,37.271122,0,1321,20180126,Z9999@T01@T05@T08@T16@T17@T20@T30@@T36@@@T43@@T56@T58@T65@T69@T71@P90@T09
수원인계DT,경기,수원시 팔달구,08,0815,경기도 수원시 팔달구 인계동 1019 1~2층,1522-3232,37.267938,0,828,20140912,Z9999@T01@T05@T08@T16@T17@T20@T30@T34@@@@T43@T51@@T56@T58@T65@T69@T71@P90@T09
수원이비스,경기,수원시 팔달구,08,0815,경기도 수원시 팔달구 인계동 1132-12,1522-3232,37.2593568,0,899,20150227,Z9999@T03@T05@T08@T16@T17@T20@T21@T30@@@@T37@@T39@T41@T56@T58@T64@T65@T69@P80@P90@T09
수원매산,경기,수원시 팔달구,08,0815,경기도 수원시 팔달구 매산로1가 53-9,1522-3232,37.2673815171216,0,49,20060822,Z9999@T05@T08@T16@T17@T20@T30@T34@@@@T56@T58@T64@T65@T69@P60@P80@P90@T09
동수원DT,경기,수원시 팔달구,08,0815,경기도 수원시 팔달구 우만동 153-20,1522-3232,37.2781099,0,987,20150924,Z9999@T01@T05@T08@T16@T17@T20@T30@@@T43@T51@@T56@T58@T65@T69@T71@P90@T09
수원인계,경기,수원시 팔달구,08,0815,경기도 수원시 팔달구 인계동 1038-2번지,1522-3232,37.2654063,0,559,20120927,Z9999@T05@T08@T16@T17@T20@T21@T30@T34@@@@T43@@T56@T58@T64@T65@T69@T71@P80@P90@T09
아주대,경기,수원시 팔달구,08,0815,"경기도 수원시 팔달구 우만동 58-32,36번지",1522-3232,37.279696,0,535,20120727,Z9999@T05@T08@T16@T17@T20@T21@T30@T34@@@@T43@@T56@T58@T65@T69@T71@P20@P90
수원성빈센트병원,경기,수원시 팔달구,08,0815,경기도 수원시 팔달구 지동 93-6 성빈센트병원,1522-3232,37.27786636322684,0,2236,20240419,Z9999@T05@T08@T16@T17@T20@T30@T34@T36@T43@T51@T56@T58@T64@T65@T69@T71@P70
수원화성행궁,경기,수원시 팔달구,08,0815,경기도 수원시 팔달구 신풍동 224,1522-3232,37.283349,0,2155,20230720,T05@T08@T16@T17@T20@T30@T34@@T43@T51@@T56@T58@T64@T65@T69@T71
수원나혜석거리,경기,수원시 팔달구,08,0815,경기도 수원시 팔달구 인계동 1119-9,1522-3232,37.264255680068,0,1893,20211126,Z9999@T05@T08@T16@T17@T20@T21@T30@T34@@@T43@T51@@T56@T58@T64@T65@T69@T71@P80@P90
수원역AK B1,경기,수원시 팔달구,08,0815,경기도 수원시 팔달구 매산로1가 18 AK플라자 지하1층,1522-3232,37.266287,0,2405,20250422,Z9999@T05@T08@T16@T17@T20@T21@T30@T34@T36@T51@T56@T58@T63@T64@T65@T69@P60@P80@T09
수원경인일보,경기,수원시 팔달구,08,0815,경기도 수원시 팔달구 인계동 1122-11,1522-3232,37.2614640249992,0,2333,20240927,T05@T08@T16@T17@T20@T21@T30@T34@T36@T43@T51@@T56@T58@T64@T65@T67@T69@T71
수원역AK R,경기,수원시 팔달구,08,0815,경기도 수원시 팔달구 매산로1가 18 AK플라자 1층,1522-3232,37.2668319123291,0,1879,20211104,Z9999@T03@T05@T08@T16@T17@T20@T21@T26@T29@T30@T34@@@T37@T39@T41@T42@T43@T51@T56@T58@T64@T65@T69@T71@P40@P60@P80@P90@T09
시흥대야DT,경기,시흥시,08,0816,경기도 시흥시 대야동 501-3,1522-3232,37.441713,0,1609,20200122,Z9999@T01@T05@T08@T16@T17@T20@T21@T30@T34@@@T43@T56@T58@T65@T69@T71@P70@P80@P90@T09
배곧아브뉴프랑,경기,시흥시,08,0816,경기도 시흥시 정왕동 2526 시흥배곧 아브뉴프랑 센트럴 옐로우,1522-3232,37.36811,0,1607,20200123,Z9999@T05@T08@T16@T17@T20@T21@T30@T34@@T36@@T43@T56@T58@T65@T69@T71@T09
시흥대야동,경기,시흥시,08,0816,"경기도 시흥시 대야동 546-1 대명프라자 103,104호",1522-3232,37.441740,0,1631,20200409,T05@T08@T16@T17@T20@T21@T30@T34@@T36@T43@T56@T58@T65@T69@T71@P90
배곧신도시,경기,시흥시,08,0816,경기도 시흥시 정왕동 2519,1522-3232,37.36926945415259,0,1330,20180123,Z9999@T05@T08@T16@T17@T20@T21@T30@@T36@@T43@T56@T58@T65@T69@T71@T09
시흥대야,경기,시흥시,08,0816,경기도 시흥시 대야동 532-1 104호,1522-3232,37.444229754297964,0,1281,20171017,T02@T05@T08@T16@T17@T20@T21@T30@@@@T43@@T58@T65@T69@T71@P90
시흥P.아울렛 3F,경기,시흥시,08,0816,경기도 시흥시 정왕동 1772-7,1522-3232,37.3799059122297,0,1200,20170405,@T05@T08@T16@T17@T20@T30@T34@@@@@@@@T56@T58@@T65@T69@P40@T09
시흥P.아울렛 1F,경기,시흥시,08,0816,경기도 시흥시 정왕동 1772-7,1522-3232,37.37931238616435,0,1199,20170405,T05@T08@T16@T17@T20@T30@T34@@@@T56@T58@@T65@T69@P40@T09
시화로데오,경기,시흥시,08,0816,경기도 시흥시 정왕동 1738-6,1522-3232,37.344630634101044,0,562,20121012,Z9999@T05@T08@T16@T17@T20@T21@T30@@@@T43@T51@@T56@T58@T63@T65@T69@T71@P90@T09
시흥월곶,경기,시흥시,08,0816,경기도 시흥시 월곶동 1008,1522-3232,37.389462,0,1878,20211118,T05@T08@T16@T17@T20@T21@T30@T34@@@T43@T51@T58@T65@T69@T71@P90@T09
물왕호수,경기,시흥시,08,0816,"경기도 시흥시 물왕동 79-1, 79-8",1522-3232,37.382917,0,2339,20241030,T05@T08@T16@T17@T20@T21@T30@T34@T43@T47@T51@T56@T58@T63@T65@T69@T71@P90@T09
시흥장현,경기,시흥시,08,0816,경기도 시흥시 장곡동 932-5 센터프라자,1522-3232,37.3782498,0,1994,20220713,Z9999@T05@T08@T16@T17@T20@T21@T30@T34@T36@@T43@T51@T56@T58@T65@T69@T71@P90@T09
시흥능곡역,경기,시흥시,08,0816,경기도 시흥시 능곡동 235-1 장현지구 상업6BL,1522-3232,37.37064104024727,0,1967,20220504,Z9999@T05@T08@T16@T17@T20@T21@T30@T34@T36@@T43@T51@@T56@T58@T65@T69@T71@P80@P90@T09
시흥목감DT,경기,시흥시,08,0816,경기도 시흥시 조남동 651,1522-3232,37.37809739693793,0,1736,20201216,Z9999@T01@T05@T08@T16@T17@T20@T21@T30@T34@@@T43@T56@T58@T65@T69@P90@T09
시흥은계,경기,시흥시,08,0816,경기도 시흥시 은행동 646-4,1522-3232,37.43758361943802,0,1688,20200813,Z9999@T05@T08@T16@T17@T20@T21@T30@T34@@@T36@T43@T56@T58@T65@T69@T71@P90@T09
안산고잔센트럴타워,경기,안산시 단원구,08,0817,경기도 안산시 단원구 고잔동 533-1,1522-3232,37.31905063872096,0,1392,20180629,Z9999@T05@T08@T16@T17@T20@T21@T30@@@@T56@T58@T65@T69@P90
안산상공회의소,경기,안산시 단원구,08,0817,경기도 안산시 단원구 고잔동 519-1 안산상공회의소 B동 1층,1522-3232,37.318601652961206,0,1284,20171026,Z9999@T05@T08@T16@T17@T20@T21@T30@T36@@@T43@T56@T58@T64@T65@T69@T71
고잔이마트,경기,안산시 단원구,08,0817,경기도 안산시 단원구 초지동 742-6 이마트,1522-3232,37.303062006685224,0,857,20141120,Z9999@T05@T08@T16@T17@T20@T30@T34@@@T36@T43@T51@T56@T58@T63@T65@T69@T71@P40@T09
안산문화광장,경기,안산시 단원구,08,0817,"경기도 안산시 단원구 고잔동 771-3,771-4 로데오타운1층",1522-3232,37.30993328883379,0,691,20131119,Z9999@T05@T08@T16@T17@T20@T21@T30@@T36@@T43@T51@T56@T58@T65@T69@T71@T09
안산중앙,경기,안산시 단원구,08,0817,경기도 안산시 단원구 고잔동 539-1 스타타워 1층,1522-3232,37.318631543239576,0,665,20130917,Z9999@T05@T08@T16@T17@T20@T21@T30@@T36@@T43@T56@T58@T65@T69@T71@P80@P90@T09
안산중앙역,경기,안산시 단원구,08,0817,경기도 안산시 단원구 고잔동 541,1522-3232,37.317081782690096,0,79,20070830,Z9999@T05@T08@T16@T17@T20@T21@T30@T34@@T43@T51@@T56@T58@T65@T69@T71@P80
안산트레이더스,경기,안산시 단원구,08,0817,경기도 안산시 단원구 신길동 1687,1522-3232,37.33083975339962,0,515,20120504,Z9999@T05@T08@T16@T17@T20@T30@@@T43@T51@@T56@T58@T65@T69@T71@P40@T09
안산선부역,경기,안산시 단원구,08,0817,"경기도 안산시 단원구 선부동 1071 한영타워, 114~118호 면적 선택",1522-3232,37.333896208588186,0,2489,20251226,Z9999@T05@T08@T16@T17@T20@T21@T30@T34@T43@T51@T56@T58@T63@T65@T69@T71@T09
대부도DT,경기,안산시 단원구,08,0817,경기도 안산시 단원구 대부북동 1836-10,1522-3232,37.26842580152328,0,2375,20250221,T01@T05@T08@T16@T17@T20@T21@T30@T34@@T51@T56@T58@T63@T65@@T69@@P01@P90@T09
안산물의광장,경기,안산시 단원구,08,0817,경기도 안산시 단원구 고잔동 706-3 장은타워,1522-3232,37.31320948847559,0,2218,20231201,Z9999@T05@T08@T16@T17@T20@T21@T30@T34@@T43@T51@T56@T58@T63@T65@T69@T71@P90@T09
안성석정DT,경기,안성시,08,0818,경기도 안성시 석정동 254-3,1522-3232,37.010463177925295,0,1444,20181221,Z9999@T01@T05@T08@T16@T17@T20@T21@T30@@@@T43@T56@T58@T65@T69@T71@P20@P90@T09
안성공도DT,경기,안성시,08,0818,경기도 안성시 공도읍 마정리 147-8,1522-3232,37.009411,0,1529,20190823,Z9999@T01@T05@T08@T16@T17@T20@T21@T30@T34@@@@T43@@T56@T58@T65@T69@T71@P90@T09
안성서동대로DT,경기,안성시,08,0818,"경기도 안성시 공도읍 만정리 302-9,302-47,302-15 3필지",1522-3232,37.0048167672848,0,2019,20220812,Z9999@T01@T05@T08@T16@T17@T20@T21@T30@T34@T36@@T43@T51@@T56@T58@T65@T69@T71@P90@T09
안성계동DT,경기,안성시,08,0818,경기도 안성시 계동 161,1522-3232,36.9860648687646,0,1806,20210601,Z9999@T01@T05@T08@T16@T17@T20@T21@T30@T34@@@T43@@T56@T58@T65@T69@T71@P90@T09
스타필드안성R,경기,안성시,08,0818,경기도 안성시 공도읍 진사리 354 스타필드 안성,1522-3232,36.99395105711111,0,1701,20201005,Z9999@T03@T05@T08@T16@T17@T20@T26@T29@T30@T34@@@T37@T39@T41@T42@T56@T58@T65@T69@P40@P90@T09
스타필드안성3F,경기,안성시,08,0818,"경기도 안성시 공도읍 진사리 354 스타필드 안성 L3층, 3205",1522-3232,36.9950263,0,2494,20251224,Z9999@T05@T08@T16@T17@T20@T21@T30@T34@T36@T51@T56@T58@T63@T64@T65@T69@P40@T09
호계지식산업센터,경기,안양시 동안구,08,0819,경기도 안양시 동안구 호계동 555-45 호계 데시앙플렉스  데시앙플렉스 118~123호,1522-3232,37.3725193,0,1611,20200218,T02@T05@T08@T16@T17@T20@T21@T30@T34@@@T36@T43@T58@T64@T65@T69@T71@T09
평촌역DT,경기,안양시 동안구,08,0819,"경기도 안양시 동안구 관양동 902, 901-2",1522-3232,37.396509,0,1603,20200117,Z9999@T01@T05@T08@T16@T17@T20@T30@T34@T36@@@T43@T56@T58@T65@T69@T71@P90@T09
안양범계,경기,안양시 동안구,08,0819,경기도 안양시 동안구 호계동 1042-1,1522-3232,37.3916919774004,0,1648,20200604,Z9999@T05@T08@T16@T17@T20@T21@T30@T34@@T36@T43@T56@T58@T64@T65@T69@T71@P80@P90@T09
안양운동장사거리DT,경기,안양시 동안구,08,0819,경기도 안양시 동안구 비산동 1054,1522-3232,37.40111,0,1385,20180628,Z9999@T01@T05@T08@T16@T17@T20@T30@T34@T36@@@@T56@T58@T65@T69@P90@T09
범계역,경기,안양시 동안구,08,0819,경기도 안양시 동안구 호계동 1039 G.SQUARE,1522-3232,37.389849,0,1294,20171117,Z9999@T05@T08@T16@T17@T20@T21@T30@T34@T36@@@T56@T58@T64@T65@T69@P80@T09
안양호계DT,경기,안양시 동안구,08,0819,경기도 안양시 동안구 호계동 714-5,1522-3232,37.366561,0,1104,20160906,Z9999@T01@T05@T08@T16@T17@T20@T30@T34@@@@T43@T56@T58@T65@T69@T71@T09
평촌호계,경기,안양시 동안구,08,0819,경기도 안양시 동안구 호계동 1065-2 태양프라자,1522-3232,37.38308987215936,0,1111,20160913,Z9999@T05@T08@T16@T17@T20@T21@T30@T34@@@T36@@T43@@T56@T58@T64@T65@T69@T71@P90
평촌역사거리,경기,안양시 동안구,08,0819,경기도 안양시 동안구 관양동 1746 금강스마트빌딩 1F,1522-3232,37.39594913421712,0,932,20150529,Z9999@@T05@T08@T16@T17@T20@T21@T30@T34@@@@@@@@T43@T51@T56@T58@T64@T65@T69@T71@P80@P90@T09
안양비산DT,경기,안양시 동안구,08,0819,경기도 안양시 동안구 비산동 580-6,1522-3232,37.3925432775419,0,954,20150723,Z9999@T01@T05@T08@T16@T17@T20@T30@@T34@T36@@@T43@T56@T58@T65@T69@T71@T09
평촌아크로,경기,안양시 동안구,08,0819,경기도 안양시 동안구 관양동 1591 평촌아크로타워 상가동 2층8호,1522-3232,37.39254935682436,0,51,20070406,Z9999@T05@T08@T16@T17@T20@T21@T30@T34@@@@T36@T43@T58@T64@T65@T69@T71@P90@T09
범계로데오,경기,안양시 동안구,08,0819,경기도 안양시 동안구 호계동 1044-8 번지,1522-3232,37.391494,0,395,20110610,Z9999@T05@T08@T16@T17@T20@T30@T34@@T36@@T43@T51@@T56@T58@T64@T65@T69@T71@P80
인덕원역,경기,안양시 동안구,08,0819,경기도 안양시 동안구 관양동 1502-6 아이퍼스트 타워 1~2층,1522-3232,37.40026330315309,0,579,20130115,Z9999@T05@T08@T16@T17@T20@T21@T30@T34@@@@T43@@T56@T58@T64@T65@T69@T71@P80@P90@T09
안양덕현DT,경기,안양시 동안구,08,0819,"경기도 안양시 동안구 호계동 1002-6, 7",1522-3232,37.3713017997558,0,2007,20220818,Z9999@T01@T05@T08@T16@T17@T20@T21@T30@T34@@T43@T51@@T56@T58@T65@T69@T71
평촌트리지아,경기,안양시 동안구,08,0819,"경기도 안양시 동안구 호계동 926-4 (호계동, 평촌트리지아아파트 2단지)",1522-3232,37.38279,0,2390,20250404,T05@T08@T16@T17@T20@T21@T30@T34@T36@T43@T51@T56@T58@T63@T64@T65@T69@T71@P90@T09
평촌한림대병원,경기,안양시 동안구,08,0819,경기도 안양시 동안구 관양동 1606 평촌주공공이,1522-3232,37.392812684079196,0,2396,20250529,Z9999@T05@T08@T16@T17@T20@T21@T30@T34@T43@T51@T56@T58@T63@T64@T65@T69@T71
안양이마트,경기,안양시 동안구,08,0819,경기도 안양시 동안구 비산동 411-8 부방유통,1522-3232,37.398521,0,1774,20210416,Z9999@T05@T08@T16@T17@T20@T30@T34@T36@@@T43@@T56@T58@T64@T65@T69@T71@P40@P90@T09
안양역R,경기,안양시 만안구,08,0820,경기도 안양시 만안구 안양동 88-1외 2필지 안양민자역사 1층 001호,1522-3232,37.401964,0,1562,20191031,Z9999@T03@T05@T08@T16@T17@T20@T26@T29@T30@T34@@T36@@T42@T56@T58@T64@T65@T69@P80@T09
명학역,경기,안양시 만안구,08,0820,"경기도 안양시 만안구 안양동 1410 128,129,130,132,133,134,135,136호",1522-3232,37.3837071172439,0,1654,20200616,T05@T08@T16@T17@T20@T21@T30@T34@@T43@T56@T58@T64@T65@T69@T71@T09
안양역,경기,안양시 만안구,08,0820,경기도 안양시 만안구 안양동 674-81,1522-3232,37.4002845,0,980,20150915,Z9999@T05@T08@T16@T17@T20@T21@T30@T34@@@T36@@T43@T51@T56@T58@T64@T65@T69@T71@P80@P90
안양석수DT,경기,안양시 만안구,08,0820,경기도 안양시 만안구 석수동 385-3,1522-3232,37.4312614,0,945,20150625,Z9999@T01@T05@T08@T16@T17@T20@T30@T34@T36@@@T43@T51@T56@T58@T65@T69@T71@P80@T09
안양일번가,경기,안양시 만안구,08,0820,경기도 안양시 만안구 안양동 674-170,1522-3232,37.39919046,0,192,20020927,Z9999@T05@T08@T16@T17@T20@T21@T30@@T36@T43@@T58@T64@T65@T69@T71@P80@P90
양주옥정타운,경기,양주시,08,0821,경기도 양주시 옥정동 963-18,1522-3232,37.8184494348896,0,1515,20190628,Z9999@T05@T08@T16@T17@T20@T21@T30@@@@T56@T58@T64@T65@T69@P90@T09
양주송추DT,경기,양주시,08,0821,경기도 양주시 장흥면 교현리 112-2,1522-3232,37.717529,0,1585,20191212,Z9999@T01@T05@T08@T16@T17@T20@T21@T30@T34@@@@T36@T43@T56@T58@@T65@T69@T71@P90@T09
양주덕정역DT,경기,양주시,08,0821,경기도 양주시 덕정동 286-28 223-8,1522-3232,37.83821453673251,0,1478,20190329,Z9999@T01@T05@T08@T16@T17@T20@T30@@@@T56@T58@T65@T69@P90@T09
양주고읍DT,경기,양주시,08,0821,경기도 양주시 고읍동 109,1522-3232,37.8035448078233,0,1651,20200611,Z9999@T01@T05@T08@T16@T17@T20@T21@T30@T34@@@T56@T58@T65@T69@P90@T09
양주광사DT,경기,양주시,08,0821,경기도 양주시 광사동 342-7,1522-3232,37.7907464236245,0,1397,20180730,T01@T05@T08@T16@T17@T20@T30@T36@@T43@T56@T58@T65@T69@T71@P90@T09
가나아트파크,경기,양주시,08,0821,경기도 양주시 장흥면 일영리 6-7 장흥아트파크,1522-3232,37.7263808,0,2302,20240731,T05@T08@T16@T17@T20@T21@T30@T34@T36@T43@T51@T56@T58@T63@T65@@T69@T71@T09
양주덕계역,경기,양주시,08,0821,경기도 양주시 덕계동 892-4,1522-3232,37.818959286229806,0,2487,20251127,Z9999@T05@T08@T16@T17@T20@T21@T30@T34@T43@T51@T56@T58@T63@T65@P90@T09
양주옥정공원,경기,양주시,08,0821,경기도 양주시 옥정동 1036-7,1522-3232,37.8212148140616,0,1824,20210625,Z9999@T05@T08@T16@T17@T20@T21@T30@T34@@T43@T51@T56@T58@T64@T65@T69@T71@P90
양주광적DT,경기,양주시,08,0821,"경기도 양주시 광적면 가납리 657-13, 14, 658-8",1522-3232,37.8162222,0,2431,20250718,T01@T05@T08@T16@T17@T20@T21@T30@T34@T43@T51@T56@T58@T63@T65@T69@T71@T09
양주회정DT,경기,양주시,08,0821,경기도 양주시 회정동 130-13,1522-3232,37.83958361508239,0,2027,20220826,T01@T05@T08@T16@T17@T20@T21@T30@T34@@T43@T51@T56@T58@T65@T69@T71@P90@T09
연천전곡DT,경기,연천군,08,0822,경기도 연천군 전곡읍 전곡리 159-4,1522-3232,38.01188568455483,0,2249,20240322,Z9999@T01@T05@T08@T16@T17@T20@T21@T30@T34@@T43@T51@T56@T58@T65@T69@P01@P90@T09
북오산IC DT,경기,오산시,08,0823,경기도 오산시 외삼미동 327-29,1522-3232,37.189809,0,1580,20191129,Z9999@T01@T05@T08@T16@T17@T20@T30@T34@@T36@T43@@T56@T58@T65@T69@T71@P90@T09
오산세교,경기,오산시,08,0823,경기도 오산시 금암동 516-4 P&P세교프라자,1522-3232,37.176779,0,1636,20200508,T02@T05@T08@T16@T17@T20@T21@T30@T34@T36@@T43@@T56@T58@T64@T65@T69@T71@T09
오산갈곶DT,경기,오산시,08,0823,"경기도 오산시 갈곶동 244-3, 245, 245-1, 245-5번지",1522-3232,37.129185998855284,0,1423,20181026,Z9999@T01@T05@T08@T16@T17@T20@T30@@@T43@T56@T58@T65@T69@T71@P90@T09
오산IC DT,경기,오산시,08,0823,경기도 오산시 원동 119-137번지,1522-3232,37.14269620513025,0,926,20150513,Z9999@T01@T05@T08@T16@T17@T20@T30@T34@@@@T43@T51@T56@T58@T65@T69@T71@P90@T09
오산시청,경기,오산시,08,0823,경기도 오산시 원동 231-16,1522-3232,37.1486248,0,893,20150205,Z9999@T05@T08@T16@T17@T20@T21@T30@@@T36@@T43@@T56@T58@T64@T65@T69@T71@P60@P80@P90
오산부산동DT,경기,오산시,08,0823,경기도 오산시 부산동 82-6,1522-3232,37.15899425341184,0,2222,20231214,T01@T05@T08@T16@T17@T20@T21@T30@T34@T36@T43@T51@@T56@T58@T65@T69@T71@T09
오산원동DT,경기,오산시,08,0823,경기도 오산시 원동 767-4,1522-3232,37.1441810626901,0,1972,20220510,T01@T05@T08@T16@T17@T20@T21@T30@T34@@T36@T43@T51@@T56@T58@T65@T69@T71@T09
서동탄DT,경기,오산시,08,0823,경기도 오산시 외삼미동 119-5,1522-3232,37.197476,0,1999,20220714,Z9999@T01@T05@T08@T16@T17@T20@T30@T34@@T36@T51@T56@T58@T65@T69@P90@T09
오산수청DT,경기,오산시,08,0823,"경기도 오산시 수청동 78-5,77-5, 77-1, 79, 76",1522-3232,37.16298068889096,0,1728,20201229,Z9999@T01@T05@T08@T16@T17@T20@T21@T30@T34@@@T56@T58@T65@T69@T09
용인세브란스병원,경기,용인시 기흥구,08,0824,경기도 용인시 기흥구 중동 724-7,1522-3232,37.271092,0,1617,20200303,T05@T08@T16@T17@T20@T30@T34@@T56@T58@T58@T64@T65@T69@T73@P40@P70@P90@T09
용인상하DT,경기,용인시 기흥구,08,0824,경기도 용인시 기흥구 상하동 246-1,1522-3232,37.259778,0,1486,20190430,Z9999@T01@T05@T08@T16@T17@T20@T21@T30@T34@@@T36@@T56@T58@T65@T69@P90@T09
용인언남,경기,용인시 기흥구,08,0824,경기도 용인시 기흥구 언남동 239,1522-3232,37.29262880835632,0,1644,20200520,Z9999@T05@T08@T16@T17@T20@T21@T30@T34@@@T43@@T56@T58@T64@T65@T69@T71@T09
기흥역AK R,경기,용인시 기흥구,08,0824,경기도 용인시 기흥구 구갈동 234 기흥역 힐스테이트,1522-3232,37.2746544,0,1498,20190521,Z9999@T03@T05@T08@T16@T17@T20@T21@T26@T29@T30@@@T36@T42@T43@T56@T58@T65@T69@T71@P40@P80@T09
용인고매동,경기,용인시 기흥구,08,0824,경기도 용인시 기흥구 고매동 271 리빙파워센터 지하1층,1522-3232,37.22317532265088,0,1634,20200429,T05@T08@T16@T17@T20@T21@T30@T34@T36@@T43@T58@T65@T69@T71@P40@T09
용인보라DT,경기,용인시 기흥구,08,0824,경기도 용인시 기흥구 보라동 376-6,1522-3232,37.255575,0,1387,20180629,Z9999@T01@T05@T08@T16@T17@T20@T30@T34@@@T43@@T56@T58@T65@T69@T71@P90@T09
용인동백DT,경기,용인시 기흥구,08,0824,경기도 용인시 기흥구 상하동 461-2,1522-3232,37.274595,0,1066,20160520,Z9999@T01@T05@T08@T16@T17@T20@T30@T34@@@T43@T56@T58@T58@T65@T69@T71@P80@P90@T09
용인마북DT,경기,용인시 기흥구,08,0824,경기도 용인시 기흥구 마북동 502-152,1522-3232,37.2947324,0,982,20150915,Z9999@T01@T05@T08@T16@T17@T20@T30@@T34@@@@T43@T51@T56@T58@T65@T69@T71@T09
용인기흥구청,경기,용인시 기흥구,08,0824,경기도 용인시 기흥구 신갈동 733 기흥더샵프라임뷰 상가동 1~2층,1522-3232,37.2808075,0,780,20140523,Z9999@T05@T08@T16@T17@T20@T21@T30@T34@@@@T43@T51@@T56@T58@T65@T69@T71@P80@P90
수원IC DT,경기,용인시 기흥구,08,0824,경기도 용인시 기흥구 영덕동 522-2 LG동광주유소,1522-3232,37.2672407380298,0,718,20140110,Z9999@T01@T05@T08@T16@T17@T20@T30@@@@T43@T56@T58@T65@T69@T71@P90@T09
용인보정,경기,용인시 기흥구,08,0824,경기도 용인시 기흥구 보정동 1263번지 죽전누리에뜰상가,1522-3232,37.320017,0,584,20130130,Z9999@T05@T08@T16@T17@T20@T21@T30@T34@@T43@T51@@T56@T58@T63@T65@T69@T71@P80@T09
구성트레이더스,경기,용인시 기흥구,08,0824,경기도 용인시 기흥구 보정동 1019-237,1522-3232,37.305434,0,354,20101126,Z9999@T05@T08@T16@T17@T20@T30@@T36@@@T43@@T58@T65@T69@T71@P40@P80@T09
강남대,경기,용인시 기흥구,08,0824,경기도 용인시 기흥구 구갈동 581-1 강남&플러스 1층,1522-3232,37.2710542,0,331,20100727,@T05@T08@T16@T17@T20@T21@T30@@T36@@T43@@T58@T65@T69@T71@P20@P80@T09
용인하갈DT,경기,용인시 기흥구,08,0824,경기도 용인시 기흥구 하갈동 453-4,1522-3232,37.2492977286623,0,2151,20230721,T01@T05@T08@T16@T17@T20@T21@T30@T34@@T43@T51@T56@T58@T65@T69@T71@P90@T09
흥덕IT밸리,경기,용인시 기흥구,08,0824,경기도 용인시 기흥구 영덕동 1005 흥덕IT밸리 Complex동 B0117호,1522-3232,37.27072,0,2486,20251121,T05@T08@T16@T17@T20@T21@T30@T34@T43@T51@T56@T58@T65@T69@T71@T74@T09
용인흥덕DT,경기,용인시 기흥구,08,0824,경기도 용인시 기흥구 영덕동 986-3,1522-3232,37.274840655549575,0,1958,20220415,Z9999@T01@T05@T08@T16@T17@T20@T21@T30@T34@@T51@T56@T58@T65@T69@P90@T09
수지롯데캐슬하이브엘,경기,용인시 기흥구,08,0824,경기도 용인시 기흥구 보정동 1404 수지구청역 롯데캐슬 하이브엘,1522-3232,37.320934171200285,0,2533,20260312,Z9999@T05@T08@T16@T17@T20@T21@T30@T34@T43@@T51@@T56@T58@T64@T65@T69@T71@T09
삼성디스플레이SDR,경기,용인시 기흥구,08,0824,경기도 용인시 기흥구 농서동 산24 삼성전자(주)기흥캠퍼스,1522-3232,37.225417,0,2325,20240925,T05@T08@T16@T17@T20@T21@T30@T34@T51@T56@T58@@T64@T69
기흥테라타워,경기,용인시 기흥구,08,0824,"경기도 용인시 기흥구 농서동 452 기흥 테라타워 125, 126, 127, 128호",1522-3232,37.230764,0,1938,20220302,T05@T08@T16@T17@T20@T21@T30@T34@@T43@T51@@T56@T58@T65@T69@T71@P90@T09
용인보정DT,경기,용인시 기흥구,08,0824,경기도 용인시 기흥구 보정동 381-1,1522-3232,37.321478238,0,1667,20200626,Z9999@T01@T05@T08@T16@T17@T20@T21@T30@T34@@@T36@T43@@T56@T58@T65@T69@T71@T09
한국민속촌DT,경기,용인시 기흥구,08,0824,경기도 용인시 기흥구 보라동 145-3,1522-3232,37.255933,0,1910,20220106,Z9999@T01@T05@T08@T16@T17@T20@T21@T30@T34@@@T51@T56@T58@T65@T69@P90@T09
동백이마트,경기,용인시 기흥구,08,0824,경기도 용인시 기흥구 중동 833 쥬네브썬월드빌딩,1522-3232,37.2781451,0,1684,20200812,Z9999@@T05@T08@T16@T17@T20@T30@T34@@@T43@@T56@T58@T58@T64@T65@T69@T71@P40@T09
용인신갈DT,경기,용인시 기흥구,08,0824,경기도 용인시 기흥구 신갈동 64-11,1522-3232,37.27277694332577,0,2141,20230601,Z9999@T01@T05@T08@T16@T17@T20@T21@T30@T34@T36@T43@T51@T56@T58@T65@T69@T71@P90@T09
용인김량장DT,경기,용인시 처인구,08,0825,경기도 용인시 처인구 김량장동 177-1,1522-3232,37.239640424,0,1531,20190918,Z9999@T01@T05@T08@T16@T17@T20@T21@T30@T34@@T43@@T56@T58@T58@T65@T69@T71@P80@P90@T09
용인에버랜드,경기,용인시 처인구,08,0825,경기도 용인시 처인구 포곡읍 전대리 310 삼성에버랜드,1522-3232,37.294988424,0,1514,20190716,Z9999@@T05@T16@T17@T20@@@@@@T30@T34@@@T56@T58@T58@T69@T73@P30@P40@P90@T09
용인시청DT,경기,용인시 처인구,08,0825,경기도 용인시 처인구 삼가동 197-7,1522-3232,37.240436087764024,0,1071,20160720,Z9999@T01@T05@T08@T16@T17@T20@T30@@T34@@T43@T51@@T56@T58@T58@T65@T69@T71@@P80@P90@T09
용인처인구청,경기,용인시 처인구,08,0825,경기도 용인시 처인구 김량장동 295-10,1522-3232,37.234764,0,638,20130712,Z9999@T05@T08@T16@T17@T20@T21@T30@@@@T43@@T56@T58@T58@T65@T69@T71@P90@T09
용인양지IC DT,경기,용인시 처인구,08,0825,"경기도 용인시 처인구 양지면 양지리 165-5 양지면 양지리 165-5, 165-1, 165-2, 165-6, 163-2",1522-3232,37.23332323108787,0,2379,20250211,T01@T05@T08@T16@T17@T20@T21@T30@T34@T36@T43@T47@T51@T56@T58@@T65@@T69@@T71@P01@P90@T09
용인한숲시티,경기,용인시 처인구,08,0825,경기도 용인시 처인구 남사읍 아곡리 700-1,1522-3232,37.152464,0,2089,20230217,Z9999@T05@T08@T16@T17@T20@T21@T30@T34@T36@@T43@T51@@T56@T58@T58@T65@T69@T71@P90@T09
용인남동DT,경기,용인시 처인구,08,0825,경기도 용인시 처인구 남동 402-16,1522-3232,37.2211071966979,0,2418,20250529,Z9999@T01@T05@T08@T16@T17@T20@T21@T30@T34@T43@T51@T56@T58@T63@T65@T69@T71@T09
용인마평DT,경기,용인시 처인구,08,0825,"경기도 용인시 처인구 마평동 637-2, 637-4",1522-3232,37.2336627,0,1759,20210127,T01@T05@T08@T16@T17@T20@T21@T30@T34@@@T43@@T56@T58@T58@T65@T69@T71@P90@T09
용인처인휴게소,경기,용인시 처인구,08,0825,경기도 용인시 처인구 모현읍 매산리 284-21외 50필지,1522-3232,37.340406,0,2373,20250101,T05@T08@T16@T17@T20@T21@T30@T34@T36@T51@T56@T58@@T65@T69@T73@P40@P90@T09
용인역북,경기,용인시 처인구,08,0825,경기도 용인시 처인구 역북동 504-13,1522-3232,37.232254,0,1960,20220414,Z9999@T05@T08@T16@T17@T20@T21@T30@T34@@T43@T51@@T56@T58@T58@T65@T69@T71@P20@P90@T09
용인고림DT,경기,용인시 처인구,08,0825,경기도 용인시 처인구 고림동 759-19외  3필지,1522-3232,37.243914,0,2311,20240828,Z9999@T01@T05@T08@T16@T17@T20@T21@T30@T34@T36@T43@T51@@T56@T58@T63@T65@T69@T71@P01@P90@T09
용인모현DT,경기,용인시 처인구,08,0825,경기도 용인시 처인구 모현읍 왕산리 734-2,1522-3232,37.349014,0,2118,20230407,Z9999@T01@T05@T08@T16@T17@T20@T21@T30@T34@@T43@T51@@T56@T58@T58@T65@T69@T71@P20@P90@T09
용인IC DT,경기,용인시 처인구,08,0825,"경기도 용인시 처인구 유방동 476-1, 5",1522-3232,37.25140976,0,2169,20230915,Z9999@T01@T05@T08@T16@T17@T20@T21@T30@T34@@T43@T51@@T56@T58@T65@T69@T71@P80@P90@T09
의왕청계DT,경기,의왕시,08,0826,경기도 의왕시 청계동 829-4 스타벅스,1522-3232,37.3883721704744,0,1604,20200121,Z9999@T01@T05@T08@T16@T17@T20@T30@T34@@T36@@T43@T56@T58@T65@T69@T71@P90@T09
의왕포일,경기,의왕시,08,0826,경기도 의왕시 포일동 664-2,1522-3232,37.3960433533346,0,1213,20170426,Z9999@T05@T08@T16@T17@T20@T21@T30@T34@@@@T43@T56@T58@T64@T65@T69@T71@P90
의왕백운호수,경기,의왕시,08,0826,경기도 의왕시 학의동 634-2,1522-3232,37.3748675899528,0,2498,20251218,Z9999@T05@T08@T16@T17@T20@T21@T30@T34@T43@T51@T56@T58@T63@T64@T65@T69@T71@P90@T09
의왕현대모비스,경기,의왕시,08,0826,"경기도 의왕시 삼동 46-23, 현대자동차그룹 의왕연구소",1522-3232,37.32469579167545,0,2179,20230906,T05@T08@T16@T17@T20@T21@T30@T34@@T51@T56@T58@T64@T69@P90
의왕내손,경기,의왕시,08,0826,경기도 의왕시 내손동 416-3번지 벨포레스퀘어 G111~116호,1522-3232,37.389126752962,0,1751,20210105,Z9999@T05@T08@T16@T17@T20@T21@T30@T34@@@T36@T56@T58@T64@T65@T69@P90@T09
의왕롯데몰,경기,의왕시,08,0826,"경기도 의왕시 학의동 1039, GF층 일부",1522-3232,37.37526646974715,0,1841,20210908,T05@T08@T16@T17@T20@T21@T27@T30@T34@T36@@T51@T56@T58@T64@T65@T69@P40@P90@T09
의왕삼동DT,경기,의왕시,08,0826,"경기도 의왕시 삼동 105-2, 105-8, 105-10, 105-11, 107, 107-2",1522-3232,37.316653,0,2116,20230329,Z9999@T01@T05@T08@T16@T17@T20@T21@T30@T34@@T43@T51@T56@T58@T65@T69@T71@P90@T09
의정부예술의전당DT,경기,의정부시,08,0827,경기도 의정부시 의정부동 543-6,1522-3232,37.7330525,0,1453,20181219,Z9999@T01@T05@T08@T16@T17@T20@T30@@@T36@@T43@T56@T58@T65@T69@T71@P90@T09
의정부신곡DT,경기,의정부시,08,0827,경기도 의정부시 신곡동 263-17,1522-3232,37.726826,0,1497,20190617,Z9999@T01@T05@T08@T16@T17@T20@T30@@@@T43@T56@T58@T65@T69@T71@P90@T09
의정부용현DT,경기,의정부시,08,0827,"경기도 의정부시 용현동 189-3, 4, 20, 21, 22(5필지)",1522-3232,37.73038983553,0,1376,20180614,Z9999@T01@T05@T08@T16@T17@T20@T21@T30@@@T36@@T43@T56@T58@T65@T69@T71@P90@T09
의정부공원,경기,의정부시,08,0827,"경기도 의정부시 의정부동 196-12, 196-27 퍼시픽타워",1522-3232,37.740103,0,1296,20171121,Z9999@T05@T08@T16@T17@T20@T21@T30@T34@@@@T36@T43@T56@T58@T65@T69@T71@P80@P90
의정부민락,경기,의정부시,08,0827,경기도 의정부시 민락동 805,1522-3232,37.7454512032732,0,1256,20170810,Z9999@T05@T08@T16@T17@T20@T21@T30@T34@@@@T43@T55@T56@T58@T65@T69@T71@P90@T09
의정부회룡역DT,경기,의정부시,08,0827,경기도 의정부시 호원동 433-1,1522-3232,37.722373,0,1149,20161216,Z9999@T01@T05@T08@T16@T17@T20@T30@T34@@T36@@@T43@@T56@T58@T65@T69@T71@P80@P90@T09
의정부녹양DT,경기,의정부시,08,0827,"경기도 의정부시 가능동 93-1, 92-2 (2필지)",1522-3232,37.758477,0,1012,20151211,Z9999@T01@T05@T08@T16@T17@T20@T21@T30@T34@@T36@@@T43@T56@T58@T65@T69@T71@P80@P90@T09
의정부금오,경기,의정부시,08,0827,경기도 의정부시 금오동 474-2 대송프라자,1522-3232,37.7530086961915,0,645,20130725,Z9999@@T05@T08@T16@T17@T20@T21@T30@T34@@@@T43@@T56@T58@T64@T65@T69@T71@P90
신세계의정부2F,경기,의정부시,08,0827,경기도 의정부시 의정부동 168-54 신세계백화점 2층,1522-3232,37.73828755664889,0,505,20120419,T05@T08@T16@T17@T20@T30@T34@@T36@@T56@T58@T65@T69@P40@P80@P90@T09
신세계의정부6F,경기,의정부시,08,0827,경기도 의정부시 의정부동 168-54 신세계백화점 6층,1522-3232,37.737483674150624,0,506,20120419,T05@T08@T16@T17@T30@T34@@T36@@T56@T58@T64@T65@T69@P40@P80@T09
의정부송산역DT,경기,의정부시,08,0827,경기도 의정부시 용현동 313-3,1522-3232,37.740164230224,0,2078,20230113,T01@T05@T08@T16@T17@T20@T21@T30@T34@@T36@T43@T51@T56@T58@T65@T69@T71@P80@P90@T09
의정부민락타운,경기,의정부시,08,0827,경기도 의정부시 민락동 803 민락2지구 제일풍경채 센텀-애비뉴모나코,1522-3232,37.744429,0,1662,20200618,T05@T08@T16@T17@T20@T21@T30@T34@@T36@@T43@T56@T58@T65@T69@T71@P90
의정부장암DT,경기,의정부시,08,0827,"경기도 의정부시 장암동 214-49,50",1522-3232,37.69925,0,1744,20201210,Z9999@T01@T05@T08@T16@T17@T20@T30@T34@T36@@T56@T58@T65@T69@P80@P90@T09
의정부경의교차로,경기,의정부시,08,0827,경기도 의정부시 의정부동 369-5,1522-3232,37.732692811929,0,2574,20260529,Z9999@T05@T08@T16@T17@T20@T21@T30@T34@T43@T51@T56@T58@T65@T69@T71
의정부이마트,경기,의정부시,08,0827,경기도 의정부시 민락동 849 이마트,1522-3232,37.7432268,0,1718,20201008,Z9999@@T05@T08@T16@T17@T20@T30@T34@@T36@@T43@@T56@T58@T65@T69@T71@P40@P90@T09
이천증포DT,경기,이천시,08,0828,"경기도 이천시 증포동 216-3, 216-8, 216-10, 216-13, 217-5, 217-7",1522-3232,37.29660399999999,0,1473,20190228,Z9999@T01@T05@T08@T16@T17@T20@T21@T30@T34@@@@T43@T56@T58@T65@T69@T71@P90@T09
이천사음DT,경기,이천시,08,0828,경기도 이천시 사음동 572-1,1522-3232,37.299106,0,1270,20170929,Z9999@T01@T05@T08@T16@T17@T20@T30@T34@@T36@T43@T56@T58@T65@T69@T71@T09
이천하이닉스,경기,이천시,08,0828,"경기도 이천시 부발읍 아미리 726-5외 101호, 102호, 201호",1522-3232,37.25251,0,655,20130827,Z9999@T05@T08@T16@T17@T20@T21@T30@T34@@@T36@T43@T51@@T56@T58@T64@T65@T69@T71@T09
이천터미널,경기,이천시,08,0828,경기도 이천시 중리동 218-5,1522-3232,37.278191,0,479,20120210,Z9999@T05@T08@T16@T17@T20@T21@T30@T34@T36@@T43@@T56@T58@T64@T65@T69@T71@P60
이천IC DT,경기,이천시,08,0828,경기도 이천시 부발읍 신하리 547,1522-3232,37.2579899398962,0,2279,20240628,Z9999@T01@T05@T08@T16@T17@T20@T21@T30@T34@T36@T43@T51@T56@T58@T65@T69@T71@P90@T09
이천진리DT,경기,이천시,08,0828,"경기도 이천시 진리동 10-1, 9-15, 10",1522-3232,37.27388826062976,0,2481,20251128,Z9999@T01@T05@T08@T16@T17@T20@T21@T30@T34@T43@T51@T56@T58@T63@T65@T71@P90@T09
이천마장DT,경기,이천시,08,0828,경기도 이천시 마장면 양촌리 128-1,1522-3232,37.2563624,0,2413,20250605,Z9999@T01@T05@T08@T16@T17@T20@T21@T30@T34@T36@T43@T51@T55@T56@T58@T63@T65@T69@T71@P01@P90@T09
이천송정DT,경기,이천시,08,0828,경기도 이천시 송정동 346-62 (송정동),1522-3232,37.296100682031,0,2362,20241226,T01@T05@T08@T16@T17@T20@T21@T30@T34@T43@T51@T56@T58@T63@T65@T69@T71@T09
포천DT,경기,포천시,08,0829,경기도 포천시 선단동 557,1522-3232,37.84842935479925,0,1306,20171207,Z9999@T01@T05@T08@T16@T17@T20@T30@T34@@@T36@@T43@@T56@T58@T65@T69@T71@P90@T09
광릉수목원,경기,포천시,08,0829,경기도 포천시 소흘읍 직동리 330,1522-3232,37.7765034236257,0,2076,20230222,T05@T08@T16@T17@T20@T21@T30@T34@@T36@@T43@T51@@T56@T58@T65@@T69@T71@P90@T09
포천호국로DT,경기,포천시,08,0829,경기도 포천시 소흘읍 이동교리 400-4,1522-3232,37.79612836454277,0,2053,20221028,T01@T05@T08@T16@T17@T20@T21@T30@T34@@T36@@@T51@T56@T58@T65@T69@P90@T09
포천내촌DT,경기,포천시,08,0829,"경기도 포천시 내촌면 음현리 551-2,551-3,551-4,552-3",1522-3232,37.7632407781611,0,2229,20240111,T01@T05@T08@T16@T17@T20@T21@T30@T34@@T43@T51@T56@T58@T65@T69@T71@P01@P90@T09
하남미사DT,경기,하남시,08,0830,경기도 하남시 망월동 1066-3,1522-3232,37.55997203406607,0,1524,20190725,Z9999@T01@T08@T16@T17@T20@T21@T30@T34@@T36@@@T43@T56@T58@T65@T69@T71@P90@T09
하남황산사거리,경기,하남시,08,0830,경기도 하남시 풍산동 527-1 미사강변 노르웨이숲 오피스텔 101호~106호,1522-3232,37.55078301,0,1643,20200514,T05@T08@T16@T17@T20@T21@T30@T34@@T36@T58@T64@T65@T69@P90@T09
스타필드위례1FR,경기,하남시,08,0830,경기도 하남시 학암동 660 스타필드시티 위례점,1522-3232,37.480412900538155,0,1446,20181214,Z9999@T03@T05@T08@T16@T17@T20@@T26@T29@T30@T34@@@@T37@T38@T39@T41@T42@T56@T58@T65@T69@P40@P90@T09
미사역효성,경기,하남시,08,0830,"경기도 하남시 망월동 1081 미사역 효성해링턴 타워 더 퍼스트 1001~1003,1011~1013",1522-3232,37.56724938447274,0,1517,20190627,Z9999@T05@T08@T16@T17@T20@T21@T30@@T36@@T56@T58@T64@T65@T69@P90@T09
하남덕풍,경기,하남시,08,0830,경기도 하남시 덕풍동 741-2 태석오피스텔하남풍산메트하임,1522-3232,37.55215262070143,0,1532,20190823,Z9999@T05@T08@T16@T17@T20@T21@T30@T34@@@@T36@T43@@T56@T58@T64@T65@T69@T71@P90@T09
하남미사,경기,하남시,08,0830,경기도 하남시 망월동 990,1522-3232,37.56961189042407,0,1214,20170425,Z9999@T05@T08@T16@T17@T20@T30@@T36@@@T43@T56@T58@T64@T65@T69@T71
스타필드하남1F(티바나),경기,하남시,08,0830,경기도 하남시 신장동 616 스타필드 하남,1522-3232,37.54477874715479,0,1110,20160905,Z9999@T05@T08@T16@T17@T20@T29@T30@T34@@@T36@@T56@T58@T65@T69@P40@T09
신세계하남2F,경기,하남시,08,0830,경기도 하남시 신장동 616 스타필드 하남,1522-3232,37.545993831702795,0,1109,20160905,T05@T08@T16@T17@T20@T30@T34@@@T36@@T56@T58@T65@T69@P40@T09
스타필드하남2FR,경기,하남시,08,0830,경기도 하남시 신장동 616 스타필드 하남,1522-3232,37.545214483818086,0,1108,20160905,Z9999@T03@T05@T08@T16@T17@T20@@T26@T29@T30@T34@@@T36@@T37@@T39@T41@T42@T56@T58@T65@T69@P40@T09
하남시청,경기,하남시,08,0830,경기도 하남시 신장동 524-4 1~2층,1522-3232,37.54058517543721,0,737,20140220,T02@T05@T08@T16@T17@T20@T30@T34@@@@T36@T43@@T56@T58@T64@T65@T69@T71
북위례,경기,하남시,08,0830,경기도 하남시 학암동 647-2 경서타워1,1522-3232,37.487760731969956,0,2571,20260508,T05@T08@T16@T17@T20@T21@T30@T34@@T43@T56@T58@T65@T67@T69@T71
하남시청역,경기,하남시,08,0830,경기도 하남시 신장동 564-5 주원빌딩,1522-3232,37.5414173926204,0,1915,20220105,T05@T08@T16@T17@T20@T21@T30@T34@T36@@@T43@T51@T56@T58@T64@T65@T69@T71@P80
하남풍산역,경기,하남시,08,0830,경기도 하남시 덕풍동 735 빌리브하남 101~106호,1522-3232,37.55355158819783,0,1804,20210504,T05@T08@T16@T17@T20@T21@T30@T34@@@T36@T43@T56@T58@T64@T65@T69@T71@P80@P90
하남감일,경기,하남시,08,0830,"경기도 하남시 감이동 512, 현대타워, 1층 105~111호",1522-3232,37.50741144793323,0,2052,20221028,Z9999@T05@T08@T16@T17@T20@T21@T30@T34@@T36@T51@T56@T58@T65@T69@P90
미사역그랑파사쥬,경기,하남시,08,0830,경기도 하남시 망월동 1100 힐스테이트 미사역 그랑파사쥬 1층 1056~1059호,1522-3232,37.56421331111887,0,1955,20220401,Z9999@T05@T08@T16@T17@T20@T21@T30@T34@T36@T43@T51@T56@T58@T64@T65@T69@T71@P80@T09
미사역파라곤스퀘어,경기,하남시,08,0830,"경기도 하남시 망월동 1125, 미사역 파라곤스퀘어 1층 1011~1016호",1522-3232,37.56431706804952,0,1954,20220401,Z9999@T05@T08@T16@T17@T20@T21@T30@T34@T36@@T43@T51@@T56@T58@T64@T65@T69@T71@P80@T09
화성시청,경기,화성시,08,0831,경기도 화성시 남양읍 남양리 2072-7,1522-3232,37.20087822769405,0,1538,20190828,Z9999@T05@T08@T16@T17@T20@T21@T30@T34@@@@T43@T56@T58@T65@T69@T71@P70@P90@T09
화성봉담,경기,화성시,08,0831,경기도 화성시 봉담읍 동화리 564,1522-3232,37.2186558750552,0,1588,20191212,Z9999@T02@T05@T08@T16@T17@T20@T21@T30@T34@@@T56@T58@T65@T69@P90@T09
화성향남,경기,화성시,08,0831,경기도 화성시 향남읍 행정리 474-8,1522-3232,37.131572,0,1470,20190220,Z9999@T05@T08@T16@T17@T20@T21@T30@@@@T43@T56@T58@T64@T65@T69@T71@P70@P90@T09
동탄카림,경기,화성시,08,0831,"경기도 화성시 청계동 536 시범 반도유보라 아이비파크4.0 0024,0025,0026,0027,1021,1022,1023,1024호",1522-3232,37.19921081770612,0,1393,20180720,Z9999@@T05@T08@T16@T17@T20@T21@@T30@T34@@T43@T56@T58@T65@T69@T71@P40@P90@T09
동탄능동DT,경기,화성시,08,0831,경기도 화성시 능동 471-7,1522-3232,37.212139,0,1384,20180626,Z9999@T01@T05@T08@T16@T17@T20@T30@T36@@@T43@@T56@T58@T65@T69@T71@P90@T09
동탄역,경기,화성시,08,0831,"경기도 화성시 오산동 969-2 리치안타워 1,2층",1522-3232,37.19779562354546,0,1276,20170921,Z9999@T05@T08@T16@T17@T20@T21@T30@@T43@@@T58@T65@T69@T71@T09
화성병점DT,경기,화성시,08,0831,"경기도 화성시 진안동 873-4, 873-18",1522-3232,37.212704,0,1163,20161228,Z9999@T01@T05@T08@T16@T17@T20@T30@T34@@@T36@T43@@T56@T58@T65@T69@T71@P70@P90@T09
동탄영천,경기,화성시,08,0831,경기도 화성시 영천동 681-6,1522-3232,37.2067360762558,0,1086,20160628,Z9999@T05@T08@T16@T17@T20@T21@T30@T34@@T43@T56@T58@T64@T65@T69@T71
신영통DT,경기,화성시,08,0831,경기도 화성시 반월동 163-3,1522-3232,37.234379,0,1016,20151216,Z9999@T01@T05@T08@T16@T17@T20@T30@T36@@@@T43@@T56@T58@T65@T69@T71@P90@T09
동탄센트럴파크,경기,화성시,08,0831,경기도 화성시 반송동 42-2,1522-3232,37.2082443,0,888,20150121,Z9999@T02@T05@T08@T16@T17@T20@T21@T30@T34@T36@@@T43@@T56@T58@T65@T69@T71@P90
동탄,경기,화성시,08,0831,경기도 화성시 반송동 106-1 동탄파라곤II 1층,1522-3232,37.201742,0,617,20130522,Z9999@T05@T08@T16@T17@T20@T21@T30@T36@@@T43@@T56@T58@T65@T69@T71@P90@T09
동탄광장,경기,화성시,08,0831,경기도 화성시 반송동 93-1번지 풍성 위버폴리스,1522-3232,37.205275,0,589,20130228,Z9999@T05@T08@T16@T17@T20@T21@T30@T34@@T36@@@T43@@T56@T58@T65@T69@T71@P70@P90@T09
스타필드마켓동탄,경기,화성시,08,0831,경기도 화성시 석우동 44 동탄이마트 2층,1522-3232,37.21417,0,388,20110429,Z9999@T05@T08@T16@T17@T20@T30@T34@@T36@@T43@T51@T56@T58@T65@T69@T71@P40@P90@T09
송산마도IC DT,경기,화성시,08,0831,"경기도 화성시 마도면 두곡리 312-4, 312-5",1522-3232,37.20721733691775,0,2252,20240417,T01@T05@T08@T16@T17@T20@T21@T30@T34@T36@T51@T56@T58@T65@T69@T75@T09
동탄북광장,경기,화성시,08,0831,"경기도 화성시 반송동 86-8, 1층 일부",1522-3232,37.206887,0,2253,20240417,Z9999@T05@T08@T16@T17@T20@T21@T30@T34@T36@T43@T51@T56@T58@T65@T69@T71
동탄산단DT,경기,화성시,08,0831,경기도 화성시 방교동 844-1,1522-3232,37.16444559525663,0,2228,20240109,Z9999@T01@T05@T08@T16@T17@T20@T21@T30@T34@@T43@T51@T56@T58@T65@T69@T71@P90@T09
동탄라크몽,경기,화성시,08,0831,경기도 화성시 송동 726-1 라크몽,1522-3232,37.16724647044769,0,2011,20220811,T05@T08@T16@T17@T20@T21@T30@T34@@T36@T51@T56@T58@T64@T65@T69@P40@T09
화성봉담2지구,경기,화성시,08,0831,"경기도 화성시 봉담읍 수영리 650-5, 650-4, 650-67",1522-3232,37.22345976347896,0,2341,20241213,Z9999@T05@T08@T16@T17@T20@T21@T30@T34@T36@T51@T56@T58@T63@T65@T69@T09
화성남양DT,경기,화성시,08,0831,경기도 화성시 남양읍 남양리 2283,1522-3232,37.2069639382399,0,1980,20220616,Z9999@T01@T05@T08@T16@T17@T20@T21@T30@T34@@T51@T56@T58@T65@T69@P90@T09
화성봉담DT,경기,화성시,08,0831,경기도 화성시 기안동 333-5,1522-3232,37.22832461050121,0,1693,20200929,Z9999@T01@T05@T08@T16@T17@T20@T21@T30@T34@@T36@@T43@T56@T58@T65@T69@T71@P90@T09
동탄목동,경기,화성시,08,0831,경기도 화성시 목동 우성스타파크 A,1522-3232,37.1825,0,1785,20210326,Z9999@T05@T08@T16@T17@T20@T21@T30@T34@@T43@@T56@T58@T64@T65@T69@T71@T09
화성반월DT,경기,화성시,08,0831,경기도 화성시 반월동 633-10,1522-3232,37.220273,0,1671,20200703,Z9999@T01@T05@T08@T16@T17@T20@T30@T34@@@T36@T43@T56@T58@T65@T69@T71@T09
동탄여울공원,경기,화성시,08,0831,경기도 화성시 오산동 976-2,1522-3232,37.20125564665495,0,2134,20230511,T05@T08@T16@T17@T20@T21@T30@T34@@T43@T51@@T56@T58@T65@T69@T71@T09
화성보통저수지,경기,화성시,08,0831,경기도 화성시 정남면 단독 건물,1522-3232,37.1924950796762,0,2337,20241030,T05@T08@T16@T17@T20@T21@T30@T34@T36@T47@T51@T56@T58@T63@T65@T69@P01@T09
삼성전자DSR,경기,화성시,08,0831,경기도 화성시 반월동 948,1522-3232,37.226129,0,2328,20240928,T05@T08@T16@T17@T20@T21@T30@T34@T36@T51@T56@T58@T63@T64@T65@T69@T73
동탄트레이더스,경기,화성시,08,0831,경기도 화성시 오산동 1022 이마트트레이더스 동탄점,1522-3232,37.19340616742762,0,1997,20220630,Z9999@T02@T05@T08@T16@T17@T20@T30@T34@@T36@T43@T51@@T56@T58@T65@T69@T71@T09
동탄신리천공원,경기,화성시,08,0831,경기도 화성시 오산동 1039-5,1522-3232,37.18381931548709,0,2110,20230324,T05@T08@T16@T17@T20@T21@T30@T34@@T36@T47@T51@T56@T58@T65@T69@T09
화성향남DT,경기,화성시,08,0831,경기도 화성시 향남읍 평리 81-19,1522-3232,37.131948556839525,0,2029,20220916,Z9999@T01@T05@T08@T16@T17@T20@T21@T30@T34@T36@T43@T51@T56@T58@T65@T69@T71@P90@T09
송산그린시티,경기,화성시,08,0831,경기도 화성시 새솔동 76-7,1522-3232,37.284793,0,1691,20200813,Z9999@T05@T08@T16@T17@T20@T21@T30@T34@@T56@T58@T65@T69@T09
동탄타임테라스,경기,화성시,08,0831,경기도 화성시 반송동 96 메타폴리스,1522-3232,37.204292,0,1951,20220401,Z9999@T05@T08@T16@T17@T20@T21@T30@T34@@T36@T51@T56@T58@T65@T69@T09
동탄IX타워,경기,화성시,08,0831,경기도 화성시 영천동 281 동탄금강펜테리움IX타워 M8~M11호,1522-3232,37.21111373899295,0,1924,20220126,T05@T08@T16@T17@T20@T21@T30@T34@T36@@T43@T51@T56@T58@T64@T65@T69@T71@T09
동탄역롯데R,경기,화성시,08,0831,경기도 화성시 오산동 967-157 경기도 화성시 동탄역로 160(오산동),1522-3232,37.199829040652936,0,1852,20210818,Z9999@T03@T05@T08@T16@T17@T20@T21@T26@T29@T30@T34@@T37@T39@T41@T42@T51@T56@T58@T64@T65@T69@P40@T09
화성안녕DT,경기,화성시,08,0831,경기도 화성시 안녕동 37-3,1522-3232,37.2026342484652,0,1842,20210812,T01@T05@T08@T16@T17@T20@T21@T30@T34@@T51@T56@T58@T65@T69@P90@T09
동탄디엠시티,경기,화성시,08,0831,경기도 화성시 영천동 동탄역 대방디엠시티 더 센텀,1522-3232,37.209675052899826,0,1837,20210716,T05@T08@T16@T17@T20@T21@T30@T34@@T43@T51@@@T56@T58@T64@T65@T69@T71@P40@P90@T09
화성향남2지구,경기,화성시,08,0831,"경기도 화성시 향남읍 하길리 1465-2  센트럴프라자1동 108호,204호",1522-3232,37.1163585032065,0,1827,20210629,Z9999@T05@T08@T16@T17@T20@T21@T30@T34@@T36@T43@T56@T58@T64@T65@T69@T71@P90@T09
남양화성로DT,경기,화성시,08,0831,경기도 화성시 남양읍 남양리 622,1522-3232,37.21105630237535,0,2292,20240808,T01@T05@T08@T16@T17@T20@T21@T30@T34@T43@T51@T56@T58@T65@T69@T71@T09
화성향남발안DT,경기,화성시,08,0831,경기도 화성시 향남읍 관리 295-9,1522-3232,37.1334903068842,0,2119,20230428,T01@T05@T08@T16@T17@T20@T21@T30@T34@T36@T51@T56@T58@T65@T69@P01@T09
동탄호수공원,경기,화성시,08,0831,경기도 화성시 송동 694,1522-3232,37.17215165644,0,1687,20200807,Z9999@T05@T08@T16@T17@T20@T21@T30@T34@@T43@@@T56@T58@T65@T69@T71@P40@P90@T09
삼송역,경기,고양시 덕양구,08,0832,경기도 고양시 덕양구 삼송동 291 힐스테이트 삼송역,1522-3232,37.65226186576663,0,1642,20200513,Z9999@T05@T08@T16@T17@T20@T21@T30@T34@T36@@T43@@T56@T58@T65@T69@T71@P80@P90@T09
원흥역,경기,고양시 덕양구,08,0832,경기도 고양시 덕양구 원흥동 630,1522-3232,37.64941846846435,0,1548,20191017,Z9999@T05@T08@T16@T17@T20@T21@T30@T34@@T36@T43@T56@T58@T65@T69@T71@P80@P90@T09
스타필드고양3F,경기,고양시 덕양구,08,0832,경기도 고양시 덕양구 동산동 370 스타필드 고양 3층,1522-3232,37.647216,0,1262,20170817,Z9999@T05@T08@T16@T17@T20@@T30@T34@@@@T51@T56@T58@T64@T65@T69@P40@T09
스타필드고양1FR,경기,고양시 덕양구,08,0832,경기도 고양시 덕양구 동산동 370 스타필드 고양,1522-3232,37.64697,0,1261,20170817,Z9999@T03@T05@T08@T16@T17@@T26@T29@T30@T34@@@@T37@T39@T41@T42@T51@T56@T58@T64@T65@T69@P40@T09
고양삼송,경기,고양시 덕양구,08,0832,경기도 고양시 덕양구 신원동 628-2,1522-3232,37.66367284776591,0,1121,20161011,Z9999@T05@T08@T16@T17@T20@T21@T30@T34@@@@T43@T56@T58@T64@T65@T69@T71
고양DT,경기,고양시 덕양구,08,0832,경기도 고양시 덕양구 고양동 568,1522-3232,37.7095394,0,1014,20151211,Z9999@T01@@T08@T16@T17@T20@T30@T34@@T36@T43@T51@T56@T58@T63@T65@T69@T71@T09
행신역,경기,고양시 덕양구,08,0832,경기도 고양시 덕양구 행신동 762,1522-3232,37.61411330095322,0,1075,20160614,Z9999@T02@T05@T08@T16@T17@T20@T21@T30@T34@@T43@T56@T58@@T65@T69@T71@P80
원당DT,경기,고양시 덕양구,08,0832,경기도 고양시 덕양구 주교동 620-1,1522-3232,37.658155,0,869,20141218,Z9999@T01@@T08@T16@T17@T20@T30@T34@@@@T43@T51@T56@T58@T65@T69@T71
화정,경기,고양시 덕양구,08,0832,경기도 고양시 덕양구 화정동 970-5,1522-3232,37.63353224,0,161,20010508,Z9999@T05@T08@T16@T17@T20@T21@T30@T34@@@T36@@T43@T56@T58@@T65@T69@T71@P80
화정역,경기,고양시 덕양구,08,0832,"경기도 고양시 덕양구 화정동 973번지 111,119호",1522-3232,37.633450960563216,0,541,20120814,Z9999@T05@T08@T16@T17@T20@T21@T30@T34@@@@T43@@T56@T58@T65@T69@T71@P80@P90@T09
고양덕은,경기,고양시 덕양구,08,0832,경기도 고양시 덕양구 덕은동 0 위프라임트윈타워,1522-3232,37.579508396875966,0,2123,20230406,Z9999@T05@T08@T16@T17@T20@T21@T30@T34@@T43@T51@T56@T58@T65@T69@T71@T09
고양행신,경기,고양시 덕양구,08,0832,경기도 고양시 덕양구 행신동 999,1522-3232,37.623898,0,1709,20201007,Z9999@T05@T08@T16@T17@T20@T21@T30@T34@@T43@@T56@T58@T65@T69@T71@P90@T09
고양원흥DT,경기,고양시 덕양구,08,0832,경기도 고양시 덕양구 원흥동 332-1,1522-3232,37.636819,0,1860,20210825,Z9999@T01@T08@T16@T17@T20@T21@T30@T34@@@T43@T51@T56@T58@T65@T69@T71@P90@T09
고양향동,경기,고양시 덕양구,08,0832,경기도 고양시 덕양구 향동동 529,1522-3232,37.598841426922625,0,1784,20210331,Z9999@T05@T08@T16@T17@T20@T21@T30@T34@@T56@T58@T65@T69@T09
지축역,경기,고양시 덕양구,08,0832,경기도 고양시 덕양구 지축동 0 성산타워,1522-3232,37.649902287279666,0,2068,20221207,Z9999@T05@T08@T16@T17@T20@T21@T30@T34@@T51@T56@T58@T65@T69@P80
화정호국로,경기,고양시 덕양구,08,0832,"경기도 고양시 덕양구 화정동 689-24,689-25,674-37",1522-3232,37.641816368002175,0,1821,20210618,Z9999@T05@T08@T16@T17@T20@T21@T30@T34@@T36@T43@T51@T56@T58@T64@T65@T69@T71@P70@P90@T09
고양원당역,경기,고양시 덕양구,08,0832,경기도 고양시 덕양구 성사동 877,1522-3232,37.6538042589537,0,2532,20260311,Z9999@T05@T08@T16@T17@T20@T21@T30@T34@T43@T51@T56@T58@T65@T71@P80
신흥역,경기,성남시 수정구,08,0833,"경기도 성남시 수정구 신흥동 4124 신흥동롯데시네마타워 120호, 120-1호, 121호, 121-1호, 121-2호",1522-3232,37.440935,0,1628,20200409,Z9999@T05@T08@T16@T17@T20@T21@T30@T34@T36@T43@@T56@T58@T65@T69@T71@P40@P80@P90@T09
성남위례,경기,성남시 수정구,08,0833,경기도 성남시 수정구 창곡동 505 위례 한화오벨리스크 센트럴스퀘어,1522-3232,37.472839,0,1280,20171017,Z9999@T05@T08@T16@T17@T20@T21@T30@T34@@@T56@T58@T64@T65@T69@P90@T09
성남이마트,경기,성남시 수정구,08,0833,경기도 성남시 수정구 태평동 7336 신세계쉐덴,1522-3232,37.4442471,0,1032,20160127,Z9999@T05@T08@T16@T17@T20@T30@T34@@T43@@T56@T58@T65@T69@T71@P40@T09
가천대학교,경기,성남시 수정구,08,0833,경기도 성남시 수정구 복정동 620-2 가천대학교 비전타워 1층,1522-3232,37.44941,0,2215,20231116,Z9999@T05@T08@T16@T17@T20@T21@T30@T34@@T43@T51@@T56@T58@T64@T65@T69@T71@P20@P80@P90@T09
수진역,경기,성남시 수정구,08,0833,경기도 성남시 수정구 신흥동 6910 일문파이낸스빌딩 1층 일부,1522-3232,37.4389903651714,0,2214,20231123,T05@T08@T16@T17@T20@T21@T30@T34@@T43@T51@@T55@T56@T58@T65@T69@T71@P80@P90@T09
위례창곡,경기,성남시 수정구,08,0833,경기도 성남시 수정구 창곡동 513-3 신성위캐슬타워,1522-3232,37.472159,0,2495,20251226,Z9999@T05@T08@T16@T17@T20@T21@T30@T34@T43@T51@T56@T58@T65@@T67@T69@@T71
성남태평,경기,성남시 수정구,08,0833,"경기도 성남시 수정구 태평동 3496-2, 1~2층",1522-3232,37.442561275669,0,2171,20230824,T05@T08@T16@T17@T20@T21@T30@T34@@T36@T43@T51@T55@@T56@T58@T65@T69@T71@P40@P80@P90
판교아이스퀘어,경기,성남시 수정구,08,0833,경기도 성남시 수정구 시흥동 296-3외 4필지 판교아이스퀘어 제1층 106호,1522-3232,37.41291102051743,0,1859,20210824,Z9999@T05@T08@T16@T17@T20@T21@T30@T34@@T36@@T51@T56@T58@T64@T65@T69@P90@T09
판교위든타워,경기,성남시 수정구,08,0833,경기도 성남시 수정구 금토동 690,1522-3232,37.406853849128,0,2401,20250415,T05@T08@T16@T17@T20@T21@T30@T34@T36@T43@T51@T56@T58@T63@T65@T69@T71@T09
성남모란삼성,경기,성남시 수정구,08,0833,"경기도 성남시 수정구 수진동 4789, 1층일부",1522-3232,37.43359712142669,0,1948,20220329,Z9999@T05@T08@T16@T17@T20@T21@T30@T34@@T36@T51@T56@T58@T65@T69@T09
남위례역,경기,성남시 수정구,08,0833,경기도 성남시 수정구 창곡동 560-1 위례우남역 퍼스트푸르지오시티,1522-3232,37.4646,0,1929,20220222,Z9999@T05@T08@T16@T17@T20@T21@T30@T34@T36@@T43@T51@T55@T56@T58@T64@T65@T69@T71@P80@P90
판교놀유니버스,경기,성남시 수정구,08,0833,경기도 성남시 수정구 금토동 717,1522-3232,37.405652966500696,0,2427,20250620,T05@T08@T16@T17@T20@T21@T30@T34@T36@T51@T56@T58@T65@T69@P90@T09
위례중앙광장,경기,성남시 수정구,08,0833,경기도 성남시 수정구 창곡동 509 창곡동 509번지,1522-3232,37.473711672971596,0,2559,20260430,Z9999@T05@T16@T17@T20@T21@T27@T30@T34@T43@T56@T58@T64@T65@T66@T71@T09
판교제2테크노밸리,경기,성남시 수정구,08,0833,경기도 성남시 수정구 시흥동 294-2 판교제2테크노밸리기업성장센터,1522-3232,37.41108510155048,0,2301,20240730,T05@T08@T16@T17@T20@T21@T30@T34@T36@T43@T51@@T56@T58@T63@T64@T65@T69@T71@T09
여주DT,경기,여주시,08,0834,경기도 여주시 점봉동 429-1,1522-3232,37.26613937,0,1424,20181026,Z9999@T01@T05@T08@T16@T17@T20@T30@@T36@@T43@@T56@T58@T65@T69@T71@P20@P90@T09
여주P.아울렛입구,경기,여주시,08,0834,경기도 여주시 상거동 460 여주프리미엄아울렛 2004호,1522-3232,37.24051058,0,20,20090425,@T05@T08@T16@T17@T20@T30@@T36@T56@T58@T64@T65@T69@P40@P90@T09
여주P.아울렛,경기,여주시,08,0834,경기도 여주시 상거동 460 여주프리미엄아울렛 2400호,1522-3232,37.242436232,0,66,20070528,@T05@T08@T16@T17@T20@T30@T34@@T36@T56@T58@T64@T65@T69@P40@P90@T09
여주프리미엄빌리지,경기,여주시,08,0834,경기도 여주시 상거동 375-54,1522-3232,37.2426426001696,0,2308,20240830,T05@T08@T16@T17@T20@T21@T30@T34@T36@T51@T56@T58@T65@@T69@P40@P90@T09
여주남한강DT,경기,여주시,08,0834,"경기도 여주시 천송동 565-8, 572",1522-3232,37.3004139931102,0,2148,20230622,Z9999@T01@T05@T08@T16@T17@T20@@T21@T30@T34@T36@@T43@T47@T51@T55@@T56@T58@T65@T69@T71@P01@P90@T09
여주자유CC,경기,여주시,08,0834,경기도 여주시 가남읍 삼군리 468-4,1522-3232,37.20895593135141,0,1931,20220211,T16@T17@T20@T21@T22@T30@T34@T36@T51@T58@T65@T69@T09
서여주IC DT,경기,여주시,08,0834,경기도 여주시 세종대왕면 번도리 887-30,1522-3232,37.298135321397,0,2273,20240529,Z9999@T01@T05@T08@T16@T17@T20@T30@T34@T36@T51@T56@T58@T65@T69@P01@P90@T09
평택비전,경기,평택시,08,0835,"경기도 평택시 비전동 1103-1, 2 1층 113, 114, 115, 116, 117, 138호",1522-3232,36.99882806023261,0,1502,20190613,Z9999@T02@T05@T08@T16@T17@T20@T21@T30@@@@T43@T56@T58@T65@T69@T71@P90@T09
평택서정DT,경기,평택시,08,0835,경기도 평택시 서정동 813-2,1522-3232,37.066066,0,1526,20190730,Z9999@T01@T05@T08@T16@T17@T20@T21@T30@T34@@@@T43@@T56@T58@T65@T69@T71@P90
평택안중DT,경기,평택시,08,0835,"경기도 평택시 안중읍 현화리 649-4, 649-8, 649-10, 652, 652-1",1522-3232,36.99081604230166,0,1589,20191218,Z9999@T01@T05@T08@T16@T17@T20@T21@T30@T34@T36@@@T43@@T56@T58@T65@T69@T71@P01@P90@T09
평택로데오,경기,평택시,08,0835,경기도 평택시 평택동 291-11,1522-3232,36.99183,0,976,20150826,Z9999@T05@T08@T16@T17@T20@T30@T34@@@@T43@T51@@T56@T58@T65@T69@T71@P60@P80@T09
평택AK플라자,경기,평택시,08,0835,경기도 평택시 평택동 185-1 평택역,1522-3232,36.99189,0,868,20141218,T05@T08@T16@T17@T20@T30@@T36@@@T56@T58@T65@T69@P40@P60@P80@P90@T09
평택송탄,경기,평택시,08,0835,경기도 평택시 서정동 847-5번지,1522-3232,37.06659128238811,0,622,20130530,T02@T05@T08@T16@T17@T20@T30@@@@T43@@T58@T65@T69@T71
평택용이DT,경기,평택시,08,0835,경기도 평택시 죽백동 646-2,1522-3232,37.003104285808426,0,2493,20251219,Z9999@T01@T05@T08@T16@T17@T20@T21@T30@T34@T43@T51@T56@T58@T63@T65@T69@T71@P01@T09
평택독곡DT,경기,평택시,08,0835,"경기도 평택시 독곡동 386-1, 385, 386-9, 451-7",1522-3232,37.08708158627897,0,2112,20230324,Z9999@T01@T05@T08@T16@T17@T20@T30@T34@@T36@T43@T51@T56@T58@T65@T69@T71@P90@T09
평택이충DT,경기,평택시,08,0835,경기도 평택시 이충동 76-3,1522-3232,37.052009,0,1988,20220609,T01@T05@T08@T16@T17@T20@T21@T30@T34@T36@T43@T51@T56@T58@T65@T69@T71@T09
평택죽백DT,경기,평택시,08,0835,경기도 평택시 죽백동 479-7,1522-3232,37.013806597867,0,1666,20200625,Z9999@T01@T05@T08@T16@T17@T20@T21@T30@T34@@@T43@@T56@T58@T65@T69@T71@P90@T09
평택청북DT,경기,평택시,08,0835,경기도 평택시 청북읍 옥길리 1157-1,1522-3232,37.0201732740776,0,1932,20220218,T01@T05@T08@T16@T17@T20@T21@T30@T34@@T36@T43@T51@@T56@T58@T65@T69@T71@P90@T09
평택고덕에듀타운,경기,평택시,08,0835,경기도 평택시 고덕동 2696-3,1522-3232,37.036367066190806,0,2265,20240503,Z9999@T05@T08@T16@T17@T20@T21@T30@T34@T36@T43@T51@@T56@T58@T65@T69@T71@T09
평택대DT,경기,평택시,08,0835,경기도 평택시 용이동 606-2,1522-3232,36.9933627,0,1743,20201218,Z9999@T01@T05@T08@T16@T17@T20@T21@T30@T34@@@T43@@T56@T58@T65@T69@T71@P20@T09
평택고덕,경기,평택시,08,0835,경기도 평택시 고덕면 여염리 4501-2번지,1522-3232,37.04023606708466,0,1914,20220120,Z9999@T05@T08@T16@T17@T20@T21@T30@T34@@T36@T43@T51@@T56@T58@T65@T69@T71
평택이마트,경기,평택시,08,0835,경기도 평택시 지제동 50 이마트,1522-3232,37.020788,0,1941,20220318,Z9999@T05@T08@T16@T17@T20@T30@T34@@T36@T43@T51@@T56@T58@T64@T65@T69@T71@P40@T09
평택안중서동대로DT,경기,평택시,08,0835,"경기도 평택시 안중읍 안중리 60-29, 60-30, 60-31",1522-3232,36.9907209035009,0,2421,20250612,Z9999@T01@T05@T08@T16@T17@T20@T21@T30@T34@T43@T51@T56@T58@T65@T69@T71@T09
평택세교DT,경기,평택시,08,0835,"경기도 평택시 세교동 425, 425-15, 425-51",1522-3232,37.007340586669855,0,1848,20210827,Z9999@T01@T05@T08@T16@T17@T20@T21@T30@T34@T36@@T43@T51@@T56@T58@T65@T69@T71@P90@T09
평택팽성DT,경기,평택시,08,0835,경기도 평택시 팽성읍 남산리 466,1522-3232,36.95483635792418,0,2254,20240425,Z9999@T01@T05@T08@T16@T17@T20@T21@T30@T34@T36@@T43@T51@T55@T56@T58@T65@T69@T71@T09
평택비전DT,경기,평택시,08,0835,경기도 평택시 비전동 17-1,1522-3232,37.011055723008184,0,2128,20230428,Z9999@T01@T05@T08@T16@T17@T20@T21@T30@T34@@T43@T47@T51@@T56@T58@T65@T69@T71@P01@P90@T09
주엽강선,경기,고양시 일산서구,08,0836,경기도 고양시 일산서구 주엽동 81 강선마을13단지아파트,1522-3232,37.6663259773628,0,1629,20200619,T05@T08@T16@T17@T20@T21@T30@T34@@T36@T56@T58@T65@T69@P90@T09
일산가로수길,경기,고양시 일산서구,08,0836,경기도 고양시 일산서구 대화동 1050-185,1522-3232,37.6657119408568,0,1373,20180615,@T05@T08@T16@T17@T20@T21@@@@T30@@@@T36@@T56@T58@T65@T69@P90@T09
일산가구단지,경기,고양시 일산서구,08,0836,경기도 고양시 일산서구 덕이동 373-9,1522-3232,37.69956957737873,0,1300,20171130,Z9999@T05@T08@T16@T17@T20@T21@T30@@@@T36@T43@@T56@T58@T65@T69@T71@T09
일산덕이DT,경기,고양시 일산서구,08,0836,경기도 고양시 일산서구 덕이동 469. 469-1,1522-3232,37.692057815057964,0,1212,20170426,Z9999@T01@T05@T08@T16@T17@T20@T30@@@@T36@T43@T56@T58@T65@T69@T71
일산후곡,경기,고양시 일산서구,08,0836,경기도 고양시 일산서구 일산동 1084-1,1522-3232,37.6773867,0,942,20150623,Z9999@@T05@T08@T16@T17@T20@T30@T34@T36@@@@T43@T51@T56@T58@T63@T64@T65@T69@T71
스타필드마켓일산,경기,고양시 일산서구,08,0836,경기도 고양시 일산서구 대화동 2703번지 1층,1522-3232,37.661585014852534,0,941,20150618,Z9999@@T05@T08@T16@T17@T20@T30@T34@@@T36@@T43@T51@@T56@T58@T65@T69@T71@P40@T09
일산탄현제니스,경기,고양시 일산서구,08,0836,경기도 고양시 일산서구 탄현동 1640 (일산위브더제니스스퀘어1동147~151),1522-3232,37.694119053291224,0,724,20140124,Z9999@T05@T08@T16@T17@T20@T21@T30@T34@@T36@@@T43@@T56@T58@T65@T69@T71@P80@T09
대화역,경기,고양시 일산서구,08,0836,경기도 고양시 일산서구 대화동 2222-3 씨티타워 1~2층,1522-3232,37.6753761,0,697,20131203,Z9999@T05@T08@T16@T17@T20@T21@T30@T34@@@T36@@T43@T51@@T56@T58@T64@T65@T69@T71@P80@P90@T09
일산주엽,경기,고양시 일산서구,08,0836,경기도 고양시 일산서구 주엽동 71-1 1층,1522-3232,37.669903,0,666,20130917,Z9999@T05@T08@T16@T17@T20@T30@T34@@@T36@@T56@T58@T64@T65@T69@P80@T09
현대킨텍스,경기,고양시 일산서구,08,0836,경기도 고양시 일산서구 대화동 2602,1522-3232,37.668128,0,1661,20200619,T05@T08@T16@T17@T20@T30@T34@@T36@@T56@T58@T69@P40@T09
문촌사거리,경기,고양시 일산서구,08,0836,경기도 고양시 일산서구 주엽동 17 문촌마을 복합상가,1522-3232,37.672648304725364,0,1869,20210917,Z9999@T05@T08@T16@T17@T20@T21@T30@T34@@@T43@T51@T56@T58@T65@T69@T71@T09
일산탄현동,경기,고양시 일산서구,08,0836,경기도 고양시 일산서구 탄현동 142-84,1522-3232,37.6951672,0,1675,20200804,Z9999@T05@T08@T16@T17@T20@T21@T30@T34@@T36@T43@@T56@T58@T65@T69@T71@P80@P90@T09
풍무역DT,경기,김포시,08,0837,경기도 김포시 풍무동 326-3 326-4,1522-3232,37.610369792,0,1591,20191223,Z9999@T01@T05@T08@T16@T17@T20@T21@T30@T34@@T36@T43@T56@T58@T64@T65@T69@T71@P80@P90@T09
풍무사거리DT,경기,김포시,08,0837,"경기도 김포시 풍무동 57-1, 57-2, 52-9, 52-21, 52-23, 58-3",1522-3232,37.60783812341018,0,1624,20200320,Z9999@T01@T05@T08@T16@T17@T20@T21@T30@T34@@T36@@T43@T56@T58@T64@T65@T69@T71@P90@T09
김포아이앤씨,경기,김포시,08,0837,경기도 김포시 장기동 2083-2 신세계그룹 데이터센터,1522-3232,37.638769,0,1534,20190828,T05@T08@T16@T17@T20@T21@T30@T34@@T36@@T43@@T56@T58@T64@T65@T69@T71@P90
김포장기커낼,경기,김포시,08,0837,경기도 김포시 장기동 2031 e편한세상 캐널시티,1522-3232,37.63960023453895,0,1297,20171122,T05@T08@T16@T17@T20@T21@T30@@@@T36@T43@T56@T58@T65@T69@T71@P90
김포감정DT,경기,김포시,08,0837,경기도 김포시 감정동 502-20,1522-3232,37.624786,0,1274,20170926,Z9999@T01@T05@T08@T16@T17@T20@T30@T36@@@@T43@T56@T58@T64@T65@T69@T71@P90@T09
김포운양,경기,김포시,08,0837,경기도 김포시 운양동 1298-1번지,1522-3232,37.6543091,0,940,20150617,Z9999@T05@T08@T16@T17@T20@T21@T30@T34@T36@@@@T43@T51@T56@T58@T64@T65@T69@T71@P80@P90
김포이마트,경기,김포시,08,0837,경기도 김포시 구래동 6880-9,1522-3232,37.644436737352,0,891,20150129,Z9999@@T05@T08@T16@T17@T20@T30@@@T36@@T43@@T56@T58@T64@T65@T69@T71@P40@T09
김포풍무DT,경기,김포시,08,0837,경기도 김포시 풍무동 620-11,1522-3232,37.59993119799736,0,742,20140227,Z9999@T01@T05@T08@T16@T17@T20@T30@@T43@T56@T58@T64@T65@T69@T71@T09
김포시청,경기,김포시,08,0837,경기도 김포시 사우동 246-6,1522-3232,37.6184109302165,0,758,20140328,Z9999@T05@T08@T16@T17@T20@T21@T30@T36@@@@T43@T55@@T56@T58@T64@T65@T69@T71@P80@P90
김포장기,경기,김포시,08,0837,경기도 김포시 장기동 1608번지 홍우프라자 102~105호,1522-3232,37.644239,0,599,20130326,Z9999@T05@T08@T16@T17@T20@T21@T30@T34@@@T36@@T43@T51@T56@T58@T63@T64@T65@T69@T71@P90@T09
김포통진DT,경기,김포시,08,0837,경기도 김포시 통진읍 도사리 640-25,1522-3232,37.682933887288634,0,2161,20230728,Z9999@T01@T05@T08@T16@T17@T20@T21@T30@T34@@T36@T43@T51@T55@T56@T58@T65@T69@T71@T09
김포현대아울렛3층,경기,김포시,08,0837,경기도 김포시 고촌읍 전호리 654 현대프리미엄아울렛 3층,1522-3232,37.598553606371226,0,1930,20220218,T05@T08@T16@T17@T20@T30@T34@T36@T51@T56@T58@T65@T69@P40@P90@T09
김포구래DT,경기,김포시,08,0837,경기도 김포시 양촌읍 구래리 774-4,1522-3232,37.63477683875019,0,2012,20220729,Z9999@T01@T05@T08@T16@T17@T20@T21@T30@T34@T36@@T51@T56@T58@T65@T69@P90@T09
고촌역1번출구,경기,김포시,08,0837,경기도 김포시 고촌읍 신곡리 533-30 (신곡리 1069-1) 1층 일부,1522-3232,37.60249686555899,0,2580,20260529,Z9999@T05@T08@T16@T17@T20@T21@T30@T34@T43@T56@T58@T64@T65@T67@T69@T71@P80@P90
김포석모DT,경기,김포시,08,0837,"경기도 김포시 양촌읍 석모리 917, 921-3, 919-2번지 총 3필지",1522-3232,37.651278880898836,0,1683,20200828,Z9999@T01@T08@T16@T17@T20@T21@T30@T34@@T36@T56@T58@T65@T69@P90@T09
김포걸포,경기,김포시,08,0837,경기도 김포시 걸포동 264-4 한강메트로자이1단지 파인스타 161~167호,1522-3232,37.631833081161055,0,1959,20220406,T02@T05@T08@T16@T17@T20@T21@T30@T34@@T36@T43@T51@@T56@T58@T64@T65@T69@T71@P90@T09
김포애기봉생태공원,경기,김포시,08,0837,경기도 김포시 월곶면 조강리 1-9,1522-3232,37.75543683447103,0,2352,20241129,T05@T08@T16@T17@T20@T30@T34@T36@T51@T56@T58@T64@T67@T69@P40@P90@T09
김포양촌역DT,경기,김포시,08,0837,경기도 김포시 양촌읍 구래리 262-1 외 6개 필지,1522-3232,37.64778288069669,0,2320,20240913,T01@T05@T08@T16@T17@T20@T21@T30@T34@T36@T51@T56@T58@T63@T65@T69@T09
김포한강로DT,경기,김포시,08,0837,"경기도 김포시 양촌읍 석모리 296-3, 297-6, 297-13",1522-3232,37.65075236331756,0,2180,20230914,Z9999@T01@T05@T08@T16@T17@T20@T21@T30@T34@T36@@T51@T56@T58@T65@T69@T09
부천상동역,경기,부천시,08,0838,경기도 부천시 원미구 상동 535-5 드림모아,1522-3232,37.50621,0,1613,20200227,Z9999@T05@T08@T16@T17@T20@T21@T30@T34@@T36@T43@T55@@T56@T58@T64@T65@T69@T71@P40@P80@T09
스타필드부천,경기,부천시,08,0838,경기도 부천시 소사구 옥길동 768 스타필드시티 부천,1522-3232,37.461162409103956,0,1537,20190903,Z9999@T05@T08@T16@T17@T20@T30@T34@@@@T56@T58@T65@T69@P40@T09
부천옥길,경기,부천시,08,0838,경기도 부천시 소사구 옥길동 745-3 문영 퀸즈파크 B,1522-3232,37.467655743678904,0,1612,20200416,Z9999@T05@T08@T16@T17@T20@T21@T30@T34@@T36@T43@T56@T58@T64@T65@T69@T71@P90
부천심곡DT,경기,부천시,08,0838,경기도 부천시 원미구 심곡동 110-5 심곡동110-5 근린생활시설,1522-3232,37.4930435100127,0,1279,20170929,Z9999@T01@T05@T08@T16@T17@T20@T30@T34@@T36@@T43@T56@T58@T64@T65@T69@T71@P70@P90@T09
뉴코아부천,경기,부천시,08,0838,경기도 부천시 원미구 상동 539-1 소풍(부천터미널),1522-3232,37.50456053172636,0,1118,20160928,Z9999@T05@T08@T16@T17@T20@T30@T34@@T36@T43@T51@T56@T58@T64@T65@T69@T71@P40@T09
중동이마트,경기,부천시,08,0838,경기도 부천시 원미구 중동 1157 (주)신세계이마트중동점,1522-3232,37.50406453617466,0,1117,20160930,Z9999@T05@T08@T16@T17@T20@T30@T36@T43@T55@@T56@T58@T64@T65@T69@T71@P40@P80@P90@T09
부천중동DT,경기,부천시,08,0838,경기도 부천시 원미구 중동 628-14,1522-3232,37.4963743,0,1035,20160212,Z9999@T01@T05@T08@T16@T17@T20@@T30@T36@@@T43@T56@T58@T65@T69@T71@P90@T09
부천신중동역,경기,부천시,08,0838,경기도 부천시 원미구 중동 1058-5 동화빌딩,1522-3232,37.5037646,0,938,20150611,Z9999@@T05@T08@T16@T17@T20@T21@T30@T34@@@T43@T51@T56@T58@T64@T65@T68@T69@T71@T75@P60@P80@P90@T09
역곡역DT,경기,부천시,08,0838,경기도 부천시 소사구 괴안동 112-25,1522-3232,37.4835239,0,900,20150313,Z9999@T01@T05@T08@T16@T17@T20@@T30@T34@@@@T43@T51@T56@T58@T65@T69@T71@P80@P90@T09
부천중동,경기,부천시,08,0838,경기도 부천시 원미구 중동 1131-5 CDS빌딩,1522-3232,37.497976,0,741,20140226,Z9999@T05@T08@T16@T17@T20@T21@T30@T34@@@@T43@T56@T58@T64@T65@T69@T71@P80@P90
부천시청역,경기,부천시,08,0838,경기도 부천시 원미구 중동 1031-2 골든벨타워,1522-3232,37.50515528927381,0,650,20130816,Z9999@T05@T08@T16@T17@T20@T21@T30@T34@@T36@T43@T56@T58@T64@T65@T69@T71@P80@P90
현대중동,경기,부천시,08,0838,경기도 부천시 원미구 중동 1164-1 현대백화점 중동점,1522-3232,37.50451371486611,0,206,20030820,T05@T08@T16@T17@T20@T30@T34@T36@@T56@T58@T64@T65@T69@P40@P80@T09
부천플레이도시,경기,부천시,08,0838,경기도 부천시 원미구 상동 572-1 부천체육문화센타,1522-3232,37.50030232896319,0,89,20071011,T05@T08@T16@T17@T20@T21@T30@T36@@T58@T64@T65@T69@P40@T09
송내역,경기,부천시,08,0838,경기도 부천시 원미구 상동 464 루치올라 빌딩,1522-3232,37.488389,0,439,20111006,Z9999@T05@T08@T16@T17@T20@T21@T30@@T36@T43@T51@@T55@T58@T64@T65@T69@T71@P80@P90@T09
부천상동,경기,부천시,08,0838,경기도 부천시 원미구 상동 544-4 가나베스트타운 쓰리,1522-3232,37.50549707139006,0,438,20111006,Z9999@T05@T08@T16@T17@T20@T21@T30@T34@T36@@T43@T56@T58@T64@T65@T69@T71@P80@P90@T09
부천상일로,경기,부천시,08,0838,경기도 부천시 원미구 상동 447 송내리더스텔,1522-3232,37.49123838780798,0,2221,20231213,T05@T08@T16@T17@T20@T21@T30@T34@T36@@T43@T51@T56@T58@T64@T65@T69@T71@P90@T09
중동삼성,경기,부천시,08,0838,경기도 부천시 원미구 중동 1149-3 삼성전자 부천중동점,1522-3232,37.5031811685761,0,1897,20211202,T05@T08@T16@T17@T20@T21@T30@T34@T36@T51@T56@T58@T64@T65@T69@P40@T09
부천역,경기,부천시,08,0838,경기도 부천시 소사구 심곡본동 316-2 부천역사 쇼핑몰,1522-3232,37.483920745347426,0,2115,20230428,Z9999@T05@T08@T16@T17@T20@T21@T30@T34@@T43@T51@T56@T58@T64@T65@T69@T71@P80@P90@T09
부천옥길DT,경기,부천시,08,0838,경기도 부천시 소사구 옥길동 784-2,1522-3232,37.4720219,0,2060,20221209,Z9999@T01@T05@T08@T16@T17@T20@T21@T30@T34@T36@@T43@T51@T56@T58@T65@T69@T71@T09
부천상동DT,경기,부천시,08,0838,경기도 부천시 원미구 상동 499-10,1522-3232,37.5156818312932,0,2039,20220930,Z9999@T01@T05@T08@T16@T17@T20@T30@T34@@T36@T43@T51@T56@T58@T65@T69@T71@P90@T09
부천원종DT,경기,부천시,08,0838,경기도 부천시 오정구 원종동 173,1522-3232,37.5297339526141,0,1934,20220225,Z9999@T01@T05@T08@T16@T17@T20@T30@T34@T36@T43@T51@@T56@T58@T64@T65@T69@T71@P90@T09
부천중동센트럴,경기,부천시,08,0838,경기도 부천시 원미구 중동 1300 센트럴파크 푸르지오,1522-3232,37.501698,0,1723,20201029,T05@T08@T16@T17@T20@T21@T30@T34@@T36@T43@T56@T58@T64@T65@T69@T71@P90@T09
춘의역DT,경기,부천시,08,0838,경기도 부천시 원미구 춘의동 168-3 스타벅스 춘의역 DT,1522-3232,37.50308,0,1738,20201210,Z9999@T01@T05@T08@T16@T17@T20@T21@T30@T34@T36@@T43@T56@T58@T64@T65@T69@T71@P80@P90@T09
신중동,경기,부천시,08,0838,경기도 부천시 원미구 중동 1132 부천농업협동조합,1522-3232,37.5003106,0,1733,20201127,Z9999@T05@T08@T16@T17@T20@T21@T30@T34@@T43@T56@T58@T64@T65@T69@T71@P80
소사역,경기,부천시,08,0838,경기도 부천시 소사구 소사본동 70-16 부천 한신더휴 메트로,1522-3232,37.48157573481657,0,2077,20230120,Z9999@T05@T08@T16@T17@T20@T21@T30@T34@T36@@T43@T51@T56@T58@T64@T65@T69@T71@P80@P90
광교갤러리아9F,경기,수원시 영통구,08,0839,경기도 수원시 영통구 하동 1017-2 9층,1522-3232,37.285343464162516,0,1618,20200302,T05@T08@T16@T17@T20@T21@T30@T34@T36@@@T56@T58@T64@T65@T69@P40@T09
수원법조타운,경기,수원시 영통구,08,0839,"경기도 수원시 영통구 하동 989 원희캐슬광교, 에이동 105호, 106호, 107호, 108호",1522-3232,37.29184,0,1455,20181221,Z9999@T05@T08@T16@T17@T20@T21@T30@@@T36@T56@T58@T64@T65@T69@P90@T09
광교역,경기,수원시 영통구,08,0839,"경기도 수원시 영통구 이의동 1257 106~108호, 203~205호",1522-3232,37.30058563335636,0,1437,20181129,Z9999@T05@T08@T16@T17@T20@T21@T30@T34@@@T36@@T56@T58@T65@T69@P20@P80@P90
광교엘포트R,경기,수원시 영통구,08,0839,경기도 수원시 영통구 이의동 1336-1 광교엘포트아이파크,1522-3232,37.2869954,0,1431,20181115,Z9999@T03@T05@T08@T16@T17@T20@T21@@T26@T29@T30@@T36@@@T42@T56@T58@T65@T69@P90@T09
영통R,경기,수원시 영통구,08,0839,경기도 수원시 영통구 영통동 981-2,1522-3232,37.2456050375822,0,1461,20190124,Z9999@T03@T05@T08@T16@T17@T20@@T26@T29@T30@@@@T37@T39@T41@T42@T43@T56@T58@T64@T65@T69@T71@P90@T09
수원망포DT,경기,수원시 영통구,08,0839,경기도 수원시 영통구 망포동 38-23 GS칼텍스삼신주유소,1522-3232,37.24582770000001,0,1010,20151127,Z9999@T01@T05@T08@T16@T17@T20@T30@T34@@T36@@T51@T56@T58@T65@T69@P90@T09
수원광교,경기,수원시 영통구,08,0839,경기도 수원시 영통구 이의동 1332 광교c1호반베르디움,1522-3232,37.29026200648969,0,928,20150521,Z9999@T05@T08@T16@T17@T20@T21@@T30@T34@@T36@@T43@T51@@T56@T58@T65@T69@T71@P40@P80@T09
수원트레이더스,경기,수원시 영통구,08,0839,경기도 수원시 영통구 신동 941,1522-3232,37.245803,0,819,20140814,Z9999@T05@T08@T16@T17@T20@T30@T34@@@@T43@T51@@T56@T58@T64@T65@T69@T71@P40@T09
경희대국제캠퍼스,경기,수원시 영통구,08,0839,경기도 수원시 영통구 영통동 1024-4,1522-3232,37.247951,0,760,20140404,Z9999@T05@T08@T16@T17@T20@T21@T30@T34@@@T36@T43@@T56@T58@T65@T69@T71@P20@P90
수원망포역,경기,수원시 영통구,08,0839,경기도 수원시 영통구 망포동 322-3번지 외 12필지,1522-3232,37.2452115522263,0,606,20130423,Z9999@T05@T08@T16@T17@T20@T21@T30@T34@@@T36@@T43@T56@T58@T64@T65@T69@T71@P40@P70@P80@P90@T09
광교이마트,경기,수원시 영통구,08,0839,경기도 수원시 영통구 이의동 1240,1522-3232,37.29661973601996,0,985,20150903,Z9999@T05@T08@T16@T17@T20@T30@T34@@T36@T43@T51@@T56@T58@T65@T69@T71@P40@P90@T09
수원영통,경기,수원시 영통구,08,0839,경기도 수원시 영통구 영통동 958-2번지 훼미리타워 1층,1522-3232,37.2556084236876,0,525,20120531,Z9999@T05@T08@T16@T17@T20@T21@T30@@@T43@T56@T58@T64@T65@T69@T71@P80@P90@T09
수원매탄,경기,수원시 영통구,08,0839,경기도 수원시 영통구 매탄동 1276 레몬스포렉스,1522-3232,37.2580532633873,0,2315,20240929,Z9999@T05@T08@T16@T17@T20@T21@T30@T34@T36@T43@T51@T56@T58@@T64@T65@T69@T71@P90@T09
광교갤러리아6F,경기,수원시 영통구,08,0839,경기도 수원시 영통구 하동 1017-2 갤러리아 광교,1522-3232,37.28539753464783,0,2145,20230630,T05@T08@T16@T17@T20@T21@T30@T34@T36@@T51@T56@T58@T65@T69@T09
광교더샵레이크시티,경기,수원시 영통구,08,0839,경기도 수원시 영통구 원천동 605,1522-3232,37.2709141105943,0,2006,20220722,Z9999@@T05@T08@T16@T17@T20@T21@T30@T34@T36@@T43@T51@T56@T58@T64@T65@T69@T71@P90@T09
수원청명,경기,수원시 영통구,08,0839,경기도 수원시 영통구 영통동 1046-4,1522-3232,37.25446,0,2030,20220902,Z9999@T05@T08@T16@T17@T20@T21@T30@T34@T36@@T43@T51@@T56@T58@T65@T69@T71@P90@T09
광교SK뷰레이크41F,경기,수원시 영통구,08,0839,경기도 수원시 영통구 하동 1016-1 광교 SK VIEW Lake 41층,1522-3232,37.28749328769524,0,2137,20230518,Z9999@T05@T08@T16@T17@T20@T21@T30@T34@@T36@T51@T56@T58@T65@T68@T69@P90@T09
안산한양대,경기,안산시 상록구,08,0840,경기도 안산시 상록구 사동 1569-1번지 제비동 1층,1522-3232,37.30076926817003,0,660,20130830,Z9999@T05@T08@T16@T17@T20@T21@T30@@T36@@T43@T56@T58@T65@T69@T71@T73@P20
안산한대앞역,경기,안산시 상록구,08,0840,경기도 안산시 상록구 이동 715-2 한남빌딩 1~2층,1522-3232,37.30851298179862,0,668,20130927,Z9999@T02@T05@T08@T16@T17@T20@T21@T30@@@T43@@T58@T65@T69@T71@P80
한양대에리카,경기,안산시 상록구,08,0840,"경기도 안산시 상록구 사동 1271, 2F 102동 학생복지관",1522-3232,37.29801825719638,0,2529,20260331,T05@T08@T16@T17@T20@T21@T30@T34@T43@T51@T56@T58@T65@T71@P20@T09
안산삼성,경기,안산시 상록구,08,0840,"경기도 안산시 상록구 이동 721 삼성전자판매 디지털프라자 안산본점, 1층 일부",1522-3232,37.306449509095856,0,1875,20211007,T05@T08@T16@T17@T20@T21@T30@T34@T36@T51@T56@T58@T65@T69@P90@T09
경기양평,경기,양평군,08,0841,경기도 양평군 양평읍 공흥리 494,1522-3232,37.491066224,0,1406,20180817,Z9999@T05@T08@T16@T17@T20@T22@T30@T34@@@@T43@@T56@T58@T64@T65@T69@P60@P90@T09
더양평DT,경기,양평군,08,0841,경기도 양평군 양평읍 양근리 501-3 외1필지,1522-3232,37.497005095,0,1676,20200724,T01@T05@T08@T16@T17@T20@T21@@@@T30@T34@@@T36@@T43@T47@T56@T58@T65@T69@T72@P01@P60@P90@T09
용인죽전,경기,용인시 수지구,08,0842,경기도 용인시 수지구 죽전동 887 죽전 효성해링턴 플레이스,1522-3232,37.3313521,0,1503,20190531,@T05@T08@T16@T17@T20@T21@@@@T30@@@T36@@@@@T56@T58@T65@T69@P70@P80@T09
죽전단국대,경기,용인시 수지구,08,0842,경기도 용인시 수지구 죽전동 1335-1,1522-3232,37.3244016,0,1464,20190131,Z9999@T05@T08@T16@T17@T20@T21@T30@@@@T36@T43@@T56@T58@T65@T69@T71@P20@P90
수지동천,경기,용인시 수지구,08,0842,경기도 용인시 수지구 동천동 946-2 1~3층,1522-3232,37.335988,0,841,20141015,Z9999@T05@T08@T16@T17@T20@T21@T30@T34@@T36@T43@T51@@T56@T58@T64@T65@T69@T71@T09
죽전,경기,용인시 수지구,08,0842,경기도 용인시 수지구 죽전동 1191-2 1~2층,1522-3232,37.331506,0,814,20140731,Z9999@T05@T08@T16@T17@T20@T21@T30@T36@@@@T43@@T56@T58@T65@T69@T71
수지성복DT,경기,용인시 수지구,08,0842,"경기도 용인시 수지구 성복동 83-2,76-2,77-2 1~2층",1522-3232,37.314048,0,824,20140826,Z9999@T01@T05@T08@T16@T17@T20@T30@T34@@T36@T43@@T56@T58@T65@T69@T71@P80@T09
스타필드마켓죽전,경기,용인시 수지구,08,0842,경기도 용인시 수지구 죽전동 1282 스타필드마켓 죽전점 1층,1522-3232,37.3253735,0,241,20050909,Z9999@T05@@@T08@T16@@@T17@@T20@T30@@@T34@@@T43@@T51@@@T56@@T58@T63@T64@T65@T69@T71@P40@P80@T09
신세계사우스시티3F,경기,용인시 수지구,08,0842,경기도 용인시 수지구 죽전동 1285 (주)신세계백화점경기점 3층,1522-3232,37.32500393,0,137,20070320,T05@T08@T16@T17@T20@T30@T34@@@T51@T56@T58@T64@T65@T69@P40@P80@T09
수지이마트,경기,용인시 수지구,08,0842,경기도 용인시 수지구 신봉동 909 번지,1522-3232,37.31965,0,350,20101118,Z9999@T05@T08@T16@T17@T20@T30@@T36@T43@@T56@T58@T64@T65@T69@T71@P40@T09
수지풍덕천,경기,용인시 수지구,08,0842,경기도 용인시 수지구 풍덕천동 1080-11번지 비즈마루빌딩1층 101호,1522-3232,37.3220699777533,0,501,20120410,Z9999@T05@T08@T16@T17@T20@T21@T30@@T36@@T43@@T56@T58@T64@T65@T69@T71@P80
광교상현역,경기,용인시 수지구,08,0842,경기도 용인시 수지구 상현동 1119 삼중프라자,1522-3232,37.298992,0,2469,20251121,Z9999@T05@T08@T16@T17@T20@T21@T30@T34@T36@T43@T51@T56@T58@T63@T65@T69@T71@P80@T09
수지메디파크,경기,용인시 수지구,08,0842,"경기도 용인시 수지구 풍덕천동 659-14 B113, B114호",1522-3232,37.329489,0,2501,20251226,Z9999@T05@T08@T16@T17@T20@T21@T30@T34@T36@T43@T51@T56@T58@T64@@T65@T69@@T71@T09
용인고기동유원지,경기,용인시 수지구,08,0842,"경기도 용인시 수지구 고기동 216-5, 216-12, 216-27, 216-41, 216-11, 755-13",1522-3232,37.359607,0,2255,20240409,T05@T08@T16@T17@T20@T21@T30@T34@T36@T43@T47@T51@T56@T58@T65@T69@T71@T75@P90@T09
신세계사우스시티9F,경기,용인시 수지구,08,0842,경기도 용인시 수지구 죽전동 1285 (주)신세계 사우스시티,1522-3232,37.32535878075988,0,2573,20260514,T05@T08@T16@T17@T20@T30@T34@T51@T56@T58@T64@T65@T67@T69@T09
수지구청역,경기,용인시 수지구,08,0842,"경기도 용인시 수지구 풍덕천동 1078 로얄스포츠센터 111,112,113,206,207호",1522-3232,37.323104564866,0,2054,20221028,Z9999@T05@T08@T16@T17@T20@T21@T30@T34@@T36@T43@T51@@T56@T58@T64@T65@T69@T71@P80@P90
수지성복역,경기,용인시 수지구,08,0842,경기도 용인시 수지구 성복동 63-1,1522-3232,37.312915362450646,0,1818,20210618,Z9999@T05@T08@T16@T17@T20@T21@T30@T34@@T36@@T43@T51@@T56@T58@T64@T65@T69@T71@P80
파주P.아울렛B1,경기,파주시,08,0843,경기도 파주시 탄현면 법흥리 1790-8 파주프리미엄아울렛,1522-3232,37.76958489426627,0,1539,20190829,@T05@T08@T16@T17@T20@T30@T34@T36@@@@T56@T58@T65@T69@P40@P90@T09
파주야당역,경기,파주시,08,0843,경기도 파주시 야당동 1066-3,1522-3232,37.712142,0,1381,20180627,Z9999@T05@T08@T16@T17@T20@T21@T30@@T36@T43@@T56@T58@T64@T65@T69@T71@P90@T09
파주금촌역,경기,파주시,08,0843,경기도 파주시 금촌동 59-10,1522-3232,37.76392263134737,0,1375,20180618,Z9999@T05@T08@T16@T17@T20@T30@T36@@@T43@T56@T58@T65@T69@T71@P90
파주금릉역,경기,파주시,08,0843,경기도 파주시 금촌동 986-1 청원센트럴타워 1층,1522-3232,37.752207,0,699,20131206,Z9999@T05@T08@T16@T17@T20@T30@@@T43@T56@T58@T65@T69@T71@P80@T09
파주운정,경기,파주시,08,0843,경기도 파주시 동패동 1758,1522-3232,37.71203,0,765,20140423,Z9999@T05@T08@T16@T17@T20@T30@T36@@T43@@T56@T58@T64@T65@T69@T71@P90@T09
파주P.아울렛2F,경기,파주시,08,0843,경기도 파주시 탄현면 법흥리 1790-8 파주프리미엄아울렛 715호,1522-3232,37.76895084392401,0,371,20110317,@T05@T08@T16@T17@T20@@T30@T36@@@T56@T58@T65@T69@P40@T09
파주해오름,경기,파주시,08,0843,경기도 파주시 다율동 1044-9 신운정프라자Ⅳ,1522-3232,37.735287340848956,0,2508,20251224,Z9999@T05@T08@T16@T17@T20@T21@T30@T34@T36@T43@T51@T56@T58@T65@T69@T71@P90@T09
파주동패,경기,파주시,08,0843,경기도 파주시 동패동 1661,1522-3232,37.71351393656551,0,2540,20260331,Z9999@T05@T08@T16@T17@T20@T21@T30@T34@T43@T51@T56@T58@T65@T69@T71@T09
파주문산DT,경기,파주시,08,0843,경기도 파주시 파주읍 봉서리 489-16 통일로주유소,1522-3232,37.84646191760853,0,1853,20210827,Z9999@T01@T05@T08@T16@T17@T20@T30@T34@T36@@T51@T56@T58@T65@T69@P90@T09
파주가람,경기,파주시,08,0843,경기도 파주시 와동동 1538-1,1522-3232,37.735972140257,0,2065,20221213,Z9999@T05@T08@T16@T17@T20@T21@T30@T34@T36@@T43@T51@@T56@T58@T64@T65@T69@T71@T09
스타필드빌리지운정,경기,파주시,08,0843,경기도 파주시 와동동 1471-2,1522-3232,37.72727176856669,0,2490,20251203,Z9999@T05@T08@T16@T17@T20@T21@T30@T34@T51@T56@T58@T63@T65@T69@P40@T09
파주산내,경기,파주시,08,0843,경기도 파주시 목동동 933-2,1522-3232,37.728707,0,1786,20210331,Z9999@T05@T08@T16@T17@T20@T21@T30@T34@T36@@@T56@T58@T65@T69@P90
파주LGD GATE G,경기,파주시,08,0843,경기도 파주시 월롱면 덕은리 1239 파주LCD산업단지,1522-3232,37.81040820088395,0,2449,20250829,T05@T08@T16@T17@T20@T21@T30@T34@T51@T56@T58@T63@T64@T67@T69@P40
파주교하,경기,파주시,08,0843,경기도 파주시 동패동 1694-2 교하일번가빌딩,1522-3232,37.7246852217901,0,2353,20241129,Z9999@T05@T08@T16@T17@T20@T21@T30@T34@T36@T43@T51@@T56@T58@T63@T65@T69@T71@P90@T09
파주LGD,경기,파주시,08,0843,경기도 파주시 월롱면 덕은리 1239 파주LCD산업단지,1522-3232,37.809288231633765,0,2210,20231115,T05@T08@T16@T17@T20@T21@T30@T34@@T51@T56@T58@T69@P40
파주야당DT,경기,파주시,08,0843,경기도 파주시 야당동 921,1522-3232,37.70346,0,1734,20201127,Z9999@T01@T05@T08@T16@T17@T20@T30@T34@T36@@T43@T56@T58@T65@T69@T71@P90@T09
파주운정이마트,경기,파주시,08,0843,경기도 파주시 동패동 1763 이마트운정점,1522-3232,37.710647,0,1707,20200923,@T05@T08@T16@T17@T20@T30@T34@@T36@T43@@T56@T58@T65@T69@T71@P40@T09
지행역,경기,동두천시,08,0844,"경기도 동두천시 지행동 693-6 크라운732, 102호, 103호, 202호",1522-3232,37.89270418557808,0,1480,20190419,Z9999@T05@T08@T16@T17@T20@T30@T34@@@@T43@@T56@T58@T64@T65@T69@T71@P80@P90
동두천DT,경기,동두천시,08,0844,경기도 동두천시 지행동 475-1,1522-3232,37.88902441625757,0,1072,20160531,Z9999@T01@T05@T08@T16@T17@T20@@T30@@@@T43@@T56@T58@T65@T69@T71@P90@T09
동두천송내DT,경기,동두천시,08,0844,경기도 동두천시 송내동 573-1,1522-3232,37.880808446841186,0,2136,20230526,Z9999@T01@T05@T08@T16@T17@T20@T21@T30@T34@@T51@T56@T58@T65@T69@P01@P90@T09
광주운남DT,광주,광산구 ,02,0201,"광주광역시 광산구 운남동 414-31, 414-84, 414-22",1522-3232,35.175136,0,1440,20181207,Z9999@T01@T05@T08@T16@T17@T20@T30@T34@@@T56@T61@T65@T70@P90@T09
광주선운DT,광주,광산구 ,02,0201,광주광역시 광산구 선암동 572,1522-3232,35.1468918132751,0,1635,20200429,Z9999@T01@T05@T08@T16@T17@T20@T21@T30@T34@@T36@T56@T61@T65@T70@P90@T09
광주산정DT,광주,광산구 ,02,0201,"광주광역시 광산구 산정동 917-11,12,13",1522-3232,35.173524,0,1421,20181026,Z9999@T01@T05@T08@T16@T17@T20@T30@@@T36@T43@T56@T61@T65@T70@T71@P90@T09
광주흑석DT,광주,광산구 ,02,0201,광주광역시 광산구 산정동 909-3,1522-3232,35.1769635314888,0,1252,20170804,Z9999@T01@T05@T08@T16@T17@T20@@T30@T34@@@T36@T43@T56@T61@T65@T70@T71@P90@T09
광주송정역,광주,광산구 ,02,0201,광주광역시 광산구 송정동 1427,1522-3232,35.138103277072865,0,1161,20161230,Z9999@T05@T08@T16@T17@T20@T21@@T30@T34@@@T56@T61@T64@T65@T70@P60@P80@P90
광주수완DT,광주,광산구 ,02,0201,광주광역시 광산구 수완동 670-11,1522-3232,35.2030951514752,0,1160,20161229,Z9999@T01@@T05@T08@T16@T17@T20@@T30@@@T51@T56@T61@T65@T70@P90@T09
광주신가DT,광주,광산구 ,02,0201,광주광역시 광산구 신가동 706-1,1522-3232,35.1790467,0,878,20141223,Z9999@T01@T05@T08@T16@T17@T20@T30@T34@@@T43@@T56@T61@T65@T70@T71@T09
광주쌍암,광주,광산구 ,02,0201,광주광역시 광산구 쌍암동 656-3,1522-3232,35.2193113953075,0,818,20140818,Z9999@T05@T08@T16@T17@T20@T21@T30@@@T43@@T56@T61@T65@T70@T71@P70@P90
광주장덕,광주,광산구 ,02,0201,광주광역시 광산구 장덕동 1302,1522-3232,35.191134393942896,0,713,20140109,Z9999@T02@T05@T08@T16@T17@T20@T21@T30@T34@@@T43@@T61@T65@T70@T71@P70@P90@T09
광주하남,광주,광산구 ,02,0201,광주광역시 광산구 우산동 1585-5번지 1~2층,1522-3232,35.1625996806446,0,684,20131101,Z9999@T05@T08@T16@T17@T20@T21@T30@T34@@@T43@T51@@T56@T61@T64@T65@T70@T71@P90
광주첨단,광주,광산구 ,02,0201,광주광역시 광산구 월계동 889-1,1522-3232,35.2147182718094,0,732,20140212,Z9999@T05@T08@T16@T17@T20@T21@T30@T34@@@T43@@T56@T61@T65@T70@T71@P90
광산수완,광주,광산구 ,02,0201,광주광역시 광산구 수완동 1426번지 1~2층,1522-3232,35.1905205771604,0,379,20110330,Z9999@T05@T08@T16@T17@T20@T21@T30@T34@T36@@@T43@T51@@T56@T61@T64@T65@T70@T71@P90
광주신창,광주,광산구 ,02,0201,광주광역시 광산구 신창동 1129-4,1522-3232,35.19613,0,2472,20251030,Z9999@T05@T08@T16@T17@T20@T21@T30@T34@T43@T51@T56@T61@@T65@T70@T71@@P90@T09
광주신창강변DT,광주,광산구 ,02,0201,광주광역시 광산구 신창동 79-8,1522-3232,35.188844789779,0,2090,20230216,Z9999@T01@T05@T08@T16@T17@T20@T21@T30@T34@T36@@T43@T47@T51@@T56@T61@T65@T70@T71@P90@T09
광주첨단DT,광주,광산구 ,02,0201,광주광역시 광산구 산월동 852-2,1522-3232,35.2062384857051,0,2061,20221208,Z9999@T01@T05@T08@T16@T17@T20@T21@T30@T34@T36@@T43@T51@T56@T61@T65@T70@T71@P70@P90@T09
광주비아DT,광주,광산구 ,02,0201,광주광역시 광산구 비아동 780,1522-3232,35.2232057,0,1695,20200917,Z9999@T01@T05@T08@T16@T17@T20@T21@T30@T34@T36@@@T43@@T56@T61@T65@T70@T71@P90@T09
광주송정로,광주,광산구 ,02,0201,광주광역시 광산구 송정동 1464,1522-3232,35.13714620828514,0,2023,20220825,Z9999@T05@T08@T16@T17@T20@T21@T30@T34@T36@@T43@T51@@T56@T61@T64@T65@T70@T71@P60@P80@P90
광주시리단길,광주,광산구 ,02,0201,"광주광역시 광산구 쌍암동 694-50 101호, 102호, 103호, 104호",1522-3232,35.216064750383524,0,2348,20241121,Z9999@T05@T08@T16@T17@T20@T21@T30@T34@T36@T43@T51@@T56@T61@T63@T65@T68@T70@T71@T09
광주월산DT,광주,남구,02,0202,광주광역시 남구 월산동 963-3,1522-3232,35.14561145257798,0,1530,20190820,Z9999@T01@T05@T08@T16@T17@T20@T21@T30@T34@@T36@T56@T61@T65@T70@P90@T09
광주주월DT,광주,남구,02,0202,광주광역시 남구 주월동 960-13,1522-3232,35.134253849378254,0,1525,20190726,Z9999@T01@T05@T08@T16@T17@T20@T21@T30@T34@@T36@@T56@T61@T65@T70@P70@P90@T09
광주효천DT,광주,남구,02,0202,"광주광역시 남구 임암동 141-3, 143-2",1522-3232,35.099967465919526,0,1587,20191206,Z9999@T01@T05@T08@T16@T17@T20@T21@T30@T34@@@T36@T56@T61@T65@T70@T09
광주봉선로,광주,남구,02,0202,광주광역시 남구 봉선동 1095번지  202동 B102호,1522-3232,35.12422731162313,0,1342,20180222,Z9999@T05@T08@T16@T17@T20@T21@T30@@@T36@T43@@T56@T61@T65@T70@T71@T09
광주서문대로,광주,남구,02,0202,광주광역시 남구 진월동 264,1522-3232,35.119448,0,1251,20170728,Z9999@T05@T08@T16@T17@T20@T21@T30@T34@@T36@@T43@@T56@T61@T65@T70@T71@T09
광주방림DT,광주,남구,02,0202,광주광역시 남구 방림동 343-20,1522-3232,35.13501455676516,0,1073,20160602,Z9999@T01@T05@T08@T16@T17@T20@T30@T34@@@T36@T43@T51@@T56@T61@T65@T70@T71@P70@P90@T09
광주봉선중앙,광주,남구,02,0202,광주광역시 남구 봉선동 473-19,1522-3232,35.12552096573952,0,865,20141217,Z9999@T05@T08@T16@T17@T20@T21@T30@T34@T36@@T43@@T61@T65@T70@T71@T09
광주진월,광주,남구,02,0202,광주광역시 남구 주월동 408-1번지 외 7필지,1522-3232,35.12572422634623,0,569,20121130,Z9999@T05@T08@T16@T17@@T20@T21@T30@@@T36@T43@@T61@T65@T70@T71@T09
광주봉선,광주,남구,02,0202,"광주광역시 남구 봉선동 109-8번지 1층 101,111호",1522-3232,35.12300369505621,0,355,20101130,Z9999@T05@T08@T16@T17@T20@T21@T30@T34@T36@@T43@T56@T61@T64@T65@T70@T71@P90@T09
봉선이마트,광주,남구,02,0202,광주광역시 남구 봉선동 1064 이마트,1522-3232,35.1224129503302,0,1939,20220311,Z9999@T05@T08@T16@T17@T20@T30@T34@T36@T43@T51@T61@T65@T70@T71@T09
광주지산DT,광주,동구,02,0203,"광주광역시 동구 동명동 12-3, 12-6",1522-3232,35.149728,0,1577,20191129,Z9999@T01@T05@T08@T16@T17@T20@T21@T30@T34@@T36@@T43@T56@T61@T65@T70@T71@P90@T09
광주동명,광주,동구,02,0203,광주광역시 동구 동명동 197-7,1522-3232,35.150362,0,1545,20190927,Z9999@T05@T08@T16@T17@T20@T21@T30@@T34@@T36@@T43@T56@T61@T64@T65@T70@T71@P20@P70@P80@P90
광주지원DT,광주,동구,02,0203,광주광역시 동구 용산동 168-1,1522-3232,35.1185225125972,0,1632,20200417,Z9999@T01@T05@T08@T16@T17@T20@T21@T30@T34@T36@@@@T56@T61@@T70@@P90@T09
광주지산유원지입구,광주,동구,02,0203,광주광역시 동구 산수동 5,1522-3232,35.154459,0,1287,20171030,Z9999@T05@T08@T16@T17@T20@T21@T30@@T36@@@@T43@T61@T64@T65@T70@T71@P90@T09
광주황금,광주,동구,02,0203,광주광역시 동구 황금동 107,1522-3232,35.1473572,0,877,20141223,Z9999@T05@T08@T16@T17@T20@T21@T30@T34@@@T36@@T43@T51@T56@T61@T64@T65@T70@T71@P60@P80
충장서림,광주,동구,02,0203,광주광역시 동구 금남로2가 35 무등맨션,1522-3232,35.14808817,0,188,20020814,Z9999@T05@T08@T16@T17@T20@T21@T30@T34@@@@T36@T43@T51@@T56@T61@T64@T65@T70@T71@P80@P90
광주계림,광주,동구,02,0203,"광주광역시 동구 계림동 483-8 101호, 102호, 103호",1522-3232,35.1573521660869,0,2513,20260130,Z9999@T05@T08@T16@T17@T20@T21@T30@T34@T43@T51@T55@T56@T61@T64@T65@T70@T71@P90@T09
조선대국제관,광주,동구,02,0203,광주광역시 동구 서석동 359-1 국제관,1522-3232,35.14268276554809,0,2383,20250306,Z9999@T05@T08@T16@T17@T20@T21@T30@T34@T36@T43@T51@@T56@T61@T64@T65@T70@T71@P20
광주문화전당,광주,동구,02,0203,광주광역시 동구 광산동 77-3 1~2층,1522-3232,35.1465578441714,0,2442,20250924,Z9999@T05@T08@T16@T17@T20@T21@T30@T34@T36@T43@T51@T55@T56@T61@T64@T65@@T70@T71
광주충장DT,광주,동구,02,0203,광주광역시 동구 불로동 178,1522-3232,35.144342,0,2058,20221129,Z9999@T01@T05@T08@T16@T17@T20@T21@T30@T34@T36@@T43@T51@T55@T56@T61@T65@T70@T71@P90@T09
광주오치,광주,북구,02,0204,광주광역시 북구 오치동 783-3,1522-3232,35.187452736868266,0,1623,20200327,Z9999@T02@T05@T08@T16@T17@T20@T21@T30@T34@@@T36@T43@@T56@T61@T65@T70@T71@P90@T09
광주연제DT,광주,북구,02,0204,광주광역시 북구 연제동 1088,1522-3232,35.197688,0,1641,20200522,Z9999@T01@T05@T08@T16@T17@T20@T21@T30@T34@@T36@T43@@T56@T61@T65@T70@T71@P90@T09
광주신안DT,광주,북구,02,0204,"광주광역시 북구 신안동 333, 333-1, 335-1, 335-3, 335-6",1522-3232,35.171678,0,1436,20181122,Z9999@T01@T05@T08@T16@T17@T20@T30@T34@@@@T36@T43@T51@@T56@T61@T65@T70@T71@P90@T09
광주매곡DT,광주,북구,02,0204,광주광역시 북구 매곡동 15,1522-3232,35.189836,0,1299,20171124,Z9999@T01@T05@T08@T16@T17@T20@T30@T36@@@@T43@@T56@T61@T65@T70@T71@P90@T09
광주두암타운,광주,북구,02,0204,광주광역시 북구 두암동 969-7 101호,1522-3232,35.162112,0,1303,20171215,Z9999@T05@T08@T16@T17@T20@T21@T30@@T36@@@T43@T56@T61@T64@T65@T70@T71@P90@T09
광주일곡,광주,북구,02,0204,광주광역시 북구 일곡동 821-1,1522-3232,35.205463,0,1172,20170215,Z9999@T05@T08@T16@T17@T20@T21@T30@@@@T36@T43@@T56@T61@T65@T70@T71@P90
광주북구청,광주,북구,02,0204,광주광역시 북구 중흥동 276-1,1522-3232,35.17483,0,1025,20151229,Z9999@T05@T08@T16@T17@T20@T21@T30@@@@T36@T43@@T61@T65@T70@T71@P20@P90
광주첨단신용,광주,북구,02,0204,광주광역시 북구 신용동 734,1522-3232,35.20701,0,963,20150805,Z9999@T05@T08@@T16@T17@@T20@T21@T30@T34@@@@T36@T43@T51@@T56@T61@T65@T70@T71@P70@P90
광주용두DT,광주,북구,02,0204,광주광역시 북구 신용동 산41-19,1522-3232,35.212837,0,936,20150604,Z9999@T01@T05@T08@T16@T17@T20@T30@T34@T36@@@@T43@@T56@T61@T65@T70@T71@P90@T09
전남대,광주,북구,02,0204,"광주광역시 북구 용봉동 152-1 1,2,3층",1522-3232,35.17719867,0,61,20070420,Z9999@T05@T08@T16@T17@T20@T21@T30@@@@T36@T43@@T56@T61@T65@T70@T71@P20@P90
광주용봉,광주,북구,02,0204,광주광역시 북구 용봉동 1383-4,1522-3232,35.178664,0,482,20120224,Z9999@T05@T08@T16@T17@T20@T21@T30@@@@T36@T43@@T61@T65@T70@T71@P90
광주각화DT,광주,북구,02,0204,광주광역시 북구 문흥동 96,1522-3232,35.1886443441194,0,2139,20230615,Z9999@T01@T05@T08@T16@T17@T20@T21@T30@T34@@T36@T51@T56@T61@T65@T70@P90@T09
동광주DT,광주,북구,02,0204,광주광역시 북구 두암동 821-9,1522-3232,35.175874,0,1764,20210204,Z9999@T01@T05@T08@T16@T17@T20@T21@T30@T34@T36@@@T43@T56@T61@T65@T70@T71@T09
광주운암,광주,북구,02,0204,"광주광역시 북구 운암동 1792, 147, 148, 149호",1522-3232,35.17726,0,2473,20251031,Z9999@T05@T08@T16@T17@T20@T21@T30@T34@T43@T51@T56@T61@@T65@T70@T71@@P90@T09
광주양산DT,광주,북구,02,0204,광주광역시 북구 양산동 267-2,1522-3232,35.208888,0,2256,20240502,Z9999@T01@T05@T08@T16@T17@T20@T21@T30@T34@T36@T43@T51@@T56@T61@T65@T70@T71@P90@T09
광주신세계DT,광주,서구,02,0205,광주광역시 서구 화정동 177-2,1522-3232,35.156282894754526,0,1494,20190430,Z9999@T01@T05@T08@T16@T17@T20@T21@T30@T34@T36@@@T43@T56@T61@T65@T70@T71@P60@P80@P90@T09
광주상무DT,광주,서구,02,0205,광주광역시 서구 쌍촌동 973-9,1522-3232,35.14993173,0,1485,20190426,Z9999@T01@@T05@T08@T16@T17@T20@T30@@@@T56@T61@T65@T70@P80@P90@T09
광주화정DT,광주,서구,02,0205,광주광역시 서구 화정동 769-1,1522-3232,35.15231182042463,0,1349,20180316,Z9999@T01@T05@T08@T16@T17@T20@T21@T30@T34@T36@@@@T56@T61@T65@T70@T09
광주상무중앙로,광주,서구,02,0205,광주광역시 서구 치평동 1251-1,1522-3232,35.151021,0,1116,20160929,Z9999@T05@T08@T16@T17@T20@T21@T30@@@@T43@@T56@T61@T65@T70@T71@P80@P90
광주상무시민로,광주,서구,02,0205,광주광역시 서구 치평동 1223,1522-3232,35.15505080404853,0,1057,20160419,Z9999@T05@T08@T16@T17@T20@T21@T30@@@T36@@T43@@T56@T61@T65@T70@T71@T09
광주풍암,광주,서구,02,0205,광주광역시 서구 풍암동 1119 한아름빌딩 101호,1522-3232,35.1268447,0,1026,20151223,Z9999@T05@T08@T16@T17@T20@@T21@T30@T34@@@T43@T56@T61@T65@T70@T71@P90
광주금호DT,광주,서구,02,0205,광주광역시 서구 쌍촌동 902-13 스타벅스 광주금호DT점,1522-3232,35.1421126,0,927,20150520,Z9999@T01@T05@T08@T16@T17@T20@T30@@@T36@T43@@T56@T61@T65@T70@T71@P60@T09
광주상무대교,광주,서구,02,0205,광주광역시 서구 치평동 1216 눈높이상무센터 1층,1522-3232,35.1551,0,689,20131115,Z9999@T05@T08@T16@T17@T20@T21@@T30@T34@@@@T43@@T56@T61@T64@T65@T70@T71
광주동림,광주,서구,02,0205,광주광역시 서구 동천동 596 1층,1522-3232,35.171734,0,676,20131017,Z9999@T05@T08@T16@T17@@T20@T21@T30@T34@@@T43@T51@@T56@T61@T64@T65@T70@T71@T09
상무치평,광주,서구,02,0205,광주광역시 서구 치평동 1240-6번지 1층,1522-3232,35.151968,0,380,20110325,Z9999@T05@T08@T16@T17@T20@T21@T30@@T36@@T43@@T61@T64@T65@T70@T71@P70@P80@P90@T09
상무역,광주,서구,02,0205,광주광역시 서구 치평동 1176-3번지 1층,1522-3232,35.1475664524442,0,389,20110504,Z9999@T05@T08@T16@T17@T20@T21@T30@@@@T43@@T56@T61@T65@T70@T71@P80@P90
신세계광주신관B1,광주,서구,02,0205,광주광역시 서구 화정동 12-13 패션스트리트 B1,1522-3232,35.158806,0,444,20111018,T05@T08@T16@T17@T20@T30@T34@@T36@@T56@T61@T64@T65@T70@P40@T09
광주시청,광주,서구,02,0205,"광주광역시 서구 치평동 1203 제갈량빌딩, B동 102호",1522-3232,35.15862749430153,0,2387,20250327,T05@T08@T16@T17@T20@T21@T30@T34@T36@T43@T51@T56@T61@T63@T64@T65@T70@T71@T09
광주풍암호수공원,광주,서구,02,0205,광주광역시 서구 풍암동 1018-2,1522-3232,35.1252752078873,0,2113,20230324,Z9999@T05@T08@T16@T17@T20@T21@T30@T34@T36@@T43@T47@T51@@T56@T61@T65@T68@T70@T71@P90
서광주DT,광주,서구,02,0205,광주광역시 서구 매월동 296,1522-3232,35.129468,0,1847,20210826,Z9999@T01@T05@T08@T16@T17@T20@T21@T30@T34@T36@@T51@T56@T61@T65@T70@T09
광주유스퀘어,광주,서구,02,0205,광주광역시 서구 광천동 49-1 유스퀘어(광천터미널),1522-3232,35.160457338435506,0,2462,20250916,Z9999@T05@T08@T16@T17@T20@T21@T30@T34@T43@T56@T61@T65@T67@T70@T71@P60@P90
광주염주,광주,서구,02,0205,광주광역시 서구 화정동 835-2 가우디움56 1층,1522-3232,35.142071401469,0,2291,20240711,Z9999@T05@T08@T16@T17@T20@T21@T30@T34@T36@T43@T51@@T56@T61@T63@T65@T70@T71
광주광천,광주,서구,02,0205,"광주광역시 서구 농성동 417-31, 417-32",1522-3232,35.159037105,0,2250,20240328,Z9999@T05@T08@T16@T17@T20@T21@T30@T34@@T43@T51@@T56@T61@T65@T70@T71
대구영대병원역DT,대구,남구,03,0301,대구광역시 남구 봉덕동 595-7,1522-3232,35.845522,0,1573,20191129,Z9999@T01@T05@T08@T16@T17@T20@T21@T30@T34@T36@@T43@@T56@T62@T65@T70@T71@P80@P90@T09
대구앞산DT,대구,남구,03,0301,"대구광역시 남구 대명동 493-38, 493-37, 493-26",1522-3232,35.835516,0,1601,20200117,Z9999@T01@T05@T08@T16@T17@T20@T30@T34@@T36@T43@@T56@T62@T65@T70@T71@P90@T09
영남대학교의료원영의관,대구,남구,03,0301,"대구광역시 남구 대명동 317-1 영남대학교(병원), 영남이공대학교",1522-3232,35.84594789200674,0,2157,20230725,T05@T08@T16@T17@T20@T30@T34@@T36@T51@T56@T62@T62@T65@T70@P20@P70
대구가톨릭대학교병원,대구,남구,03,0301,대구광역시 남구 대명동 3056-6 대구가톨릭의과대학병원,1522-3232,35.84339006877753,0,1829,20210701,T05@T08@T16@T17@T20@T21@T30@T34@T36@@T51@T62@T65@T70@P70@T09
영남대학교의료원,대구,남구,03,0301,"대구광역시 남구 대명동 317-1 영남대학교(병원), 영남이공대학교",1522-3232,35.8473627403431,0,2149,20230628,T05@T08@T16@T17@T20@T30@T34@T36@@T51@T56@T62@T62@T64@T65@T70@P70
대구교대DT,대구,남구,03,0301,대구광역시 남구 대명동 2008-1,1522-3232,35.852366,0,2477,20251128,Z9999@T01@T05@T08@T16@T17@T20@T21@T30@T34@T36@T43@T51@T56@T62@T65@T70@T71@P90@T09
대구앞산스카이타운,대구,남구,03,0301,대구광역시 남구 대명동 585-4,1522-3232,35.8323609810316,0,2025,20220824,Z9999@T05@T08@T16@T17@T20@T30@T34@T36@@T43@T51@@T56@T62@T65@T70@T71@P90@T09
계명대동산병원,대구,달서구,03,0302,대구광역시 달서구 신당동 1000-2 계명대학교동산의료원,1522-3232,35.85380673262872,0,1512,20190619,Z9999@T05@T08@T16@T17@T20@T21@T30@T34@@@T36@T56@T62@T64@T65@T70@P20@P70@P80@P90
대구죽전역,대구,달서구,03,0302,대구광역시 달서구 감삼동 461 월드마크웨스트엔드,1522-3232,35.8487448364573,0,1380,20180629,Z9999@T05@T08@T16@T17@T20@T21@T30@T34@T36@@@@T43@@T56@T62@T64@T65@T70@T71@P80@P90@T09
대구월곡DT,대구,달서구,03,0302,대구광역시 달서구 상인동 620,1522-3232,35.814866,0,1418,20181002,Z9999@T01@T05@T08@T16@T17@T20@T30@@T36@@T43@@T56@T62@T65@T70@T71@P90@T09
대구광장,대구,달서구,03,0302,"대구광역시 달서구 두류동 493-2, 3",1522-3232,35.855770,0,1386,20180629,Z9999@T05@T08@T16@T17@T20@T21@T30@@@@T36@T43@@T56@T62@T65@T70@T71@P80@P90
대구월촌역,대구,달서구,03,0302,대구광역시 달서구 송현동 1914-11,1522-3232,35.824025,0,1338,20180214,T05@T08@T16@T17@T20@T30@@@T36@T43@@T56@T62@T65@T70@T71@P80@T09
대구진천역,대구,달서구,03,0302,대구광역시 달서구 진천동 581-1,1522-3232,35.814395,0,1201,20170412,Z9999@T05@T08@T16@T17@T20@T21@T30@@@T36@T43@@T56@T62@T65@T70@T71@T09
대구도원DT,대구,달서구,03,0302,대구광역시 달서구 도원동 577,1522-3232,35.807812417,0,1091,20160708,Z9999@T01@T05@T08@T16@T17@T20@T30@T36@@@T43@@T56@T62@T65@T70@T71@T09
대구월성,대구,달서구,03,0302,"대구광역시 달서구 월성동 1838번지, 101,102,103,201호",1522-3232,35.824320,0,1158,20161222,Z9999@T05@T08@T16@T17@T20@T21@T30@T36@@@T43@@T56@T62@T65@T70@T71
대구수목원,대구,달서구,03,0302,대구광역시 달서구 대곡동 1018,1522-3232,35.807252081,0,1041,20160225,Z9999@T05@T08@T16@T17@T20@T21@T30@T34@@@T36@T43@@T56@T62@T65@T70@T71
대구성서IC DT,대구,달서구,03,0302,"대구광역시 달서구 용산동 410-9, 12",1522-3232,35.8507998,0,1004,20151119,Z9999@T01@T05@T08@T16@T17@T20@T21@T30@T34@@@T43@T51@@T56@T62@T65@T70@T71@P90@T09
대구감삼DT,대구,달서구,03,0302,대구광역시 달서구 감삼동 490-1,1522-3232,35.8443842,0,947,20150629,Z9999@T01@T05@T08@T16@T17@T20@@T30@T34@@T36@@T43@T51@@T56@T62@T65@T70@T71@T09
대구두류DT,대구,달서구,03,0302,"대구광역시 달서구 두류동 135-14,15",1522-3232,35.85894914827019,0,870,20141218,Z9999@T01@T05@T08@T16@T17@T20@T30@T34@@T36@@@T43@@@T56@T62@T65@@T70@T71@P60@P80@T09
대구상인DT,대구,달서구,03,0302,대구광역시 달서구 상인동 54-3 1~2층,1522-3232,35.8227353989327,0,848,20141030,Z9999@T01@T05@T08@T16@T17@T20@T30@T34@@T36@@T43@@T56@T62@T65@T70@T71@P80@T09
대구계명대,대구,달서구,03,0302,대구광역시 달서구 신당동 1721-12,1522-3232,35.85580417581447,0,128,20080331,Z9999@T05@T08@T16@T17@T20@T21@T30@T34@@@T36@T43@@T56@T62@T65@T70@T71@P20@P90
대구성서,대구,달서구,03,0302,대구광역시 달서구 이곡동 1248-1 이곡메디컬빌딩,1522-3232,35.85513719771702,0,481,20120223,Z9999@T05@T08@T16@T17@T20@T21@T30@T34@T36@@@T43@@T56@T62@T65@T70@T71@P90@T09
대구서부정류장역,대구,달서구,03,0302,대구광역시 달서구 성당동 성당동 261-7번지,1522-3232,35.83773798869855,0,553,20120918,Z9999@T05@T08@T16@T17@T20@T30@T36@@@T43@@T56@T62@T64@T65@T70@T71@P60@P80@T09
대구이월드,대구,달서구,03,0302,대구광역시 달서구 두류동 산302-11,1522-3232,35.85326957268543,0,1981,20220527,T05@T08@T16@T17@T20@T30@T34@T36@@T51@T56@T62@T70@P40@P90
대구대천,대구,달서구,03,0302,대구광역시 달서구 대천동 444,1522-3232,35.8172418265049,0,2074,20230112,Z9999@T05@T08@T16@T17@T20@T21@T30@T34@@T36@T43@T51@@T56@T62@T64@T65@T70@T71@T09
대구감삼빌리브스카이,대구,달서구,03,0302,대구광역시 달서구 감삼동 707 빌리브 스카이 주상복합,1522-3232,35.8494020127818,0,2366,20241223,Z9999@T05@T08@T16@T17@T20@T21@T30@T34@T36@T43@T51@@T56@T62@T63@T65@T70@T71@T09
대구월성네거리,대구,달서구,03,0302,대구광역시 달서구 월성동 1858,1522-3232,35.825419,0,2257,20240426,Z9999@T05@T08@T16@T17@T20@T21@T30@T34@T36@T43@T51@@T56@T62@T65@T70@T71@T75@T09
신세계대구3F(티바나),대구,동구,03,0303,대구광역시 동구 신천동 329-3번지,1522-3232,35.877767,0,1145,20161213,T05@T08@T16@T17@T20@T21@T29@T30@T34@@T36@@@T56@T62@T64@T65@T70@P40@P60@P80@T09
신세계대구8FR,대구,동구,03,0303,대구광역시 동구 신천동 329-3번지,1522-3232,35.877812,0,1144,20161213,Z9999@T03@T05@T08@@T16@@T17@T20@T21@@T26@T29@T30@@@@T37@@T39@T41@T42@T56@T62@T65@T70@P40@P60@P80@T09
동대구로DT,대구,동구,03,0303,대구광역시 동구 신천동 300-2,1522-3232,35.868133,0,1034,20160205,Z9999@T01@T05@T08@T16@T17@T20@T30@T34@@T36@@T43@@T56@T62@T65@T70@T71@T09
대구팔공산,대구,동구,03,0303,"대구광역시 동구 중대동 665-2, 665-5",1522-3232,35.9878685,0,913,20150410,Z9999@T05@T08@T16@T17@T20@T21@T30@T36@@@@T56@T62@T65@T70@T09
대구봉무,대구,동구,03,0303,대구광역시 동구 봉무동 1539-8,1522-3232,35.921942,0,782,20140528,Z9999@T05@T08@T16@T17@T20@T21@T30@T34@@T36@@@T43@T51@@T56@T62@T65@T70@T71@T09
동대구터미널,대구,동구,03,0303,대구광역시 동구 신천동 330-6번지,1522-3232,35.87627938661981,0,417,20110816,Z9999@T05@T08@T16@T17@T20@T21@T30@@T36@@@T43@T62@T65@T70@T71@P60@P80@T09
대구동촌유원지,대구,동구,03,0303,대구광역시 동구 효목동 1105번지,1522-3232,35.88011,0,577,20130111,Z9999@T05@T08@T16@T17@T20@T21@T30@@@@T43@T56@T62@T65@T70@T71@T09
반야월이마트,대구,동구,03,0303,대구광역시 동구 신서동 520-1 반야월이마트1층,1522-3232,35.870899,0,386,20110430,Z9999@T05@T08@T16@T17@T20@T21@T30@@T36@@@T43@@T62@T64@T65@T70@T71@P40@P80@T09
대구방촌DT,대구,동구,03,0303,"대구광역시 동구 방촌동 1084-716, 1084-717, 1084-762",1522-3232,35.8773584999377,0,2233,20240123,Z9999@T01@T05@T08@T16@T17@T20@T21@T30@T34@@T36@T51@T56@T62@T65@T70@P90
대구신천DT,대구,동구,03,0303,대구광역시 동구 신천동 283-2,1522-3232,35.874974,0,2230,20240112,Z9999@T01@T05@T08@T16@T17@T20@T21@T30@@T36@T43@T51@@T56@T62@T65@T70@T71@P80@P90@T09
대구팔공로DT,대구,동구,03,0303,대구광역시 동구 봉무동 262-1,1522-3232,35.9284602,0,1985,20220609,Z9999@T01@T05@T08@T16@T17@T20@T21@T30@T34@@T36@T43@T51@@T56@T62@T65@T70@T71@P90@T09
대구용계DT,대구,동구,03,0303,대구광역시 동구 방촌동 857-59,1522-3232,35.8795198987524,0,2562,20260430,Z9999@T01@T05@T08@T16@T17@T20@T21@T30@T34@@T43@T51@T56@T62@T65@T70@T71@P80@T09
대구율하,대구,동구,03,0303,대구광역시 동구 율하동 1445,1522-3232,35.8635367,0,1702,20200910,Z9999@T05@T08@T16@T17@T20@T21@T30@T34@@T36@@T43@@T56@T62@T64@T65@T70@T71@P90@T09
대구각산역DT,대구,동구,03,0303,대구광역시 동구 신서동 695 대구광역시 동구 안심로 383 (신서동),1522-3232,35.868908,0,1705,20200929,Z9999@T01@T05@T08@T16@T17@T20@T21@T30@T34@@T36@@T43@@T56@T62@T65@T70@T71@P80@T09
대구연경DT,대구,동구,03,0303,대구광역시 동구 지묘동 1371,1522-3232,35.942906865,0,2232,20240118,Z9999@T01@T05@T08@T16@T17@T20@T21@T30@T34@@T43@T51@@T56@T62@T65@T70@T71@P90
대구파티마병원,대구,동구,03,0303,대구광역시 동구 신암동 576-31 파티마병원,1522-3232,35.884143519304644,0,2189,20230925,T05@T08@T16@T17@T20@T21@T30@T34@@T36@T51@T56@T62@T65@T70@P40@P70@T09
대구평리DT,대구,서구,03,0304,대구광역시 서구 평리동 1407-7,1522-3232,35.8659449872571,0,1019,20151222,Z9999@T01@T05@T08@T16@T17@T20@T30@T34@T36@@@T43@T51@@T56@T62@T65@T70@T71@T09
대구두류역,대구,서구,03,0304,대구광역시 서구 내당동 469-5,1522-3232,35.8578944050804,0,2361,20241211,Z9999@T05@T08@T16@T17@T20@T21@T30@T34@T36@T43@T51@@@T56@T62@T63@T64@T65@T70@T71@P40@P80@P90@T09
대구수성도서관DT,대구,수성구,03,0305,"대구광역시 수성구 만촌동 1329-17, 1, 33, 34",1522-3232,35.872886,0,1456,20181224,Z9999@T01@T05@T08@T16@T17@T20@T30@@@T36@@T43@@T56@T62@T65@T70@T71@P90@T09
대구그랜드호텔R,대구,수성구,03,0305,대구광역시 수성구 범어동 563-1 대구그랜드호텔,1522-3232,35.857762109,0,1443,20181218,Z9999@T03@T05@T08@T16@T17@T20@@T26@T29@T30@@@@T36@T42@T56@T62@T65@T70@P40@P80@P90@T09
국립대구박물관DT,대구,수성구,03,0305,"대구광역시 수성구 황금동 69-3, 64-5",1522-3232,35.845491,0,1552,20191016,Z9999@T01@T05@T08@T16@T17@T20@T21@T30@T34@@T36@@T43@@T56@T62@T65@T70@T71@P90@T09
대구수성네거리DT,대구,수성구,03,0305,대구광역시 수성구 수성동4가 1021-8,1522-3232,35.86058,0,1221,20170614,Z9999@T01@T05@T08@T16@T17@T20@T30@@T36@@T43@@T56@T62@T65@T70@T71@P80@T09
대구중동DT,대구,수성구,03,0305,대구광역시 수성구 중동 316-3,1522-3232,35.847384,0,1282,20171018,Z9999@T01@T05@T08@T16@T17@T20@T30@T34@@@T36@@@T56@T62@T65@T70@P70@P90@T09
대구중동네거리DT,대구,수성구,03,0305,대구광역시 수성구 중동 184-4,1522-3232,35.840917,0,1156,20161227,Z9999@T01@T05@T08@T16@T17@T20@@T30@@T36@@T43@@T56@T62@T65@T70@T71@P70@P90@T09
대구상동DT,대구,수성구,03,0305,대구광역시 수성구 상동 415-1,1522-3232,35.8296424,0,1023,20151222,Z9999@T01@T05@T08@T16@T17@T20@T30@T34@T36@@@T43@T51@@T56@T62@T65@T70@T71@P90@T09
대구황금DT,대구,수성구,03,0305,대구광역시 수성구 지산동 941,1522-3232,35.839069,0,1060,20160428,Z9999@T01@T05@T08@T16@T17@T20@@T30@T36@@@T43@@T56@T62@T65@T70@T71@P80@P90@T09
대구삼성화재,대구,수성구,03,0305,대구광역시 수성구 범어동 2-1 삼성화재사옥(삼성화재빌딩),1522-3232,35.86609597321095,0,969,20150911,T05@T08@T16@T17@T20@T21@T30@@@T36@@T62@T64@T65@T70@P40@T09
대구시지,대구,수성구,03,0305,대구광역시 수성구 신매동 567-43,1522-3232,35.8394934,0,897,20150217,Z9999@T05@T08@T16@T17@T20@T30@T34@T36@@T43@T51@@T56@T62@T64@T65@T70@T71@P80@P90
대구만촌DT,대구,수성구,03,0305,대구광역시 수성구 만촌동 853-3번지,1522-3232,35.85633663569519,0,704,20131216,Z9999@T01@T05@T08@T16@T17@T20@T30@@T34@T36@@@@T43@T51@T56@T62@T65@T70@T71@P20@P80@P90@T09
대구수성하이츠,대구,수성구,03,0305,대구광역시 수성구 수성동4가 1090-8 수성하이츠 1층,1522-3232,35.860423356,0,669,20130930,Z9999@T05@T08@T16@T17@T20@T21@T30@T34@@T36@@T43@T62@T65@T70@T71@P80@T09
동아수성,대구,수성구,03,0305,대구광역시 수성구 범물동 1273 동아백화점 1층,1522-3232,35.82116608776404,0,209,20030908,T05@T08@T16@T17@T20@T30@T34@T36@@@@T43@T51@T56@T62@T65@T70@T71@P40@P80@T09
수성레이크,대구,수성구,03,0305,대구광역시 수성구 두산동 840-1번지,1522-3232,35.825764,0,418,20110819,Z9999@T05@T08@T16@T17@T20@@T30@T34@T36@@@@T43@T51@@T56@T62@T65@T70@T71@P90@T09
대구범어제니스,대구,수성구,03,0305,대구광역시 수성구 범어동 179번지 두산위브더제니스 상가 1층 110호,1522-3232,35.858974,0,544,20120829,Z9999@T05@T08@T16@T17@T20@T21@T30@@T36@@@T43@@T56@T62@T64@T65@T70@T71@P80@P90@T09
대구두산DT,대구,수성구,03,0305,대구광역시 수성구 두산동 728,1522-3232,35.82728289340839,0,1993,20220623,Z9999@T01@T05@T08@T16@T17@T20@T30@T34@@T36@T43@T47@T51@@T56@T62@T65@T70@T71@P90@T09
대구들안길DT,대구,수성구,03,0305,대구광역시 수성구 상동 47-6,1522-3232,35.837524,0,1697,20200910,Z9999@T01@T05@T08@T16@T17@T20@T30@T34@@T36@T43@@T56@T62@T65@T70@T71@P90@T09
대구만촌이마트,대구,수성구,03,0305,대구광역시 수성구 만촌동 1356-5 이마트만촌점,1522-3232,35.87096,0,1790,20210408,Z9999@T05@T08@T16@T17@T20@T30@T34@T36@@T43@@T62@T64@T65@T70@T71@P40@T09
대구알파시티,대구,수성구,03,0305,"대구광역시 수성구 대흥동 877, 877-1",1522-3232,35.83897039708517,0,2545,20260330,T05@T08@T16@T17@T20@T21@T30@T34@T43@T51@T56@T62@T65@T70@T71@T09
대구월드컵대로DT,대구,수성구,03,0305,대구광역시 수성구 욱수동 118-1,1522-3232,35.829090666343625,0,2423,20250613,Z9999@T01@T05@T08@T16@T17@T20@T30@T34@T51@T56@T62@T65@T70@P90@T09
대구신매역,대구,수성구,03,0305,대구광역시 수성구 신매동 567-2,1522-3232,35.8397152350583,0,2191,20231103,Z9999@T05@T08@T16@T17@T20@T21@T30@T34@@T51@T56@T62@T65@T70@P70@P80
대구범어푸르지오,대구,수성구,03,0305,대구광역시 수성구 범어동 2257 범어센트럴푸르지오,1522-3232,35.861236,0,2216,20231122,Z9999@T05@T08@T16@T17@T20@T21@T30@T34@@T36@T43@T51@@T56@T62@T65@T70@T71@P90@T09
대구계산,대구,중구,03,0306,대구광역시 중구 계산동2가 180,1522-3232,35.866429,0,1209,20170427,Z9999@T05@T08@T16@T17@T20@T21@T30@@@@T36@T43@@T62@T65@T70@T71@P80@P90
대구중앙로역,대구,중구,03,0306,대구광역시 중구 남일동 36-1 미도빌딩 103호,1522-3232,35.87066921006088,0,1155,20161223,Z9999@T05@T08@T16@T17@T20@T21@T30@T34@T36@@@T43@@T56@T62@T65@T70@T71@P40@P80
대구공평DT,대구,중구,03,0306,대구광역시 중구 동인동2가 25-1 1~2층,1522-3232,35.8695591195788,0,837,20140929,Z9999@T01@T05@T08@T16@T17@T20@T30@@@T36@@T56@T62@T65@T70@P80@T09
반월당,대구,중구,03,0306,대구광역시 중구 덕산동 53-3 동아쇼핑(동아쇼핑센터건물),1522-3232,35.866178,0,182,20020427,T05@T08@T16@T17@T20@T30@T36@@@@T43@T62@T65@T70@T71@P80@P90@T09
동성로광장,대구,중구,03,0306,"대구광역시 중구 동성로3가 91-16,18번지",1522-3232,35.867319,0,520,20120525,T05@T08@T16@T17@T20@T21@T30@T34@@T36@@@T51@T56@T62@T65@T70@P80
동성로로데오,대구,중구,03,0306,대구광역시 중구 삼덕동1가 25-1,1522-3232,35.86723,0,511,20120427,Z9999@T05@T08@T16@T17@T20@T21@T30@@T36@@@T43@@T56@T62@T65@T70@T71
대구역,대구,중구,03,0306,대구광역시 중구 북성로1가 6-1 대구스테이션센터 1층,1522-3232,35.874789,0,2415,20250530,Z9999@T05@T08@T16@T17@T20@T21@T30@T34@T36@T43@T51@T56@T62@T63@T65@T70@T71@P40@P60@P80@T09
대구종로고택,대구,중구,03,0306,"대구광역시 중구 종로2가 58,58-2",1522-3232,35.8684287,0,2047,20221020,Z9999@T05@T08@T16@T17@T20@T21@T30@T34@@T36@T43@T51@@T56@T62@T65@T70@T71
대구동성로SK리더스,대구,중구,03,0306,대구광역시 중구 삼덕동2가 328 동성로 SK 리더스뷰 상가 101~104호,1522-3232,35.86791822254154,0,2482,20251128,Z9999@T05@T08@T16@T17@T20@T21@T30@T34@T36@T43@T51@T56@T62@T65@T70@T71@P40
대구반월삼성,대구,중구,03,0306,대구광역시 중구 덕산동 110 삼성생명,1522-3232,35.86614485770817,0,1745,20201218,Z9999@T05@T08@T16@T17@T20@T21@T30@T34@T36@T56@T62@T64@T65@T70@P40@P80@T09
대구228중앙공원,대구,중구,03,0306,대구광역시 중구 동성로2가 66-1 BL타워,1522-3232,35.8701932,0,1703,20200918,Z9999@T05@T08@T16@T17@T20@T21@T30@T34@@T36@@T43@@T56@T62@T65@T70@T71@P40@P90@T09
대구칠성DT,대구,북구,03,0307,대구광역시 북구 칠성동2가 371-5,1522-3232,35.879674,0,1346,20180227,Z9999@T01@T05@T08@T16@T17@T20@T30@T34@@@@T56@T62@T65@T70@T09
대구유통단지,대구,북구,03,0307,대구광역시 북구 산격동 167,1522-3232,35.905624,0,1162,20161229,Z9999@T05@T08@T16@T17@T20@T21@T30@@@@T43@@T56@T62@T65@T70@T71@T09
대구칠곡대로DT,대구,북구,03,0307,대구광역시 북구 태전동 1049-2,1522-3232,35.9268512491585,0,1061,20160428,Z9999@T01@T05@T08@T16@@@T17@T20@T30@@@T43@@T56@T62@T65@T70@T71@P90@T09
대구동천,대구,북구,03,0307,대구광역시 북구 동천동 908-2 1~3층,1522-3232,35.9425387,0,884,20150120,Z9999@T05@T08@T16@T17@T20@T21@T30@T34@@@@T43@@T56@T62@T65@T70@T71@P80@T09
대구침산DT,대구,북구,03,0307,대구광역시 북구 침산동 245-1,1522-3232,35.8874784,0,759,20140331,Z9999@T01@T05@T08@T16@T17@T20@@T30@@@@T43@@T56@T62@T65@T70@T71@T09
대구칠곡,대구,북구,03,0307,대구광역시 북구 구암동 769-1 태을빌딩,1522-3232,35.9421792,0,656,20130829,Z9999@@T05@T08@T16@T17@T20@T30@T34@@@T36@@T43@@T56@T62@T65@T70@T71@T09
경북대,대구,북구,03,0307,대구광역시 북구 산격동 1399-1,1522-3232,35.89232,0,512,20120430,Z9999@T05@T08@T16@T17@T20@T21@T30@T34@@@@T43@@T56@T62@T65@T70@T71@P20
대구도남,대구,북구,03,0307,대구광역시 북구 국우동 0 도남지구 23B-2L,1522-3232,35.95306925328093,0,2167,20230907,Z9999@T05@T08@T16@T17@T20@T21@T30@T34@@T43@T51@@T56@T62@T65@T70@T71@P90
대구복현DT,대구,북구,03,0307,대구광역시 북구 복현동 401-1,1522-3232,35.8967637,0,1984,20220616,Z9999@T01@T05@T08@T16@T17@T20@T30@T34@@T36@T43@T51@@T56@T62@T65@T70@T71@P20@P90@T09
대구칠곡읍내DT,대구,북구,03,0307,"대구광역시 북구 읍내동 306-8, 12",1522-3232,35.9518399,0,1974,20220509,Z9999@T01@T05@T08@T16@T17@T20@T30@T34@@T36@T43@T51@@T56@T62@T65@T70@T71@P90@T09
대구칠성이마트,대구,북구,03,0307,대구광역시 북구 칠성동2가 20-1 스펙트럼시티,1522-3232,35.885139010837555,0,1822,20210708,Z9999@T05@T08@T16@T17@T20@T30@T34@@@T43@T51@@T56@T62@T65@T70@T71@P40@P90@T09
칠곡경북대학교병원,대구,북구,03,0307,대구광역시 북구 학정동 474 칠곡경북대학교병원,1522-3232,35.95731901438235,0,2336,20241018,T05@T08@T16@T17@T20@T21@T30@T34@T36@T51@T56@T62@@T65@T67@@T70@P70@P90@T09
대구금호,대구,북구,03,0307,대구광역시 북구 사수동 953,1522-3232,35.8960395452115,0,2069,20221215,Z9999@T05@T08@T16@T17@T20@T21@T30@T34@@T43@T51@@T56@T62@T65@T70@T71@P90
대구태전DT,대구,북구,03,0307,"대구광역시 북구 태전동 838, 838-3, 839-4, 840-3, 841-1",1522-3232,35.9099027471006,0,2251,20240411,Z9999@T01@T05@T08@T16@T17@T20@T21@T30@T34@T36@T43@T51@@T56@T62@T65@T70@T71@P90@T09
대구테크노폴리스,대구,달성군,03,0308,대구광역시 달성군 유가면 봉리 607-1,1522-3232,35.693334,0,1248,20170728,Z9999@T05@T08@T16@T17@T20@T21@@T30@T36@@@T43@@T56@T62@T65@T70@T71
대구죽곡,대구,달성군,03,0308,대구광역시 달성군 다사읍 매곡리 1546-7,1522-3232,35.859115679937275,0,984,20151013,Z9999@T05@T08@T16@T17@T20@T21@T30@T34@T36@@T43@T51@T56@T62@T65@T70@T71@T75@P80@P90@T09
대구현풍DT,대구,달성군,03,0308,대구광역시 달성군 현풍읍 원교리 120-4,1522-3232,35.6915239371441,0,2152,20230706,Z9999@T01@T05@T08@T16@T17@T20@T21@T30@T34@@T36@T43@T51@@T56@T62@T65@T70@T71@T09
대구국가산단DT,대구,달성군,03,0308,대구광역시 달성군 구지면 응암리 1259-1,1522-3232,35.6525288,0,2203,20231027,T01@T05@T08@T16@T17@T20@T21@T30@T34@@T43@T51@T56@T62@T65@T70@T71@P90@T09
대전한남대DT,대전,대덕구,04,0401,"대전광역시 대덕구 중리동 231-10, 231-11",1522-3232,36.35849,0,1290,20171109,Z9999@T01@T05@T08@T16@T17@T20@T30@@T43@T56@T60@T65@T69@T71@P20@T09
대전IC DT,대전,대덕구,04,0401,대전광역시 대덕구 비래동 555-15,1522-3232,36.35423933207529,0,1011,20151209,Z9999@T01@T05@T08@T16@T17@T20@T30@T34@@@T51@T56@T60@T65@T69@T09
대전신탄진DT,대전,대덕구,04,0401,대전광역시 대덕구 석봉동 309-10,1522-3232,36.44866030000001,0,1054,20160428,Z9999@T01@T05@T08@@T16@T17@@T20@T30@T34@@@T36@@T43@T51@T56@T60@T63@T65@T69@T71@P60@P90@T09
대전송촌,대전,대덕구,04,0401,대전광역시 대덕구 송촌동 459-1번지 1층,1522-3232,36.36623665994678,0,682,20131029,Z9999@T05@T08@T16@T17@T20@T21@T30@@@T43@T51@T56@T60@T64@T65@T69@T71
신탄진금강DT,대전,대덕구,04,0401,"대전광역시 대덕구 신탄진동 116-1, 457-7",1522-3232,36.454619,0,1871,20211007,Z9999@T01@T05@T08@T16@T17@T20@T30@T34@@T36@@T43@T51@T56@T60@T65@T69@T71@T09
대전터미널DT,대전,동구,04,0402,대전광역시 동구 성남동 502-2,1522-3232,36.347995,0,1574,20191122,Z9999@T01@T05@T08@T16@T17@T20@T30@T34@@T56@T60@T65@T69@P60@P90@T09
대전판암DT,대전,동구,04,0402,대전광역시 동구 판암동 450,1522-3232,36.317013,0,1291,20171124,Z9999@T01@T05@T08@T16@T17@T20@T30@@T36@@T43@T56@T60@T65@T70@T71@T09
대전가오,대전,동구,04,0402,대전광역시 동구 가오동 604번지,1522-3232,36.3070199,0,502,20120413,Z9999@T02@T05@T08@T16@T17@T20@T21@T30@T34@@@T36@T43@T51@T56@T60@T64@T65@T70@T71@T09
대전신흥역DT,대전,동구,04,0402,대전광역시 동구 판암동 600,1522-3232,36.3189576,0,2033,20220916,Z9999@T01@T05@T08@T16@T17@T20@T30@T34@@T36@T43@T51@T56@T60@T65@T70@T71@P80@T09
대전용운,대전,동구,04,0402,"대전광역시 동구 용운동 251, 510-115, 510-116, 250",1522-3232,36.3289964,0,2153,20230714,T05@T08@T16@T17@T20@T21@T30@T34@T36@@T43@T51@T56@T60@T64@T65@T70@T71@P20@T09
대전용전DT,대전,동구,04,0402,"대전광역시 동구 용전동 13-1, 31",1522-3232,36.357196,0,1887,20211119,T01@T05@T08@T16@T17@T20@T30@T34@@T43@T51@T56@T60@T65@T69@T71@T09
대전복합터미널,대전,동구,04,0402,대전광역시 동구 용전동 63-3 대전복합터미널(서관) 105호,1522-3232,36.350137495562045,0,2377,20250123,Z9999@T05@T08@T16@T17@T20@T30@T34@T43@T51@T56@T60@T63@T64@T65@T69@T71@P60@P90@T09
대전정부청사역,대전,서구,04,0403,대전광역시 서구 둔산동 948 삼성생명,1522-3232,36.358046,0,1388,20180628,Z9999@T05@T08@T16@T17@T20@T21@T30@@@T36@@T43@T56@T60@T64@T65@T69@T71@P80@P90@T09
대전건양대병원,대전,서구,04,0403,대전광역시 서구 관저동 1896 건양 타워,1522-3232,36.307512298763946,0,1395,20180730,Z9999@T05@T08@T16@T17@T20@T21@T30@T34@T36@@@@T43@T56@T60@T64@T65@T70@T71@P70@P90@T09
대전탄방역,대전,서구,04,0403,대전광역시 서구 탄방동 673 주안빌딩,1522-3232,36.343242,0,1361,20180426,Z9999@T05@T08@T16@T17@T20@T21@T30@@T43@T56@T60@T64@T65@T70@T71@P70@P80@P90
대전복수,대전,서구,04,0403,대전광역시 서구 복수동 610,1522-3232,36.298345,0,1331,20180118,Z9999@T05@T08@T16@T17@T20@T21@T30@T34@T36@@@@T43@T56@T60@T64@T65@T70@T71@P20@P90
대전둔산남로,대전,서구,04,0403,대전광역시 서구 탄방동 724,1522-3232,36.348893,0,1237,20170622,Z9999@T05@T08@T16@T17@T20@T21@T30@@@@T43@T56@T60@T64@T65@T70@T71
대전둔산로,대전,서구,04,0403,대전광역시 서구 둔산동 996,1522-3232,36.354233,0,1082,20160624,Z9999@T05@T08@T16@T17@T20@T21@T22@T30@T34@@@@T56@T60@T64@T65@T70
대전법원,대전,서구,04,0403,대전광역시 서구 둔산동 1397 PJ빌딩 103호,1522-3232,36.353315,0,1081,20160622,Z9999@T05@T08@T16@T17@T20@T21@T30@@@@T43@T56@T60@T64@T65@T70@T71@P80
대전가수원DT,대전,서구,04,0403,대전광역시 서구 가수원동 655-20 스타벅스,1522-3232,36.30375890149987,0,1095,20160826,Z9999@T01@T05@T08@T16@T17@T20@T30@T34@@@@T36@T43@T51@T56@T60@T65@T70@T71@P90@T09
대전수침교DT,대전,서구,04,0403,대전광역시 서구 용문동 250-3,1522-3232,36.3349683,0,944,20150624,Z9999@T01@T05@T08@T16@T17@T20@T30@T34@@T36@@@T43@T56@T60@T65@T70@T71@T09
대전관저,대전,서구,04,0403,대전광역시 서구 관저동 1515,1522-3232,36.2987183121456,0,839,20141015,Z9999@T05@T08@T16@T17@T20@T21@T30@T34@T36@@@@T51@T56@T60@T64@T65@T70@P90@T09
대전대덕로,대전,서구,04,0403,대전광역시 서구 둔산동 1355,1522-3232,36.353466,0,827,20140829,Z9999@T05@T08@T16@T17@T20@T21@T30@T34@@@T36@@T43@T51@@T56@T60@T64@T65@T70@T71@P70@P80
대전목원대,대전,서구,04,0403,대전광역시 서구 도안동 849,1522-3232,36.33192084282981,0,832,20140923,Z9999@T05@T08@T16@T17@T20@T21@T30@T34@T36@@@@T43@T51@@T56@T60@T64@T65@T70@T71@P20@P90@T09
대전둔산,대전,서구,04,0403,대전광역시 서구 둔산동 1046,1522-3232,36.3502188,0,806,20140710,Z9999@T05@T08@T16@T17@T20@T21@T30@T34@@@@T43@@T56@T60@T64@T65@T70@T71
대전만년,대전,서구,04,0403,대전광역시 서구 만년동 333,1522-3232,36.367606,0,855,20141118,Z9999@T05@T08@T16@T17@T20@T21@T22@T30@T34@@@T36@@@T43@T51@T56@T60@T64@T65@T69@T71@T09
대전월평,대전,서구,04,0403,대전광역시 서구 월평동 279번지,1522-3232,36.361008,0,611,20130430,Z9999@T05@T08@T16@T17@T20@T21@T30@T34@@@@T43@T56@T60@T64@T65@T69@T71
둔산은하수,대전,서구,04,0403,대전광역시 서구 둔산동 1010번지 금정빌딩 1층,1522-3232,36.3529477,0,6,20090828,Z9999@T05@T08@T16@T17@T20@T21@T22@T30@T34@@@@T43@T51@T56@T60@T64@T65@T70@T71@P90
대전탄방,대전,서구,04,0403,대전광역시 서구 탄방동 748번지 정우빌딩 1층,1522-3232,36.3463971,0,34,20090115,Z9999@T02@T05@T08@T16@T17@T20@T21@T30@@@@T43@T56@T60@T64@T65@T70@T71@P80@P90
대전시청역,대전,서구,04,0403,대전광역시 서구 둔산동 1487번지,1522-3232,36.35100366164323,0,126,20080613,Z9999@T05@T08@T16@T17@T20@T21@T30@T34@@@@T43@T51@T56@T60@T64@T65@T70@T71@P80@P90@T09
대전호텔,대전,서구,04,0403,대전광역시 서구 둔산동 922번지 토요코인호텔 1층,1522-3232,36.35905916517615,0,349,20101109,Z9999@T05@T08@T16@T17@T20@T21@T30@T34@T36@@@@T43@T51@@@T56@T60@T64@T65@T69@T71@P90@T09
월평트레이더스,대전,서구,04,0403,대전광역시 서구 월평동 510,1522-3232,36.3576004219004,0,406,20110708,Z9999@T05@T08@T16@T17@T20@T30@T34@@T36@T43@T51@T56@T60@T64@T65@T70@T71@P40@P80@P90@T09
대전시청역8번출구,대전,서구,04,0403,"대전광역시 서구 둔산동 1415, 1층 일부",1522-3232,36.3505714098596,0,2239,20240223,Z9999@T05@T08@T16@T17@T20@T21@T30@T34@T36@T43@T51@T56@T60@T64@T65@T70@T71@P80@P90
둔산대덕대로,대전,서구,04,0403,대전광역시 서구 둔산동 1165,1522-3232,36.35073270678997,0,2156,20230728,Z9999@T05@T08@T16@T17@T20@T21@T30@T34@@T43@T51@@T56@T60@T60@T64@T65@T70@T71@P70@P90
둔산삼성스토어,대전,서구,04,0403,"대전광역시 서구 둔산동 1372, 1373",1522-3232,36.3554336798685,0,1920,20220111,T05@T08@T16@T17@T20@T21@T30@T34@@@T51@T56@T60@T64@T65@T70@P70@P80@T09
대전갈마DT,대전,서구,04,0403,대전광역시 서구 갈마동 309-18,1522-3232,36.351481343331905,0,1896,20211217,Z9999@T01@T05@T08@T16@T17@T20@T30@T34@@T43@T51@T56@T60@T65@T70@T71@T09
대전용문DT,대전,서구,04,0403,대전광역시 서구 용문동 277-11 sk주유소,1522-3232,36.3350093,0,1789,20210401,Z9999@T01@T05@T08@T16@T17@T20@T30@T34@@@T36@T43@T56@T60@T65@T70@T71@T09
갤러리아타임월드,대전,서구,04,0403,"대전광역시 서구 둔산동 1036 갤러리아타임월드백화점, 11층",1522-3232,36.351861,0,2384,20250228,T05@T08@T16@T17@T20@T21@T30@T34@T51@T56@T60@T64@T65@T70@P40@T09
도안레이크타워,대전,서구,04,0403,대전광역시 서구 도안동 2330 대전도안레이크타워 105~109호,1522-3232,36.32583637476658,0,2268,20240605,Z9999@T05@T08@T16@T17@T20@T21@T30@T34@T36@T43@T51@T56@T60@T64@T65@T70@T71@P90@T09
둔산이랜드피어,대전,서구,04,0403,"대전광역시 서구 둔산동 928 이랜드 PEER 둔산 110호, 111호, 112호, 113호",1522-3232,36.358090462917595,0,2359,20241218,Z9999@T05@T08@T16@T17@T20@T21@T30@T34@T36@T43@T51@@T56@T60@T64@T65@T69@T71@P90
대전관저네거리,대전,서구,04,0403,"대전광역시 서구 관저동 1733 대전 관저 클리닉 센터, 102-1호",1522-3232,36.30183062836115,0,2269,20240620,Z9999@T05@T08@T16@T17@T20@T21@T30@T34@T36@T43@T51@T56@T60@T64@T65@T70@T71@P70@P90@T09
대전반석역,대전,유성구,04,0404,대전광역시 유성구 반석동 640-3 뉴타운프라자,1522-3232,36.391646,0,1606,20200121,Z9999@T05@T08@T16@T17@T20@T21@T30@T34@@T36@@T56@T60@T64@T65@T69
대전도안DT,대전,유성구,04,0404,대전광역시 유성구 봉명동 555-3,1522-3232,36.3513576,0,1198,20170418,Z9999@T01@T05@T08@T16@T17@T20@T30@@T36@@@T43@T51@T56@T60@T65@T69@T71@T09
대전유성구청,대전,유성구,04,0404,대전광역시 유성구 어은동 115-3,1522-3232,36.362206,0,1175,20170223,Z9999@T05@T08@T16@T17@T20@T21@T30@T34@@@@T36@T43@T56@T60@T65@T69@T71
대전지족,대전,유성구,04,0404,대전광역시 유성구 지족동 984-5,1522-3232,36.38720540000001,0,1009,20151127,Z9999@T02@T05@T08@T16@T17@T20@T21@T30@@T36@@T43@@T56@T60@T64@T65@T69@T71@P80
대전유성,대전,유성구,04,0404,"대전광역시 유성구 봉명동 446-8, 446-9",1522-3232,36.3545222,0,930,20150526,Z9999@T05@T08@T16@T17@T20@T30@@@@T43@@T56@T60@T64@T65@T69@T71@P60@P80@T09
대전전민,대전,유성구,04,0404,대전광역시 유성구 전민동 303-1 (1층),1522-3232,36.39943969999999,0,981,20150923,T05@T08@T16@T17@T20@T21@T30@T34@@@@T43@T51@T56@T60@T64@T65@T69@T71
대전관평동,대전,유성구,04,0404,대전광역시 유성구 관평동 958 1~3층,1522-3232,36.4255141,0,887,20150122,Z9999@T05@T08@T16@T17@T20@T21@T30@T34@@T36@@@T51@T56@T60@T64@T65@T69@T09
대전조이마루,대전,유성구,04,0404,대전광역시 유성구 도룡동 4-20,1522-3232,36.37645528250739,0,886,20150120,Z9999@T05@T08@T16@T17@T20@T21@T30@@@T36@@T43@@@@T56@T60@T64@T65@T69@T71@P40@T09
대전노은,대전,유성구,04,0404,대전광역시 유성구 지족동 907-3 1~2층,1522-3232,36.373444,0,693,20131121,Z9999@@T05@T08@T16@T17@T20@T21@T30@@@T36@@T43@T51@@T56@T60@T64@T65@T69@T71@P80@P90@T09
충남대정문,대전,유성구,04,0404,대전광역시 유성구 궁동 482-7,1522-3232,36.36066,0,774,20140515,Z9999@T05@T08@T16@T17@T20@T21@T30@T34@@T36@@@T43@@T56@T60@T64@T65@T69@T71@P20@P80
대전테크노밸리,대전,유성구,04,0404,"대전광역시 유성구 관평동 937,938번지",1522-3232,36.425176276,0,536,20120731,Z9999@T05@T08@T16@T17@T20@T21@T30@T34@@@@T36@T43@T56@T60@T64@T65@T69@T71@T09
대전용산,대전,유성구,04,0404,대전광역시 유성구 용산동 734 10호~104호,1522-3232,36.4168446037245,0,2504,20251223,T05@T08@T16@T17@T20@T21@T30@T34@T36@T43@T51@T56@T60@T64@T65@T67@T69@T71
대전문지,대전,유성구,04,0404,대전광역시 유성구 문지동 655-8,1522-3232,36.3924494586684,0,2098,20230224,Z9999@T05@T08@T16@T17@T20@T21@T30@T34@@T36@T43@T51@T56@T60@T64@T65@T69@T71@T09
대전LG에너지솔루션,대전,유성구,04,0404,대전광역시 유성구 문지동 104-1 LG화학기술연구원,1522-3232,36.38770750444067,0,2438,20250731,T05@T08@T16@T17@T20@T21@T30@T34@T36@T51@T56@T60@T64@@T67@T69
신세계대전R,대전,유성구,04,0404,"대전광역시 유성구 도룡동 3-1, 대전신세계 백화점 5F",1522-3232,36.37526851353958,0,1855,20210825,T03@T05@T08@T16@T17@T20@T26@T29@T30@T34@T36@@@T37@T39@T41@T42@T49@T51@T56@T60@T64@T65@T69@T09
대전현대아울렛,대전,유성구,04,0404,대전광역시 유성구 용산동 579 현대프리미엄아울렛 대전점,1522-3232,36.42385761631111,0,1665,20200624,T08@T16@T17@T20@T30@T34@T36@@T56@T60@T64@T65@T69@P40@T09
유성선병원,대전,유성구,04,0404,"대전광역시 유성구 지족동 923 유성선병원, B1",1522-3232,36.3752163,0,2412,20250530,T05@T08@T16@T17@T20@T21@T30@T34@T36@T51@T56@T60@T64@T65@T69@T74@P70@P90
대전유성NC,대전,유성구,04,0404,대전광역시 유성구 봉명동 549-11 NC대전유성점 1층,1522-3232,36.3535775,0,2026,20220830,Z9999@T05@T08@T16@T17@T20@T30@T34@T36@@T43@T51@T56@T60@T64@T65@T69@T71@T09
대전구암DT,대전,유성구,04,0404,대전광역시 유성구 구암동 615-26,1522-3232,36.3487072,0,1775,20210318,Z9999@T01@T05@T08@T16@T17@T20@T30@T34@@@T36@T43@T56@T60@T65@T69@T71@T09
대전상대동,대전,유성구,04,0404,대전광역시 유성구 상대동 575,1522-3232,36.3370813570682,0,2420,20250626,Z9999@T05@T08@T16@T17@T20@T21@T30@T34@T36@T43@T51@T56@T60@T64@T65@T69@T71@T09
신세계대전B1,대전,유성구,04,0404,"대전광역시 유성구 도룡동 3-1, 대전신세계 백화점 B1층",1522-3232,36.375188049920126,0,1854,20210825,T05@T08@T16@T17@T20@T30@T34@@T36@@T51@T56@T60@T64@T65@T69@T09
대전엑스포스카이,대전,유성구,04,0404,"대전광역시 유성구 도룡동 3-1, 신세계엑스포점 38층",1522-3232,36.37489372413316,0,1856,20210825,Z9999@T05@T08@T16@T17@T20@T21@T30@T34@@@T36@@T51@T56@T60@T64@T65@T69@T09
대전죽동,대전,유성구,04,0404,대전광역시 유성구 죽동 704-13 럭키빌딩,1522-3232,36.3693121812269,0,2464,20250926,Z9999@T05@T08@T16@T17@T20@T21@T30@T34@T36@T43@T51@T56@T60@T65@T67@T69@T71
대전송강,대전,유성구,04,0404,"대전광역시 유성구 송강동 171-2 화인빌딩, 1층",1522-3232,36.434193529548,0,2248,20240315,Z9999@T05@T08@T16@T17@T20@T21@T30@T34@@T36@T43@T51@T56@T60@T64@T65@T69@T71@T75
대전대사DT,대전,중구,04,0405,대전광역시 중구 대사동 248-296,1522-3232,36.318823,0,1186,20170316,Z9999@T01@T05@T08@T16@T17@T20@T30@T36@@T43@T56@T60@T65@T70@T71@P70@P80@T09
대전태평,대전,중구,04,0405,대전광역시 중구 태평동 395-1 삼부프라자,1522-3232,36.3232773471066,0,1135,20161117,Z9999@T05@T08@T16@T17@T20@T21@@T30@T34@T36@@@@T43@T56@T60@T64@T65@T70@T71@P90@T09
대전유천DT,대전,중구,04,0405,대전광역시 중구 유천동 185-3,1522-3232,36.31833643666211,0,1028,20160127,Z9999@T01@T05@T08@T16@T17@T20@T30@T34@T36@@@@T43@T51@T56@T60@T65@T70@T71@P90@T09
대전중앙로R,대전,중구,04,0405,대전광역시 중구 은행동 149,1522-3232,36.327962,0,747,20140320,Z9999@T03@T05@T08@T16@T17@T20@T21@T26@T29@T30@T34@@T36@@T42@T56@T60@T64@T65@T70@P80
은행동,대전,중구,04,0405,대전광역시 중구 은행동 48-14,1522-3232,36.32907873,0,260,20041223,Z9999@@T05@T08@T16@T17@T20@T21@T30@T34@@T36@@T43@T51@T56@T60@T64@T65@T70@T71@P80
대전목동DT,대전,중구,04,0405,대전광역시 중구 목동 107-15,1522-3232,36.3328668212906,0,1992,20220701,Z9999@T01@T05@T08@T16@T17@T20@T30@T34@@T36@T43@T51@T56@T60@T65@T70@T71@P90@T09
서대전네거리,대전,중구,04,0405,"대전광역시 중구 오류동 151-17, 1층",1522-3232,36.3230695601753,0,2193,20231026,Z9999@T05@T08@T16@T17@T20@T21@T30@T34@@T36@T43@T51@T56@T60@T64@T65@T70@T71@P80@P90@T09
금정남산동DT,부산,금정구,05,0501,"부산광역시 금정구 남산동 68-1, 42-3, 42-8, 42-10, 71-31",1522-3232,35.26251870028765,0,1605,20200206,Z9999@T01@T05@T08@T16@T17@T20@T21@T30@T31@T34@T36@@T43@T56@T62@T65@T70@T71@P20@P80@T09
금정구청DT,부산,금정구,05,0501,"부산광역시 금정구 부곡동 217-2, 217-14",1522-3232,35.238812216995775,0,1401,20180816,Z9999@T01@T05@T08@T16@T17@T20@T21@T30@T31@T34@T36@T43@T56@T62@T65@T70@T71@P20@P90@T09
온천장역DT,부산,금정구,05,0501,부산광역시 금정구 장전동 607-6,1522-3232,35.224006,0,1289,20171109,Z9999@T01@T05@T08@T16@T17@T20@T30@T31@T34@T36@@T56@T62@T65@T70@P80@P90@T09
부산대정문,부산,금정구,05,0501,부산광역시 금정구 장전동 401-13,1522-3232,35.23214412262867,0,783,20140528,Z9999@T05@T08@T16@T17@T20@T21@T30@T31@@T43@@T56@T62@T65@T70@T71@P20@P90
부산대역,부산,금정구,05,0501,부산광역시 금정구 장전동 414-39 1~4층,1522-3232,35.23052180284867,0,709,20131220,Z9999@T05@T08@T16@T17@T20@T21@T30@T31@@T36@T43@@T62@T65@T70@T71@P20@P80@P90
금정이마트,부산,금정구,05,0501,부산광역시 금정구 구서동 368번지,1522-3232,35.249819818853915,0,413,20110728,Z9999@T05@T08@T16@T17@T20@T30@T31@T36@T43@@T62@T64@T65@T70@T71@P40@P80@P90@T09
금정구서,부산,금정구,05,0501,부산광역시 금정구 구서동 409-11,1522-3232,35.246908383445785,0,1812,20210617,Z9999@T05@T08@T16@T17@T20@T21@T30@T31@T34@@@T43@T51@@T56@T62@T65@T70@T71@P40@P70@P90
부산서동,부산,금정구,05,0501,부산광역시 금정구 서동 203-42 부산은행,1522-3232,35.214662729862546,0,2095,20230323,Z9999@T05@T08@T16@T17@T20@T21@T30@T31@T34@@T36@T51@T56@T62@T65@T70@P90
용호동W스퀘어,부산,남구,05,0502,"부산광역시 남구 용호동 954외3필지 더블유스퀘어동 1019호,1020호,1021호,2011호,2012호",1522-3232,35.1337011,0,1399,20180731,Z9999@T05@T08@T16@T17@T20@T21@T30@T31@T34@@T36@@T43@T56@T62@T64@T65@T70@T71@P40@P90@T09
동명대DT,부산,남구,05,0502,부산광역시 남구 용당동 532-26,1522-3232,35.12311959047579,0,1190,20170330,Z9999@T01@T08@T16@T17@T20@@T30@T31@@@T36@T43@T56@T62@T65@T70@T71@P20@P90@T09
BIFC Mall,부산,남구,05,0502,부산광역시 남구 문현동 1229-2,1522-3232,35.14627396984699,0,934,20150529,Z9999@T05@T08@T16@T17@T20@T21@T30@T31@T34@T36@@@T43@T56@T62@T64@T65@T70@T71@P80@T09
부산대연역,부산,남구,05,0502,부산광역시 남구 대연동 1740-1 1층,1522-3232,35.13503615347691,0,683,20131031,Z9999@T02@T05@T08@T16@T17@T20@T21@T30@T31@T34@T36@T43@@T62@T65@T70@T71@P70@P80
경성대,부산,남구,05,0502,부산광역시 남구 대연동 55-1,1522-3232,35.137345553736964,0,248,20040716,Z9999@T05@T08@T16@T17@T20@T30@T31@T34@@T36@@T43@T51@T56@T62@T65@T70@T71@P20@P80@T09
문현이마트,부산,남구,05,0502,부산광역시 남구 문현동 751 E마트,1522-3232,35.144652514394764,0,2318,20240927,Z9999@T05@T08@T16@T17@T20@T30@T31@T34@T36@T43@T51@T56@T62@T63@T65@T70@T71@P40@P80@T09
부산유엔공원,부산,남구,05,0502,부산광역시 남구 대연동 568-11,1522-3232,35.1299808,0,2235,20240207,Z9999@T05@T08@T16@T17@T20@T21@T30@T31@T34@T36@@T43@T51@@T56@T62@T65@T70@T71@T09
용호빌리브,부산,남구,05,0502,부산광역시 남구 용호동 958 빌리브센트로 제B동 101호~106호,1522-3232,35.1311,0,2284,20240802,Z9999@T05@T08@T16@T17@T20@T21@T30@T31@T34@T36@T43@T51@T56@T62@T63@T64@T65@T70@T71@T09
BIFC2,부산,남구,05,0502,부산광역시 남구 문현동 1226 부산국제금융센터2주건축물제1동 키오스크01호,1522-3232,35.147876055887224,0,2541,20260331,T05@T08@T16@T17@T20@T21@T30@T31@T34@T36@T43@T51@T56@T62@T64@T65@T70@T71@T09
부산성모병원,부산,남구,05,0502,부산광역시 남구 용호동 538-41 부산성모병원 1층,1522-3232,35.11026,0,2539,20260327,T05@T08@T16@T17@T20@T21@T30@T31@T34@T43@T56@T62@T65@T66@T70@T71@P40@P70@P90@T09
부산대연못골,부산,남구,05,0502,부산광역시 남구 대연동 290-6,1522-3232,35.13609516236527,0,1795,20210420,Z9999@T05@T08@T16@T17@T20@T21@T30@T31@T34@@T36@T56@T62@T65@T70
부산역라마다,부산,동구,05,0503,부산광역시 동구 초량동 1204-1,1522-3232,35.11434481154264,0,1560,20191107,Z9999@T05@T08@T16@T17@T20@T30@T31@T34@@T36@@T56@T62@T64@T65@T70@P40@P60@P80@P90
부산역아스티,부산,동구,05,0503,부산광역시 동구 초량동 1201-1,1522-3232,35.11612791103763,0,1561,20191112,Z9999@T05@T08@T16@T17@T20@T30@T31@T34@@T36@@T43@T56@T62@T64@T65@T70@T71@T73@P40@P60@P80@P90
부산역3번출구,부산,동구,05,0503,부산광역시 동구 초량동 1209-15 1층,1522-3232,35.11447619569747,0,2502,20251219,Z9999@T05@T08@T16@T17@T20@T30@T31@T34@T36@T43@T51@T56@T62@T65@T70@T71@P60@P80@P90
범일동일타워,부산,동구,05,0503,부산광역시 동구 범일동 830-140 동일타워,1522-3232,35.13877385839417,0,1715,20201008,Z9999@T05@T08@T16@T17@T20@T21@T30@T31@T34@T36@@@T43@T56@T62@T64@T65@T70@T71@P90@T09
부산초량역,부산,동구,05,0503,부산광역시 동구 초량동 1193-1 흥국생명보험(주)부산사옥 1층 일부,1522-3232,35.11872,0,2419,20250529,T05@T08@T16@T17@T20@T21@T30@T31@T34@T36@T43@T56@T62@T65@T67@T70@T71@P40@P60@P80@P90@T09
서면중앙대로R,부산,부산진구,05,0504,부산광역시 부산진구 부전동 227-2 서면피에스타 1층 2층,1522-3232,35.15286800166649,0,1521,20190705,Z9999@T03@T05@T08@T16@T17@T20@@T26@T29@T30@T31@@T36@@T42@T49@T56@T62@T64@T65@T70@P80@P90@T09
서면로R,부산,부산진구,05,0504,"부산광역시 부산진구 부전동 517-24,517-25",1522-3232,35.15524851626055,0,1394,20180731,Z9999@T03@T05@T08@T16@T17@T20@@T26@T29@T30@T31@@T36@T41@T42@T43@T56@T62@T65@T70@T71@P70@P80@P90
동의대역,부산,부산진구,05,0504,부산광역시 부산진구 가야동 82-16,1522-3232,35.15495095970587,0,1048,20160329,Z9999@T05@T08@T16@T17@T20@T21@T30@T31@T34@@@T43@@T56@T62@T65@T70@T71@P20@P80
부산개금역,부산,부산진구,05,0504,부산광역시 부산진구 개금동 177-289 SH빌딩 지상 1층,1522-3232,35.15308675443438,0,871,20141218,Z9999@T05@T08@T16@T17@T20@T21@T30@T31@T34@@T36@T43@T51@@T56@T62@T64@T65@T70@T71@P20@P70@P80@P90@T09
서면전포역,부산,부산진구,05,0504,부산광역시 부산진구 전포동 691-2,1522-3232,35.15436355753789,0,844,20141021,Z9999@T05@T08@T16@T17@T20@T21@T30@T31@T34@@T36@@@T43@T56@T62@T65@T70@T71@P60@P80
부산서면중앙로,부산,부산진구,05,0504,부산광역시 부산진구 부전동 255-11 1~3층,1522-3232,35.15549234290918,0,690,20131115,Z9999@T05@T08@T16@T17@T20@T21@T30@T31@T34@@T36@@T51@T56@T62@T65@T70@P80@P90
서면서전로,부산,부산진구,05,0504,부산광역시 부산진구 부전동 143-5,1522-3232,35.157934528805484,0,736,20140220,Z9999@T05@T08@T16@T17@T20@T21@T30@T31@@T36@@T43@T62@T65@T70@T71@P80@P90@T09
부산서면,부산,부산진구,05,0504,부산광역시 부산진구 부전동 219-3번지,1522-3232,35.154098,0,653,20130822,Z9999@T05@T08@T16@T17@T20@T21@T30@T31@T34@@T36@T43@T62@T65@T70@T71
서면역,부산,부산진구,05,0504,부산광역시 부산진구 부전동 139-3번지,1522-3232,35.157909950604896,0,290,20091019,Z9999@T05@T08@T16@T17@T20@T30@T31@T34@T36@@@T62@T65@T70@P80
부전역,부산,부산진구,05,0504,"부산광역시 부산진구 부전동 573-7 서면호텔 복합시설1,2층",1522-3232,35.16181113722542,0,452,20111125,Z9999@T05@T08@T16@T17@T20@T30@T31@T34@@T36@@T43@T51@@T56@T62@T65@T70@T71@P80
서면센트럴스퀘어,부산,부산진구,05,0504,부산광역시 부산진구 부전동 537-9번지,1522-3232,35.1516177133099,0,422,20110826,Z9999@T05@T08@T16@T17@T20@T30@T31@T34@@T36@@T62@T65@T70@P40@T09
서면메디컬거리,부산,부산진구,05,0504,부산광역시 부산진구 부전동 486-20번지 1층,1522-3232,35.157961,0,580,20130117,Z9999@T05@T08@T16@T17@T20@T30@T31@T34@T36@@@T43@T51@@T56@T62@T65@T70@T71@P70@P80@P90
서면중앙,부산,부산진구,05,0504,부산광역시 부산진구 부전동 257-42,1522-3232,35.15684837423388,0,361,20110111,Z9999@@T05@T08@T16@T17@T20@@T30@T31@T34@@@T36@@T43@@T56@T62@T64@T65@T70@T71@T73@P80
서면트레이더스,부산,부산진구,05,0504,부산광역시 부산진구 부암동 93 이마트트레이더스서면점,1522-3232,35.163831285849966,0,432,20110830,Z9999@T05@T08@T16@T17@T20@T30@T31@T34@@T36@@T43@T51@@T56@T62@T65@T70@T71@P40@P90@T09
부산양정,부산,부산진구,05,0504,부산광역시 부산진구 양정동 353-20,1522-3232,35.1702564754022,0,2568,20260529,Z9999@T05@T08@T16@T17@T20@T21@T30@T31@T34@T43@T56@T62@T65@T67@T70@T71@P20
초읍대공원,부산,부산진구,05,0504,부산광역시 부산진구 초읍동 105-6,1522-3232,35.1828193069829,0,2107,20230323,Z9999@T05@T08@T16@T17@T20@T21@T30@T31@T34@T36@@T43@T51@T56@T62@T65@T70@T71
서면엠디엠타워,부산,부산진구,05,0504,부산광역시 부산진구 범천동 863-1 삼성생명보험빌딩,1522-3232,35.149622241921506,0,1699,20200903,T05@T08@T16@T17@T20@T21@T30@T31@T34@T36@@T43@@T62@T64@T65@T70@T71@P80@P90@T09
서면문화로,부산,부산진구,05,0504,부산광역시 부산진구 부전동 397-14,1522-3232,35.15885783683483,0,1659,20200626,Z9999@T05@T08@T16@T17@T20@T30@T31@T34@@T36@@T43@T56@T62@T65@T70@T71@P70@P80@P90
부산덕천역,부산,북구,05,0505,부산광역시 북구 덕천동 383-1,1522-3232,35.210787,0,712,20131223,Z9999@@T05@T08@T16@T17@T20@T21@T30@T31@T34@@T36@@T43@@T56@T62@T64@T65@T70@T71@P20@P80@P90
부산화명역,부산,북구,05,0505,부산광역시 북구 화명동 2287-3번지,1522-3232,35.2336752802956,0,642,20130723,Z9999@T02@T05@T08@T16@T17@T20@T21@T30@T31@@@@T36@T43@@T56@T62@T65@T70@T71@P80@T09
화명강변DT,부산,북구,05,0505,부산광역시 북구 덕천동 624-8,1522-3232,35.216972,0,1669,20200715,Z9999@T01@T05@T08@T16@T17@T20@T21@T30@T34@@@T36@T56@T62@T65@T70@P01@P70@P90@T09
부산구남역DT,부산,북구,05,0505,부산광역시 북구 구포동 915-1,1522-3232,35.1982412867577,0,2032,20220922,Z9999@T01@T05@T08@T16@T17@T20@T21@T30@T31@T34@@T36@T43@T51@@T56@T62@T65@T70@T71@P80@P90
부산만덕DT,부산,북구,05,0505,부산광역시 북구 만덕동 산19-5,1522-3232,35.213166,0,1799,20210428,Z9999@T01@T05@T08@T16@T17@T20@T21@T30@T31@T34@@T43@@T56@T62@T65@T70@T71@P80@P90@T09
사상주례DT,부산,사상구,05,0506,"부산광역시 사상구 주례동 854,120-35,991-5,991-6,산120-2,산120-3",1522-3232,35.154847,0,1491,20190508,Z9999@T01@T05@T08@T16@T17@T20@T30@T31@T36@@@@T43@T56@T62@T65@T70@T71@P90@T09
동서대DT,부산,사상구,05,0506,"부산광역시 사상구 주례동 189-9,189-11,189-12,189-13",1522-3232,35.150783485507844,0,1277,20170928,Z9999@T01@T08@T16@T17@T20@T30@T31@@T36@@@T43@@T56@T62@T65@T70@T71@P20@P70@P80@T09
부산사상로,부산,사상구,05,0506,부산광역시 사상구 괘법동 546-1 엠시티빌딩 105호,1522-3232,35.1629709567761,0,2021,20220818,Z9999@T05@T08@T16@T17@T20@T21@T30@T31@T34@T36@@T43@T51@@T56@T62@T65@T70@T71@P60
삼락강변DT,부산,사상구,05,0506,부산광역시 사상구 삼락동 399-1 (주)대림주유소 399-2,1522-3232,35.176684552695,0,1991,20220616,Z9999@T01@T05@T08@T16@T17@T20@T21@T30@T31@T34@T36@@T51@T56@T62@T65@T70@T09
사상엄궁DT,부산,사상구,05,0506,부산광역시 사상구 엄궁동 338외2필지,1522-3232,35.127533,0,1836,20210715,T01@T05@T08@T16@T17@T20@T21@T30@T31@T34@T36@@T43@T51@@T56@T62@T65@T70@T71@T09
부산사상광장로,부산,사상구,05,0506,"부산광역시 사상구 괘법동 565-2, 1,2층",1522-3232,35.16265589792603,0,2355,20241212,Z9999@T05@T08@T16@T17@T20@T21@T30@T31@T34@T36@T43@T51@@T56@T62@T65@T70@T71@P60@P80@P90@T09
사상이마트,부산,사상구,05,0506,부산광역시 사상구 괘법동 531-2 이마트,1522-3232,35.163833237506026,0,2086,20230209,Z9999@T05@T08@T16@T17@T20@T30@T31@T34@T36@@T43@T51@@T56@T62@T64@T65@T70@T71@P40@T09
다대포DT,부산,사하구,05,0507,부산광역시 사하구 다대동 293-1,1522-3232,35.060973,0,1377,20180615,T01@T05@T08@T16@T17@T20@T30@T31@@T36@T43@T56@T62@T65@T70@T71@P90@T09
을숙도강변DT,부산,사하구,05,0507,부산광역시 사하구 하단동 1157-17,1522-3232,35.115260,0,1085,20160630,Z9999@T01@T05@T08@T16@T17@T20@T30@@T31@T34@@T36@@T51@T56@T62@T65@T70@T09
부산괴정역,부산,사하구,05,0507,부산광역시 사하구 괴정동 961-6번지,1522-3232,35.098561441784554,0,575,20130109,Z9999@T05@T08@T16@T17@T20@T21@T30@T31@T34@T36@@@T43@T51@@T56@T62@T65@T70@T71@P80@P90@T09
하단중앙,부산,사하구,05,0507,부산광역시 사하구 하단동 526-5번지,1522-3232,35.106522,0,500,20120406,Z9999@T05@T08@T16@T17@T20@T30@T31@T34@T36@@@@T43@T51@T56@T62@T65@T70@T71@P80
하단역2번출구,부산,사하구,05,0507,"부산광역시 사하구 하단동 592-5, 592-6 1층 102호",1522-3232,35.10597061831693,0,2417,20250529,T05@T16@T17@T20@T21@T30@T31@T34@T36@T43@T51@T55@T56@T62@T65@T67@T70@T71@P70@P80@T09
다대포해수욕장,부산,사하구,05,0507,"부산광역시 사하구 다대동 1548-43, 지하 1층, 1층",1522-3232,35.0492108102216,0,2521,20260130,Z9999@T05@T08@T16@T17@T20@T30@T31@T34@T36@T43@T51@T55@T56@T62@T65@T70@T71@P50@P80@T09
사하장림DT,부산,사하구,05,0507,부산광역시 사하구 장림동 100-1,1522-3232,35.0849337,0,1863,20210917,Z9999@T01@T05@T08@T16@T17@T20@T30@T31@T34@@T36@T43@T51@@T56@T62@T65@T70@T71@T09
부산교대역DT,부산,연제구,05,0508,"부산광역시 연제구 거제동 125, 125-13, 122-9",1522-3232,35.198904092650125,0,1653,20200625,Z9999@T01@T08@T16@T17@T20@T21@T30@T34@@@T43@T56@T62@T65@T70@T71@P20@P80@P90@T09
연산시티타워,부산,연제구,05,0508,"부산광역시 연제구 연산동 1124-3 C T 타워(A동 107,108,109)",1522-3232,35.18796058645269,0,1234,20170629,Z9999@T05@T08@T16@T17@T20@T30@T31@T36@@@T43@T62@T65@T70@T71@P80@T09
부산연산역,부산,연제구,05,0508,부산광역시 연제구 연산동 603-10외 1필지,1522-3232,35.18708216840511,0,799,20140626,Z9999@T05@T08@T16@T17@T20@T30@T31@T34@T36@@@T43@@T56@T62@T62@T64@T65@T70@T71@P60@P80
부산교대,부산,연제구,05,0508,부산광역시 연제구 거제동 89-60 2~3층,1522-3232,35.19568537974173,0,735,20140220,T05@T08@T16@T17@T20@T21@T30@T31@@@T43@@T62@T65@T70@T71@P20@P80
연산트레이더스,부산,연제구,05,0508,부산광역시 연제구 연산동 137-5,1522-3232,35.184911403836246,0,1758,20210208,Z9999@@T05@T08@T16@T17@T20@T30@T31@T34@T36@@T43@@T56@T62@T64@T65@T70@T71@P40@P90@T09
연산교차로,부산,연제구,05,0508,부산광역시 연제구 연산동 701-4,1522-3232,35.185394802963785,0,2278,20240605,Z9999@T05@T08@T16@T17@T20@T21@T30@T31@T34@T43@T51@@T56@T62@T65@T70@T71@P70@P80@T09
부산시청,부산,연제구,05,0508,부산광역시 연제구 연산동 1331-2 서호병원,1522-3232,35.18159,0,1892,20211209,Z9999@T05@T08@T16@T17@T20@T21@T30@T31@T34@@T36@@T43@T51@@T56@T62@T64@T65@T70@T71
연제이마트,부산,연제구,05,0508,부산광역시 연제구 연산동 822-7 신세계연제점E마트,1522-3232,35.175745706845255,0,2114,20230406,Z9999@T05@T08@T16@T17@T20@T30@T31@T34@T36@@T43@T51@T56@T62@T64@T65@T70@T71@P40@T09
부산거제DT,부산,연제구,05,0508,부산광역시 연제구 거제동 507-8,1522-3232,35.1865001979024,0,2360,20241212,Z9999@T01@T05@T08@T16@T17@T20@T21@T30@T31@T34@T36@T51@T56@T65@T70@T09
영도청학DT,부산,영도구,05,0509,부산광역시 영도구 청학동 31-2 청학주유소,1522-3232,35.09383102762473,0,2005,20220721,Z9999@T01@T05@T08@T16@T17@T20@T21@T30@T31@T34@@T36@T43@T51@T56@T62@T65@T70@T71@P90@T09
영도대교,부산,영도구,05,0509,부산광역시 영도구 대교동1가 47 영도해안루미너스 301호,1522-3232,35.094523591160836,0,1766,20210305,T05@T08@T16@T17@T20@T21@T30@T31@T34@@@T36@T43@@T62@T65@T70@T71
부산광복로,부산,중구,05,0510,"부산광역시 중구 광복동3가 8-3,8-6,8-7,8-8",1522-3232,35.1000583746614,0,1522,20190820,Z9999@@T05@T08@T16@T17@T20@@@@T30@T31@T34@@T36@@@T43@T56@T62@T64@T65@T70@T71@P90
자갈치역,부산,중구,05,0510,부산광역시 중구 남포동5가 8-1,1522-3232,35.09832596040299,0,1185,20170316,Z9999@T05@T08@T16@T17@T20@T30@T31@@@T43@T56@T62@T65@T70@T71@P80@P90
국제시장,부산,중구,05,0510,부산광역시 중구 대청동3가 20,1522-3232,35.1028329653543,0,1249,20170726,T05@T08@T16@T17@T20@T30@T31@@T36@@T43@@T62@T65@T70@T71@P90
부산중앙역,부산,중구,05,0510,"부산광역시 중구 중앙동4가 53-6, 53-30",1522-3232,35.105097657441014,0,823,20140825,Z9999@T05@T08@T16@T17@T20@T21@T30@T31@T34@@T36@@T43@@T62@T64@T65@T70@T71@P60@P80@P90
남포동역,부산,중구,05,0510,부산광역시 중구 광복동1가 40-2번지 1~2층,1522-3232,35.098231711510195,0,378,20110329,Z9999@T05@T08@T16@T17@T20@T30@T31@@T36@T56@T62@T65@T70@P80@P90
부산비프광장,부산,중구,05,0510,"부산광역시 중구 남포동3가 2-2,1-2층",1522-3232,35.098939258377975,0,2283,20240628,Z9999@T05@T08@T16@T17@T20@T30@T31@T34@T36@T43@T51@T56@T62@T64@T65@T70@T71@P80
기장역DT,부산,기장군,05,0511,부산광역시 기장군 기장읍 청강리 31-1외1필지,1522-3232,35.2421513,0,1549,20191107,Z9999@T01@T05@T08@T16@T17@T20@T21@T30@T31@T34@@T36@@T43@T56@T62@T65@T70@T71@P60@P90@T09
동부산DT,부산,기장군,05,0511,부산광역시 기장군 기장읍 시랑리 589-6,1522-3232,35.184073,0,1100,20160818,Z9999@T01@T05@T08@T16@T17@T20@@T30@T31@@@@T56@T62@T65@T70@P50@P90@T09
부산정관,부산,기장군,05,0511,부산광역시 기장군 정관읍 매학리 717-1,1522-3232,35.321336,0,671,20130930,Z9999@@T05@T08@T16@T17@@T20@T21@T30@T31@@@@T43@@T56@T62@T65@T70@T71@P70@T09
기장일광DT,부산,기장군,05,0511,부산광역시 기장군 일광읍 삼성리 510-24,1522-3232,35.25724296996289,0,2091,20230216,Z9999@T01@T05@T08@T16@T17@T20@T21@T30@T31@T34@T36@@T43@T51@T55@T56@T62@T65@T70@T71@T09
부산P.아울렛,부산,기장군,05,0511,부산광역시 기장군 장안읍 좌천리 545 부산프리미엄아울렛,1522-3232,35.32270153066869,0,2323,20240912,T05@T08@T16@T17@T20@T30@T31@T34@T36@T51@T56@T62@T63@T65@T70@P40@T09
동부산테마파크,부산,기장군,05,0511,부산광역시 기장군 기장읍 시랑리 산46외 339필지,1522-3232,35.19358296608474,0,1815,20210630,T05@T08@T16@T17@T20@T21@T30@T31@T34@T36@@T51@T56@T62@T65@T70@P40@P90@T09
정관신도시DT,부산,기장군,05,0511,"부산광역시 기장군 정관읍 모전리  468, 470-1",1522-3232,35.334446374142374,0,2190,20230922,Z9999@T01@T05@T08@T16@T17@T20@T21@T30@T31@T34@@T43@T51@T56@T65@T70@T71@T09
기장임랑원,부산,기장군,05,0511,부산광역시 기장군 장안읍 임랑리 169-2 외 7필지,1522-3232,35.3164532805935,0,2211,20231116,Z9999@T05@T08@T16@T17@T20@T21@T30@T31@T34@@T47@T51@T56@T65@T70@P50@T09
광안수변공원,부산,수영구,05,0512,부산광역시 수영구 민락동 181-223 민락동 바다마루,1522-3232,35.1532166,0,1365,20180510,Z9999@T05@T08@T16@T17@T20@T21@T30@T31@@T36@@T43@@T56@T62@T65@T70@T71@P50@P90@T09
수영역,부산,수영구,05,0512,부산광역시 수영구 광안동 1077-12,1522-3232,35.16573717329124,0,1181,20170303,Z9999@T05@T08@T16@T17@T20@T21@T30@T31@T34@@@@T43@@T56@T62@T64@T65@T70@T71@P70@P80@P90
금련산역,부산,수영구,05,0512,부산광역시 수영구 남천동 29-19 목원빌딩,1522-3232,35.147170,0,1180,20170228,Z9999@T05@T08@T16@T17@T20@T21@T30@T31@T34@@T36@@T43@@T56@T62@T65@T70@T71@P80@P90
광안비치,부산,수영구,05,0512,부산광역시 수영구 광안동 193-4 부산광안대우아이빌 101호 201호 202호 203호,1522-3232,35.15317424344426,0,1097,20160726,Z9999@T05@T08@T16@T17@T20@T30@T31@T34@@T36@T56@T62@T65@T70@P50@P90
수영망미DT,부산,수영구,05,0512,"부산광역시 수영구 망미동 412-27, 412-28, 412-29",1522-3232,35.177411,0,1027,20160115,Z9999@T01@T05@T08@T16@T17@T20@T30@T31@@@@T43@T56@T62@T65@T70@T71@P90@T09
광안리,부산,수영구,05,0512,부산광역시 수영구 민락동 178-19 1~3층,1522-3232,35.15504,0,184,20020529,Z9999@T05@T08@T16@T17@T20@T21@T30@T31@T34@T36@@@T43@T56@T62@T64@T65@T70@T71@P50@T09
남천더샵,부산,수영구,05,0512,부산광역시 수영구 남천동 75-18 더샵 남천프레스티지 110호,1522-3232,35.141257063803636,0,2174,20230824,T05@T08@T16@T17@T20@T21@T30@T31@T34@T36@@T43@T51@@T56@T62@T65@T70@T71@P70@P80@P90@T09
밀락더마켓,부산,수영구,05,0512,부산광역시 수영구 민락동 113-31,1522-3232,35.15400258151108,0,2038,20220929,Z9999@T05@T08@T16@T17@T20@T21@T30@T31@T34@@T36@T51@T56@T62@T64@T65@T68@T70@P40@T09
센텀수영DT,부산,수영구,05,0512,"부산광역시 수영구 망미동 202-12 ,202-3",1522-3232,35.17746,0,2372,20250103,Z9999@T01@T05@T08@T16@T17@T20@T21@T30@T31@T34@T36@T43@T51@T56@T62@@T65@T70@T71@T09
스타필드명지,부산,강서구,05,0513,부산광역시 강서구 명지동 3438 스타필드 명지 1층,1522-3232,35.0934683,0,1565,20191029,Z9999@T05@T08@T16@T17@T20@T30@T34@T36@T56@T62@T64@T65@T70@P40@T09
명지강변DT,부산,강서구,05,0513,부산광역시 강서구 명지동 1459-1,1522-3232,35.1026237,0,1630,20200416,Z9999@T01@T05@T08@T16@T17@T20@T30@T31@T34@T36@@@T47@T56@T62@T65@T70@P90@T09
명지국제신도시,부산,강서구,05,0513,부산광역시 강서구 명지동 3420-1,1522-3232,35.0978,0,1403,20180816,Z9999@T05@T08@T16@T17@T20@T21@T30@T31@@@@T36@T43@T56@T62@T65@T70@T71@P90@T09
명지오션시티,부산,강서구,05,0513,부산광역시 강서구 명지동 3238,1522-3232,35.084043,0,478,20120131,T05@T08@T16@T17@T20@T21@T30@T31@T36@@T43@T56@T62@T65@T70@T71
강서녹산DT,부산,강서구,05,0513,부산광역시 강서구 녹산동 1336-5,1522-3232,35.1128623326732,0,2207,20231109,T01@T05@T08@T16@T17@T20@T30@T31@T34@@T36@T43@T51@T56@T62@T63@T65@T70@T71@P01@P90@T09
명지퍼스트월드,부산,강서구,05,0513,부산광역시 강서구 명지동 3594 더샵 명지퍼스트월드 2단지,1522-3232,35.09724028810901,0,1787,20210331,T05@T08@T16@T17@T20@T21@T30@T31@T34@T36@@@T43@@T56@T62@T65@T70@T71@T09
동래역,부산,동래구,05,0514,부산광역시 동래구 명륜동 553-21,1522-3232,35.20557928384287,0,1400,20180806,Z9999@T05@T08@T16@T17@T20@T21@T30@T31@@@T43@@T56@T62@T65@T70@T71@P80@P90
명륜역,부산,동래구,05,0514,부산광역시 동래구 온천동 473-21,1522-3232,35.212443,0,1235,20170622,Z9999@T05@T08@T16@T17@T20@T21@T22@T30@T31@T36@@T43@@T56@T62@T64@T65@T70@T71@P80@P90@T09
사직구장,부산,동래구,05,0514,부산광역시 동래구 사직동 93-6 사직동 자이언츠 파크,1522-3232,35.1961928325401,0,1133,20161118,Z9999@T05@T08@T16@T17@T20@T21@T27@T30@T31@T36@@T56@T62@T65@T70@P40@T09
부산안락DT,부산,동래구,05,0514,부산광역시 동래구 안락동 256-4,1522-3232,35.1958595,0,946,20150625,Z9999@T01@T05@T08@T16@T17@T20@T30@T31@T34@@@T43@T51@T56@T62@T65@T70@T71@T09
동래미남DT,부산,동래구,05,0514,부산광역시 동래구 온천동 1428-36,1522-3232,35.20719597598838,0,864,20141212,Z9999@T01@T05@T08@T16@T17@T20@T30@T31@T34@@T36@T43@@T56@T62@T65@T70@T71@P80@P90@T09
부산온천장역,부산,동래구,05,0514,부산광역시 동래구 온천동 153-8 에스케이허브스카이 1층,1522-3232,35.221326935128985,0,571,20121221,Z9999@T05@T08@T16@T17@T20@T21@T30@T31@@T36@T43@@T56@T62@T65@T70@T71@P40@P80@P90@T09
부산사직역,부산,동래구,05,0514,"부산광역시 동래구 사직동 96-16 금왕빌딩, 1층 101호~104호",1522-3232,35.196861853574234,0,2570,20260529,Z9999@T05@T08@T16@T17@T20@T21@T30@T31@T34@T43@T56@T62@T65@T67@T70@T71@P80
부산동래,부산,동래구,05,0514,부산광역시 동래구 명륜동 506-13 동림빌딩,1522-3232,35.20292773253749,0,1969,20220504,Z9999@T05@T08@T16@T17@T20@T30@T31@T34@@T36@T51@T56@T62@T65@T70@P80@P90
동래허심청,부산,동래구,05,0514,부산광역시 동래구 온천동 137 허심청,1522-3232,35.220761664490546,0,2096,20230228,Z9999@T05@T08@T16@T17@T20@T30@T31@T34@@T36@T43@T51@T56@T62@T65@T70@T71@P40@P90@T09
부산미남역,부산,동래구,05,0514,부산광역시 동래구 온천동 1248-2,1522-3232,35.20560853458733,0,2321,20240912,Z9999@T05@T08@T16@T17@T20@T21@T30@T31@T34@T36@T43@T51@@T56@T62@T63@T65@T70@T71@P80
부산사직,부산,동래구,05,0514,부산광역시 동래구 사직동 47-27번지,1522-3232,35.19791171938551,0,533,20120711,Z9999@T05@T08@T16@T17@T20@T21@T30@T31@@T36@T43@@T56@T62@T65@T70@T71@P90@T09
부산송도해수욕장,부산,서구,05,0515,부산광역시 서구 암남동 234외7필지,1522-3232,35.07710323561051,0,1582,20191223,Z9999@T05@T08@T16@T17@T20@T30@T31@T34@@T36@T43@T56@T62@T65@T70@T71@P50@P90
부민사거리,부산,서구,05,0515,부산광역시 서구 부민동 18-13,1522-3232,35.103605807879525,0,856,20141118,Z9999@T05@T08@T16@T17@T20@T21@T30@T31@@T36@T43@@T62@T65@T70@T71@P20@P70@P80@P90
부산동대신역,부산,서구,05,0515,부산광역시 서구 동대신동3가 510 외 1필지,1522-3232,35.112587011543894,0,590,20130228,Z9999@T05@T08@T16@T17@T20@T21@T30@T31@@T36@T43@@T62@T65@T70@T71@P70@P80@P90
동아대병원,부산,서구,05,0515,부산광역시 서구 동대신동3가 13-81,1522-3232,35.119438528976126,0,1919,20220120,Z9999@T05@T08@T16@T17@T20@T21@T30@T31@T34@@@T43@T51@T56@T62@T64@T65@T70@T71@P70@P90@T09
부산대병원,부산,서구,05,0515,부산광역시 서구 아미동1가 10-1 부산대학교병원 A동(본관) 1층 일부,1522-3232,35.10083193819662,0,2503,20251222,T05@T08@T16@T17@T20@T21@T30@T31@T34@T51@T56@T62@T64@T65@T70@P70
부산대병원C동,부산,서구,05,0515,"부산광역시 서구 아미동1가 10-1 부산대학병원, 아미동2가 34-1, 50-1 부산대학교병원 C동(암센터) 1층 일부",1522-3232,35.09996326711841,0,2549,20260420,T05@T08@T16@T17@T20@T21@T30@T31@T34@T43@T51@T56@T62@T64@T65@T66@T70@T71@P40@P70@P80
해운대동백,부산,해운대구,05,0516,부산광역시 해운대구 우동 763 해운대경동제이드아파트,1522-3232,35.158371,0,1398,20180807,Z9999@@T05@T08@T16@T17@T20@T21@T22@@T30@T31@@T36@T43@T56@T62@T65@T70@T71@P50@P90@T09
수영강변DT,부산,해운대구,05,0516,부산광역시 해운대구 반여동 1201,1522-3232,35.203889,0,1309,20171221,Z9999@T01@T05@T08@T16@T17@T20@T30@@T31@T34@@T36@@T43@@T56@T62@T65@T70@T71@T09
센텀파크,부산,해운대구,05,0516,부산광역시 해운대구 재송동 1200 더샵센텀파크1차아파트 7동 102호,1522-3232,35.17869913791537,0,1347,20180316,Z9999@T05@T08@T16@T17@T20@T21@T30@T31@T36@@@T43@@T56@T62@T65@T70@T71@T09
해운대역,부산,해운대구,05,0516,부산광역시 해운대구 우동 603-19,1522-3232,35.16314488870613,0,1275,20170927,Z9999@T05@T08@T16@T17@T20@T21@T30@T31@@@T56@T62@T65@T70@P50@P80
부산재송DT,부산,해운대구,05,0516,부산광역시 해운대구 재송동 572-2 외 4필지,1522-3232,35.181271,0,1098,20160812,Z9999@T01@T05@T08@T16@T17@T20@T30@T31@@@@T43@T51@@T56@T62@T65@T70@T71@T09
해운대,부산,해운대구,05,0516,부산광역시 해운대구 중동 1392-26 엘리시아,1522-3232,35.16010998444482,0,1056,20160419,Z9999@T05@T08@T16@T17@T20@T21@@@T30@T31@T34@@@T51@T56@T62@T65@T70@P50
센텀로,부산,해운대구,05,0516,부산광역시 해운대구 우동 1518 센텀메디컬센타 1층 스타벅스 센텀로점,1522-3232,35.167952994203915,0,966,20150820,Z9999@T05@T08@T16@T17@T20@T21@T30@T31@@@@T43@@T56@T62@T65@T70@T71@T09
센텀신세계B1,부산,해운대구,05,0516,부산광역시 해운대구 우동 1495 신세계백화점센텀시티점 B1,1522-3232,35.168593398365054,0,807,20140715,T05@T08@T16@T17@T30@T31@@T56@T62@T65@T70@P40@P80@T09
해운대달맞이DT,부산,해운대구,05,0516,부산광역시 해운대구 중동 1779,1522-3232,35.161561146872124,0,817,20140808,Z9999@T01@T05@T08@T16@T17@T20@T21@@T30@T31@T34@@@@T56@T62@T65@T70@T09
센텀그린타워,부산,해운대구,05,0516,부산광역시 해운대구 우동 1462,1522-3232,35.17462383854198,0,754,20140327,Z9999@T05@T08@T16@T17@T20@T21@T30@T31@@@@T56@T62@T65@T70@T09
부산송정비치,부산,해운대구,05,0516,부산광역시 해운대구 송정동 297-31 외 1필지,1522-3232,35.1807279,0,648,20130809,Z9999@T05@T08@T16@T17@T20@T21@T30@T31@T34@@@T36@@T43@T56@T62@T64@T65@T70@T71@P50@T09
장산역,부산,해운대구,05,0516,부산광역시 해운대구 좌동 1479-1,1522-3232,35.16938036315796,0,239,20050923,Z9999@T05@T08@T16@T17@T20@T30@T31@T34@@@@T51@T56@T62@T65@T70@P80@P90@T09
하버타운,부산,해운대구,05,0516,부산광역시 해운대구 우동 627-1 하버타운,1522-3232,35.1596216193727,0,162,20010517,Z9999@T05@T08@T16@T17@T20@T21@T30@T31@T34@@@T43@@T56@T62@T64@T65@T70@T71@P50@P80@T09
벡스코,부산,해운대구,05,0516,부산광역시 해운대구 우동 우2동 1500번지 벡스코내,1522-3232,35.16954469635195,0,140,20070214,T05@T08@T16@T17@T20@T21@T30@T31@@T62@T65@T70@P40@P80@T09
팔레드시즈,부산,해운대구,05,0516,부산광역시 해운대구 중동 1124-2 팔래드시즈 1-3호,1522-3232,35.16002278096324,0,104,20080728,T05@T08@T16@T17@T20@T21@T30@T31@T34@@@T43@T56@T62@T65@T70@T71@P50@P90@T09
제니스스퀘어,부산,해운대구,05,0516,부산광역시 해운대구 우동 1407 제니스스퀘어,1522-3232,35.156657,0,496,20120328,Z9999@T05@T08@T16@T17@T20@T21@T30@T31@@@T43@T56@T62@T65@T70@T71@P40@T09
마린시티아이파크,부산,해운대구,05,0516,부산광역시 해운대구 우동 1408,1522-3232,35.15692363388198,0,530,20120629,Z9999@T05@T08@T16@T17@T20@T21@T30@T31@T34@@@T36@T43@T51@T56@T62@T65@T70@T71@P40@P90@T09
해운대이마트,부산,해운대구,05,0516,부산광역시 해운대구 중동 1767 이마트해운대점 1층,1522-3232,35.166029,0,504,20120418,Z9999@@T05@T08@T16@T17@T20@T30@T31@@@@T43@T62@T65@T70@T71@P40@P80@T09
센텀드림월드,부산,해운대구,05,0516,부산광역시 해운대구 우동 1510번지 센텀드림월드1층,1522-3232,35.16704750221093,0,495,20120328,Z9999@@T05@T08@T16@T17@T20@T21@T30@T31@T34@@T36@@T43@T51@T56@T62@T63@T65@T70@T71@P80@T09
센텀KNN,부산,해운대구,05,0516,"부산광역시 해운대구 우동 1468,1469 번지 (KNN 타워 107호 일부)",1522-3232,35.17199558309366,0,576,20130109,T05@T08@T16@T17@T20@T21@T30@T31@@T36@@@T43@@T56@T62@T64@T65@T70@T71@P80@P90@T09
월드마크센텀,부산,해운대구,05,0516,부산광역시 해운대구 우동 1488번지 1층,1522-3232,35.17114558044655,0,436,20110909,Z9999@T05@T08@T16@T17@T20@T21@@T30@T31@T34@@@T36@T43@T56@T62@T64@T65@T70@T71@P80@P90@T09
엘시티,부산,해운대구,05,0516,"부산광역시 해운대구 중동 1829 엘시티 1021호, 1022호, 1023호",1522-3232,35.15999407665911,0,2226,20240104,Z9999@T05@T08@T16@T17@T20@T21@T30@T31@T34@@T51@T56@T62@T64@T65@T70@P30@P50@P90@T09
해운대NC,부산,해운대구,05,0516,부산광역시 해운대구 좌동 1467-4 지팝건축물,1522-3232,35.170306975015485,0,1757,20210204,T05@T08@T16@T17@T20@T30@T31@T34@@@T43@T62@T65@T70@T71@P40@P80@P90@T09
해운대좌동,부산,해운대구,05,0516,부산광역시 해운대구 좌동 1289-4 한솔빌딩,1522-3232,35.1775937,0,1731,20201210,Z9999@T05@T08@T16@T17@T20@T21@T30@T34@T36@@@@@T56@T62@T65@T70@P90
해운대 엑스더스카이,부산,해운대구,05,0516,부산광역시 해운대구 중동 1829,1522-3232,35.15977196666398,0,1725,20201112,T05@T16@T17@T20@T21@T30@T31@T34@@T56@T62@T70@P40
부산성모안과병원,부산,해운대구,05,0516,부산광역시 해운대구 우동 1078-6 부산성모안과병원 1층 101호,1522-3232,35.16745666392871,0,2159,20230727,T05@T08@T16@T17@T20@T21@T30@T31@T34@@T43@T51@T56@T62@T65@T70@T71@P70@P80
센텀신세계3F,부산,해운대구,05,0516,"부산광역시 해운대구 우동 1495 신세계백화점센텀시티점, 3층",1522-3232,35.16914966034019,0,1832,20210708,T05@T08@T16@T17@T20@T30@T31@T34@@@T51@T56@T62@T65@T70@P40@P80@T09
해운대중동역,부산,해운대구,05,0516,부산광역시 해운대구 중동 1756,1522-3232,35.1671846,0,1663,20200709,Z9999@T05@T08@T16@T17@T20@T21@T30@T31@T34@@@T43@@T62@T65@T70@T71@P80@P90
센텀몰1F,부산,해운대구,05,0516,"부산광역시 해운대구 우동 1493 센텀시티 몰, 1층",1522-3232,35.16995050945187,0,1807,20210513,T05@T08@T16@T17@T20@T30@T31@T34@@T56@T62@T65@T70@P40@P80@P90@T09
그랜드조선 부산,부산,해운대구,05,0516,부산광역시 해운대구 중동 1405-16 그랜드 조선 부산,1522-3232,35.16005799129259,0,1711,20201007,T05@T08@T16@T17@T20@T21@T30@T31@T34@@T56@T62@T65@T70@P40
울산번영로,울산,남구,06,0601,울산광역시 남구 달동 117-4 삼성생명빌딩 1F,1522-3232,35.537046784,0,1554,20191114,T05@T08@T16@T17@T20@T21@T30@T34@@@T36@@T62@T65@T70@T09
울산대공원,울산,남구,06,0601,울산광역시 남구 옥동 143-9,1522-3232,35.532330,0,1483,20190430,Z9999@T02@T05@T08@T16@T17@T20@T21@T30@@T36@@@T43@T56@T62@T65@T70@T71@T09
울산도산사거리DT,울산,남구,06,0601,울산광역시 남구 야음동 580,1522-3232,35.5309416639556,0,1417,20180920,Z9999@T01@T05@T08@T16@T17@T20@T30@T34@@@@T36@T43@T56@T62@T65@T70@T71@P90@T09
울산시청사거리DT,울산,남구,06,0601,울산광역시 남구 달동 875-12,1522-3232,35.537195,0,1128,20161110,Z9999@T01@T05@T08@T16@T17@T20@@T30@T34@@T36@@@T43@T56@T62@T65@T70@T71@P70@P90@T09
울산남구청DT,울산,남구,06,0601,울산광역시 남구 신정동 133-1,1522-3232,35.5441545,0,1022,20151222,Z9999@T01@T05@T08@T16@T17@T20@T30@T34@@@@T36@T43@@T56@T62@T65@T70@T71@@T09
울산중리사거리DT,울산,남구,06,0601,울산광역시 남구 삼산동 1545-5,1522-3232,35.543928,0,1021,20151221,Z9999@T01@T05@T08@T16@T17@T20@T30@@T36@@T43@T56@T62@T65@T70@T71@T09
울산삼산로,울산,남구,06,0601,울산광역시 남구 삼산동 1478-5,1522-3232,35.5384838,0,895,20150212,Z9999@T05@T08@T16@T17@T20@T30@T34@@@T36@T43@T51@T56@T62@T65@T70@T71@P60@T09
울산대,울산,남구,06,0601,울산광역시 남구 무거동 619-10 1~3층,1522-3232,35.542467,0,850,20141031,Z9999@T05@T08@T16@T17@T20@T21@T30@T34@T36@@@@T43@T51@T56@T62@T65@T70@T71@P20@P90
울산디자인거리,울산,남구,06,0601,울산광역시 남구 삼산동 1524-6 1~2층,1522-3232,35.540501,0,739,20140224,Z9999@T05@T08@T16@T17@T20@T21@T30@@T36@@T43@T56@T62@T65@T70@T71
현대울산B1,울산,남구,06,0601,울산광역시 남구 삼산동 1521-1 현대백화점 B1층,1522-3232,35.539633,0,2460,20250912,T05@T16@T17@T20@T21@T30@T34@T36@T62@T64@T66@P40@T09
울산태화강역DT,울산,남구,06,0601,울산광역시 남구 삼산동 220-5,1522-3232,35.540197600155174,0,2122,20230526,Z9999@T01@T05@T08@T16@T17@T20@T21@T30@T34@@T36@T43@T51@T56@T62@T65@T70@T71@P60@P90@T09
울산무거,울산,남구,06,0601,울산광역시 남구 무거동 465-2,1522-3232,35.5465529039,0,2560,20260430,Z9999@T05@T08@T16@T17@T20@T21@T30@T34@T43@T56@T62@T65@T70@T71
울산번영로DT,울산,남구,06,0601,울산광역시 남구 달동 1271-16,1522-3232,35.53541316,0,2009,20220818,Z9999@T01@T05@T08@T16@T17@T20@T30@T34@@T36@T43@T51@T56@T62@T65@T70@T71@P90@T09
울산삼성,울산,남구,06,0601,울산광역시 남구 달동 1400-1,1522-3232,35.5343805,0,2024,20220825,T05@T08@T16@T17@T20@T21@T30@T34@T36@T51@T56@T62@T65@T70@P40@T09
울산선암DT,울산,남구,06,0601,울산광역시 남구 선암동 0,1522-3232,35.51570123709375,0,2399,20250424,Z9999@T01@T05@T08@T16@T17@T20@T21@T30@T34@T36@T51@T56@T62@T63@T65@P01@T09
울산신정DT,울산,남구,06,0601,"울산광역시 남구 신정동 1636-12, 1636-13, 1636-14, 1637-133, 1670-1, 1774-64",1522-3232,35.5336116,0,1658,20200619,Z9999@T01@T05@T08@T16@T17@T20@T30@T34@T36@@@T43@T56@T62@T65@T70@T71@P90@T09
울산호계DT,울산,북구,06,0602,"울산광역시 북구 신천동 546-2, 546-7",1522-3232,35.63791557,0,1633,20200416,Z9999@T01@T05@T08@T16@T17@T20@T30@T34@@T36@@T43@T56@T62@T65@T70@T71@P90@T09
울산북구청DT,울산,북구,06,0602,"울산광역시 북구 연암동 1223-2, 1260-3, 1260-6",1522-3232,35.583407,0,1302,20171214,Z9999@T01@T05@T08@T16@T17@T20@T30@T34@@@T36@T43@T56@T62@T65@T70@T71@P70@P90@T09
울산진장,울산,북구,06,0602,울산광역시 북구 진장동 705 메가마트,1522-3232,35.56262984,0,1136,20161205,T05@T08@T16@T17@T20@T21@T30@@@T36@@T43@T62@T65@T70@T71@P40@P90@T09
울산정자비치DT,울산,북구,06,0602,울산광역시 북구 산하동 강동산하지구 48B 8L,1522-3232,35.62741168,0,1152,20161222,Z9999@T01@T05@T08@T16@T17@T20@T30@T34@@T36@@@T43@T56@T62@T65@T70@T71@P50@P90@T09
북울산삼성,울산,북구,06,0602,울산광역시 북구 진장동 1048-3,1522-3232,35.57650058,0,2008,20220728,T05@T08@T16@T17@T20@T21@T30@T34@T36@@T51@T62@T65@T70@P40@P90@T09
울산송정,울산,북구,06,0602,울산광역시 북구 송정동 1232-2,1522-3232,35.6026125,0,2212,20231116,T05@T08@T16@T17@T20@T21@T30@T34@@T36@T43@T51@T56@T62@T65@T70@T71@T09
울산 KTX,울산,울주군,06,0603,울산광역시 울주군 삼남읍 신화리 1606-11,1522-3232,35.547868,0,2082,20230119,Z9999@T05@T08@T16@T17@T20@T21@T30@T34@@T36@T43@T51@T56@T62@T65@T70@T71@P60@T09
울산간절곶DT,울산,울주군,06,0603,"울산광역시 울주군 서생면 대송리 164,164-1,164-2",1522-3232,35.3582120826861,0,2197,20231121,T01@T05@T08@T16@T17@T20@T30@T34@@T36@T51@T56@T62@T65@T70@P50@T09
울산MBC DT,울산,중구,06,0604,울산광역시 중구 복산동 40-6,1522-3232,35.561657,0,1364,20180612,Z9999@T01@T05@T08@T16@T17@T20@T30@T34@@@T36@T43@T56@T62@T65@T70@T71@P90@T09
울산성안,울산,중구,06,0604,"울산광역시 중구 성안동 472-9,10",1522-3232,35.577829,0,1273,20170928,Z9999@T05@T08@T16@T17@T20@T21@T30@T34@@@T36@T43@T56@T62@T65@T70@T71@T09
울산성남삼거리,울산,중구,06,0604,울산광역시 중구 성남동 256-24,1522-3232,35.553056041481795,0,1132,20161124,T05@T08@T16@T17@T20@T21@T30@T36@@@T43@T62@T65@T70@T71@T09
울산병영,울산,중구,06,0604,울산광역시 중구 남외동 483-11 SkyM빌딩 1층 105호,1522-3232,35.568536,0,2181,20230914,Z9999@T05@T08@T16@T17@T20@T21@T30@T34@T36@@T43@T51@T56@T62@T65@T70@T71@P90@T09
울산약사DT,울산,중구,06,0604,울산광역시 중구 약사동 537,1522-3232,35.573049,0,1961,20220414,T01@T05@T08@T16@T17@T20@T30@T34@@@T36@T43@T51@T56@T62@T65@T70@T71@P90
울산국가정원,울산,중구,06,0604,울산광역시 중구 태화동 479-8,1522-3232,35.550180854179196,0,1722,20201029,Z9999@T05@T08@T16@T17@T20@T21@@T30@T34@@T36@T47@T56@T62@T65@T70
현대동구,울산,동구,06,0605,울산광역시 동구 서부동 105-3 현대백화점주차장(현대백화점),1522-3232,35.52114999,0,83,20080930,T05@T08@T16@T17@T20@T30@T34@@@@T51@T56@T62@T65@T70@T09
울산일산비치DT,울산,동구,06,0605,울산광역시 동구 일산동 947-5,1522-3232,35.4988643178881,0,2071,20221215,Z9999@T01@T05@T08@T16@T17@T20@T21@T30@T34@@T36@T51@T56@T62@T65@T70@P50@P90@T09
울산대학교병원,울산,동구,06,0605,울산광역시 동구 서부동 103-35,1522-3232,35.520640572,0,1845,20210812,Z9999@T05@T08@T16@T17@T20@T21@T30@T34@@T36@@T51@T56@T62@T64@T65@T70@P70@P90
울산남목DT,울산,동구,06,0605,"울산광역시 동구 서부동 584-2,482-134, 482-112",1522-3232,35.5397841,0,2258,20240523,T01@T05@T08@T16@T17@T20@T21@T30@T34@T36@T43@T51@T56@T62@T65@T70@T71@T09
울산주전비치,울산,동구,06,0605,울산광역시 동구 주전동 31-3,1522-3232,35.5654435,0,2080,20230112,T05@T08@T16@T17@T20@T21@T30@T34@@T36@T51@T56@T62@T65@T70@P50@P90@T09
인천강화DT,인천,강화군,07,0701,"인천광역시 강화군 강화읍 갑곳리 203-10, 203-34",1522-3232,37.7426,0,1590,20191220,Z9999@T01@T05@T08@T16@T17@T20@T21@T30@T34@@@@T43@T56@T58@T65@T69@P60@P90@T09
경인교대입구역DT,인천,계양구,07,0702,"인천광역시 계양구 작전동 852-30, 852-31",1522-3232,37.53554797027134,0,1557,20191025,Z9999@T01@T05@T08@T16@T17@T20@T21@T30@T34@@@T36@T43@@T56@T58@T64@T65@T69@T71@P80@P90@T09
인천계양,인천,계양구,07,0702,인천광역시 계양구 계산동 1063-14,1522-3232,37.53999438473035,0,889,20150121,Z9999@T05@T08@T16@T17@T20@T30@T34@@T36@T43@T51@@T56@T58@T64@T65@T69@T71@P90
인천작전,인천,계양구,07,0702,인천광역시 계양구 작전동 442-1번지 1층,1522-3232,37.52711647724326,0,613,20130510,Z9999@T05@T08@@T16@T17@T20@@T21@T30@T34@T36@@T43@T51@@T56@T58@T64@T65@T69@T71@P80@P90@T09
인천계산역DT,인천,계양구,07,0702,인천광역시 계양구 계산동 918,1522-3232,37.543618257713824,0,1678,20200730,Z9999@T01@T05@T08@T16@T17@T20@T21@T30@T34@@T43@@T56@T58@T65@T69@T71@P80@P90@T09
계양BMW,인천,계양구,07,0702,인천광역시 계양구 서운동 219,1522-3232,37.53220175899393,0,1933,20220225,T05@T08@@T17@T20@T21@T30@T34@@@T43@@T51@@T58@T64@T65@T69@T71
계양구청,인천,계양구,07,0702,인천광역시 계양구 용종동 211-1 경동빌딩,1522-3232,37.53885847200029,0,2102,20230307,Z9999@T05@T08@T16@T17@T20@T21@T30@T34@@T36@T43@T51@@T56@T58@T64@T65@T69@T71@P90@T09
인천장제로,인천,계양구,07,0702,인천광역시 계양구 작전동 899-3 101호,1522-3232,37.53337272749563,0,2471,20251030,Z9999@T05@T08@T16@T17@T20@T21@T30@T34@T43@T51@T56@T58@T64@T65@T69@T71@P40@P90@T09
인천학익DT,인천,미추홀구,07,0703,인천광역시 미추홀구 학익동 690-2 평산면옥,1522-3232,37.44046613341327,0,1356,20180410,Z9999@T01@T05@T08@T16@T17@T20@T30@T34@@T36@@@T43@T56@T58@T65@T69@T71@P90@T09
인천용현DT,인천,미추홀구,07,0703,인천광역시 미추홀구 용현동 630-9,1522-3232,37.4523373,0,1033,20160129,Z9999@T01@T05@T08@T16@T17@T20@T30@@T34@@T36@@@T43@T51@T56@T58@T64@T65@@T69@@T71@P90@T09
주안역,인천,미추홀구,07,0703,"인천광역시 미추홀구 주안동 141-1 1층,2층",1522-3232,37.46386743799924,0,314,20100310,Z9999@T05@T08@@T16@T17@T20@T21@T30@T34@@T36@@@T43@T56@T58@T64@T65@T69@T71@P80@P90
인하대,인천,미추홀구,07,0703,인천광역시 미추홀구 용현동 199-18번지,1522-3232,37.451827,0,420,20110825,Z9999@T05@T08@T16@T17@T20@T21@T30@T34@@T36@@@T43@T51@@T56@T58@T64@T65@T69@T71@P20@P90
시민공원역,인천,미추홀구,07,0703,인천광역시 미추홀구 주안동 0 포레나 미추홀,1522-3232,37.45813976248927,0,2168,20230830,Z9999@T05@T08@T16@T17@T20@T21@T30@T34@T36@@T43@T51@T56@T58@T58@T64@T65@T69@T71@P70@P80@P90@T09
인천관교DT,인천,미추홀구,07,0703,인천광역시 미추홀구 관교동 394-20,1522-3232,37.4418005811163,0,2097,20230309,Z9999@T01@T05@T08@T16@T17@T20@T21@T30@T34@@@T36@T43@T51@T56@T58@T65@T69@T71@P90@T09
제물포역DT,인천,미추홀구,07,0703,인천광역시 미추홀구 숭의동 78-2,1522-3232,37.466522,0,1672,20200724,Z9999@T01@T05@T08@T16@T17@T20@T21@T30@T34@T36@@@T56@T58@T64@T65@T69@P80@P90@T09
인천주안DT,인천,미추홀구,07,0703,"인천광역시 미추홀구 주안동 1506-25, 1506-26",1522-3232,37.4513564,0,1719,20201029,Z9999@T01@T05@T08@T16@T17@T20@T21@T30@T34@@T36@@T43@T56@T58@T65@T69@T71@P90@T09
인천도화DT,인천,미추홀구,07,0703,인천광역시 미추홀구 도화동 116-2,1522-3232,37.47054651819746,0,1888,20211130,Z9999@T01@T05@T08@T16@T17@T20@T21@T30@T34@T36@@T51@T56@T58@T64@T65@T69@T09
인하대역,인천,미추홀구,07,0703,인천광역시 미추홀구 용현동 665-15,1522-3232,37.44768876601584,0,1772,20210316,Z9999@T05@T08@T16@T17@T20@T21@T30@T34@@@T36@T43@T56@T58@T64@T65@T69@T71@P20@P80@P90@T09
SSG랜더스필드2F,인천,미추홀구,07,0703,인천광역시 미추홀구 문학동 482 문학경기장,1522-3232,37.436624,0,1791,20210403,Z9999@T17@T20@T21@T36@T58@T69@P80@T09
SSG랜더스필드1F,인천,미추홀구,07,0703,인천광역시 미추홀구 문학동 482 문학경기장,1522-3232,37.43703514338438,0,1849,20211020,Z9999@T17@T20@T21@T22@T34@T36@T43@T51@T58@T69@T09
인천앨리웨이,인천,미추홀구,07,0703,인천광역시 미추홀구 도화동 1011 더샵 인천스카이타워 1단지 110동 1-21호,1522-3232,37.469221970716426,0,2544,20260430,T05@T08@T16@T17@T20@T21@T27@T30@T34@T43@T56@T58@T64@T65@T66@T69@T71@P40@P90@T09
인천용일사거리DT,인천,미추홀구,07,0703,인천광역시 미추홀구 주안동 684-3번지 외 3필지,1522-3232,37.4536849988819,0,1817,20210617,Z9999@T01@T05@T08@T16@T17@T20@T21@T30@T34@@T36@T43@T51@T56@T58@T64@T65@T69@T71@P90@T09
송림트레이더스,인천,동구,07,0704,인천광역시 동구 송림동 296-2번지 이마트 트레이더스송림점1층,1522-3232,37.48302527840734,0,634,20130626,Z9999@T05@T08@T16@T17@T20@T30@T34@T36@@@@T43@T51@T56@T58@T64@T65@T69@T71@P40@T09
인천갈산DT,인천,부평구,07,0705,"인천광역시 부평구 갈산동 32-2, 34-1",1522-3232,37.5189106,0,935,20150529,Z9999@T01@T05@T08@@T16@T17@T20@T30@T34@T36@@@T43@T51@@T56@T58@T65@T69@T71@P90@T09
인천삼산,인천,부평구,07,0705,인천광역시 부평구 삼산동 464-5,1522-3232,37.50721456288332,0,826,20140829,Z9999@T05@T08@T16@T17@T20@T21@T30@T34@@@T43@T56@T58@T64@T65@T69@T71@P80@P90
부평사거리,인천,부평구,07,0705,인천광역시 부평구 부평동 546-1번지 1~2층,1522-3232,37.49387825373955,0,686,20131105,Z9999@T05@T08@T16@T17@T20@T21@T30@T34@@@@T43@@T56@T58@T64@T65@T69@T71@P70@P80@P90
부평시장역,인천,부평구,07,0705,인천광역시 부평구 부평동 203-14번지 현대해상화재보험 1층,1522-3232,37.496997746715515,0,605,20130423,Z9999@T05@T08@T16@T17@T20@T21@T30@@@T36@T43@T58@T64@T65@T69@T71@P40@P80@T09
부평,인천,부평구,07,0705,인천광역시 부평구 부평동 159-25,1522-3232,37.491618187410445,0,166,20010928,Z9999@T05@T08@T16@T17@T20@T21@T30@T34@@@T36@@T43@T51@@T56@T58@T64@T65@T69@T71@P80@P90
부평역,인천,부평구,07,0705,인천광역시 부평구 부평동 549-78 1-4층,1522-3232,37.49159012140407,0,346,20100930,Z9999@T05@T08@T16@T17@T20@T21@T30@T34@@@@T43@T51@@T56@T58@T65@T69@T71@P80@P90
부평청천,인천,부평구,07,0705,인천광역시 부평구 청천동 188-1,1522-3232,37.51382044865405,0,2548,20260331,Z9999@T05@T08@T16@T17@T20@T21@T30@T34@T43@T56@T58@T64@T65@T67@T71
인천테크노밸리,인천,부평구,07,0705,"인천광역시 부평구 갈산동 94 인천테크노밸리 U1 센터 A동 139, 142, 143, 144, 145호",1522-3232,37.515026315437844,0,1976,20220511,Z9999@T05@T08@T16@T17@T20@T21@@T30@T34@@T36@T43@T51@@T56@T58@T64@T65@T69@T71@P90@T09
인천성모병원,인천,부평구,07,0705,인천광역시 부평구 부평동 665-8 가톨릭대학교인천성모병원 뇌병원 지상 1층,1522-3232,37.48528945224756,0,1913,20220105,Z9999@T05@T08@T16@T17@T20@T30@T34@@@T51@T56@T58@T65@T69@P70@P90
인천경원대로DT,인천,부평구,07,0705,인천광역시 부평구 십정동 162-18,1522-3232,37.48016802812922,0,2266,20240520,Z9999@T01@T05@T08@T16@T17@T20@T21@T30@T34@T36@T51@T56@T58@T65@T69@T75@T09
인천스퀘어원,인천,연수구,07,0706,인천광역시 연수구 동춘동 926 스퀘어원,1522-3232,37.40590327607463,0,1452,20181219,Z9999@T05@T08@T16@T17@T20@T21@T30@@T36@@@T43@T56@T58@T65@T69@T71@P80@P90@T09
인천동춘DT,인천,연수구,07,0706,인천광역시 연수구 동춘동 224-5,1522-3232,37.41243,0,1481,20190411,Z9999@T01@T05@T08@T16@T17@T20@T30@T36@@T43@T56@T58@T65@T69@T71@P90@T09
인천송도,인천,연수구,07,0706,인천광역시 연수구 송도동 2-3 송도이안,1522-3232,37.39653592791589,0,1493,20190503,Z9999@T05@T08@T16@T17@T20@T21@T30@@@@T36@T43@T56@T58@T64@T65@T69@T71@P90@T09
송도트리플R,인천,연수구,07,0706,"인천광역시 연수구 송도동 170-1 송도 트리플스트리트 105B, 206B",1522-3232,37.38058951045192,0,1239,20170705,Z9999@T03@T05@T08@T16@T17@T20@T26@T29@T30@T33@T36@@@T42@T56@T58@T64@T65@T69@P40@P80@T09
인천송도DT,인천,연수구,07,0706,인천광역시 연수구 송도동 8-17 레인보우빌딩,1522-3232,37.384821,0,1078,20160624,Z9999@T01@T05@T08@T16@T17@T20@T30@T34@@@@T36@T43@T51@@T56@T58@T65@T69@T71@P90@T09
인천연수,인천,연수구,07,0706,인천광역시 연수구 연수동 596-7,1522-3232,37.415072,0,1090,20160628,Z9999@T05@T08@T16@T17@T20@T21@T30@T34@@@@T36@T43@T56@T58@T65@T69@T71@P90@T09
송도캠퍼스타운역,인천,연수구,07,0706,"인천광역시 연수구 송도동 149 롯데캠퍼스타운 A-101,102,103,121,122",1522-3232,37.38742756192408,0,1088,20160628,Z9999@T05@T08@T16@T17@T20@T21@T30@@@T43@T56@T58@T64@T65@T69@T71@P80@T09
송도커넬워크,인천,연수구,07,0706,"인천광역시 연수구 송도동 19-1 201-101호, 201-201호(1~2층)",1522-3232,37.39890248614758,0,695,20131129,Z9999@T05@T08@T16@T17@T20@T21@T30@@@@T43@@T56@T58@T64@T65@T69@T71@P40@P90@T09
송도센트럴파크,인천,연수구,07,0706,인천광역시 연수구 송도동 23-4번지,1522-3232,37.394656280123954,0,641,20130711,Z9999@T02@T05@T08@T16@T17@T20@T21@T30@@T36@@@T43@@T56@T58@T65@T69@T71@P90@T09
연수이마트,인천,연수구,07,0706,인천광역시 연수구 동춘동 926-9,1522-3232,37.404386,0,322,20100525,Z9999@T05@T08@T16@T17@T20@T30@T34@T36@@@@T43@T51@@T56@T58@T65@T69@T71@P40@P80@P90@T09
삼성바이오로직스,인천,연수구,07,0706,인천광역시 연수구 송도동 201-2 삼성바이오로직스,1522-3232,37.36612045217844,0,2165,20230801,T05@T08@T16@T17@T20@T21@T30@T34@T51@T56@T58@T58@T64@T69
쉐라톤그랜드인천,인천,연수구,07,0706,인천광역시 연수구 송도동 6-9 쉐라톤인천호텔 1층,1522-3232,37.3902050159621,0,2162,20230818,Z9999@T05@T08@T16@T17@T20@T30@T34@@T36@T51@T56@T58@T58@T64@T65@T69@T09
송도호반써밋,인천,연수구,07,0706,인천광역시 연수구 송도동 312-4 호반써밋 송도 123~127호,1522-3232,37.41542651499194,0,2144,20230609,Z9999@T05@T08@T16@T17@T20@T21@T30@T34@T36@T43@T51@T56@T58@T64@T65@T69@T71@P90@T09
인천옥련DT,인천,연수구,07,0706,인천광역시 연수구 옥련동 468-8,1522-3232,37.4213053772688,0,1995,20220630,Z9999@T01@T05@T08@T16@T17@T20@T21@T30@T34@@T36@T43@T51@@T56@T58@T65@T69@T71@P90@T09
송도캐슬파크,인천,연수구,07,0706,인천광역시 연수구 송도동 8-37 롯데몰 송도 캐슬파크 101~105호,1522-3232,37.38454814870652,0,1732,20201222,Z9999@T05@T08@T16@T17@T20@T21@T30@T34@@T43@@T56@T58@T65@T69@T71@P90@T09
송도첨단대로,인천,연수구,07,0706,인천광역시 연수구 송도동 205 에스파이브시티,1522-3232,37.37044770528137,0,2304,20240826,Z9999@T05@T08@T16@T17@T20@T21@T30@T34@T36@T43@T51@T56@T58@T63@T64@T65@T69@T71@T09
인천스퀘어원4F,인천,연수구,07,0706,인천광역시 연수구 동춘동 926 스퀘어원,1522-3232,37.4061063,0,2523,20260130,Z9999@T05@T08@T16@T17@T20@T21@T30@T34@T43@T51@T56@T58@T65@T69@T71@P40@T09
송도현대아울렛,인천,연수구,07,0706,인천광역시 연수구 송도동 168-1 현대프리미엄 아울렛 송도점,1522-3232,37.38148955260817,0,1664,20200709,Z9999@T05@T08@T16@T17@T20@T27@T30@T34@@T36@T56@T58@T65@T69@P40@P80@P90@T09
송도학원가,인천,연수구,07,0706,"인천광역시 연수구 송도동 21-16 101호, 102호, 103호",1522-3232,37.3971521809952,0,2579,20260529,Z9999@T05@T08@T16@T17@T20@T21@T30@T34@T43@T51@T56@T58@T63@T65@T69@T71@T75@T09
송도컨벤시아대로DT,인천,연수구,07,0706,인천광역시 연수구 송도동 10-39 J.SQUARE C동 1~2층,1522-3232,37.38290440551855,0,1811,20210603,Z9999@T01@T05@T08@T16@T17@T20@T21@T22@T30@T34@@T43@T51@T56@T58@T65@T69@T71@P90@T09
검단사거리역,인천,서구,07,0710,인천광역시 서구 마전동 910-1,1522-3232,37.60261127389029,0,1430,20181123,Z9999@T05@T08@T16@T17@T20@T21@T30@@T36@T43@T56@T58@T64@T65@T69@T71@P80@P90@T09
인천청라센트럴,인천,서구,07,0710,"인천광역시 서구 청라동 156-1 청라센트럴에일린의뜰 제판매5동 105호,106호,107호,108호",1522-3232,37.5343559,0,1489,20190523,T05@T08@T16@T17@T20@T21@T30@T36@T43@@T56@T58@T64@T65@T69@T71@P90
인천청라한신,인천,서구,07,0710,"인천광역시 서구 청라동 157-21 청라한신더휴커낼웨이 142호, 143호, 144호",1522-3232,37.53209456117847,0,1649,20200529,Z9999@T05@T08@T16@T17@T20@T21@T30@T34@@T36@T43@@T56@T58@T64@T65@T69@T71@P90@T09
인천당하DT,인천,서구,07,0710,인천광역시 서구 당하동 1092-7,1522-3232,37.593418,0,1005,20151118,Z9999@T01@T05@T08@T16@T17@T20@T21@@T30@T34@@T43@T51@T56@T58@T64@T65@T69@T71@P80@P90@T09
인천청라타워돔,인천,서구,07,0710,인천광역시 서구 연희동 798-3 113~120호,1522-3232,37.53405866213065,0,996,20151028,Z9999@T05@T08@T16@T17@T20@T21@T30@T34@T36@@T43@@T56@T58@T64@T65@T69@T71@P90@T09
인천서구청DT,인천,서구,07,0710,"인천광역시 서구 심곡동 248-5,248-6",1522-3232,37.5424157,0,798,20140626,Z9999@T01@T05@@T08@T16@T17@T20@T30@T34@@@@T36@T43@T51@@T56@T58@T64@T65@T69@T71@P80@P90
인천청라,인천,서구,07,0710,인천광역시 서구 청라동 163-3 홍익파크,1522-3232,37.531943351323925,0,797,20140626,Z9999@T05@T08@T16@T17@@T20@T30@T34@@T36@T43@T51@@T56@T58@T63@T64@T65@T69@T71@P90@T09
인천검단DT,인천,서구,07,0710,인천광역시 서구 불로동 315-1,1522-3232,37.61685,0,2231,20240111,Z9999@T01@T05@T08@T16@T17@T20@T21@T30@T34@@T36@T43@T51@T56@T58@T64@T65@T69@T71@P90@T09
검단이마트,인천,서구,07,0710,인천광역시 서구 당하동 1065-1 당하 이마트,1522-3232,37.585361199646115,0,2506,20251226,Z9999@T05@T08@T16@T17@T20@T21@T30@T34@T43@T56@T58@T64@T65@T66@T69@T71@P40@P80@P90@T09
신검단중앙역,인천,서구,07,0710,인천광역시 서구 불로동 1006-13 메트로시티2차,1522-3232,37.6032158787099,0,2517,20260115,T05@T08@T16@T17@T20@T21@T30@T34@T43@T51@T56@T58@T64@T65@T69@T71@P80@P90@T09
아라동사거리,인천,서구,07,0710,인천광역시 서구 원당동 1035-5 검단 눈담봄 101,1522-3232,37.59405090582136,0,2465,20250926,T05@T08@T16@T17@T20@T21@T30@T34@T36@T43@T51@T56@T58@@T64@T65@T69@T71@P90@T09
루원시티,인천,서구,07,0710,인천광역시 서구 가정동 476-25 루원시티1차SK리더스뷰오피스텔,1522-3232,37.522948162,0,2028,20220902,Z9999@T05@T08@T16@T17@T20@T21@T30@T34@@T36@T43@T51@@T56@T58@T64@T65@T69@T71@P80@P90@T09
인천공촌DT,인천,서구,07,0710,인천광역시 서구 공촌동 308-4,1522-3232,37.55169811908912,0,1905,20211217,T01@T05@T08@T16@T17@T20@T21@T30@T34@T36@T43@T51@T56@T58@T64@T65@T69@T71@P90@T09
루원앨리스빌,인천,서구,07,0710,인천광역시 서구 가정동 582 루원 린스트라우스 더 린시티,1522-3232,37.52137201020812,0,2243,20240215,Z9999@T05@T08@T16@T17@T20@T21@T30@T34@T36@T43@T51@T56@T58@T64@T65@T69@T71@P80@P90@T09
에이펙스청라,인천,서구,07,0710,인천광역시 서구 청라동 152-22,1522-3232,37.532505,0,2312,20240830,Z9999@T05@T08@T16@T17@T20@T21@T30@T34@T36@T43@T51@T56@T58@T63@T64@T65@T69@T71@P90@T09
인천청라DT,인천,서구,07,0710,인천광역시 서구 청라동 9-93 청라 스포월드 다동,1522-3232,37.54141304924765,0,1857,20210826,Z9999@T01@T05@T08@T16@T17@T20@T21@T30@T34@T36@@T43@T51@T56@T58@T64@T65@T69@T71@P90@T09
검단신도시,인천,서구,07,0710,인천광역시 서구 원당동 1041-4 메트로시티,1522-3232,37.592609989731144,0,2120,20230330,Z9999@T05@T08@T16@T17@T20@T21@T30@T34@@T36@T43@T51@T56@T58@T64@T65@T69@T71@P90@T09
부평삼거리역DT,인천,남동구,07,0711,인천광역시 남동구 간석동 772,1522-3232,37.4766272846985,0,1559,20191107,Z9999@T01@T05@T08@T16@T17@T20@T21@T30@T34@@@T56@T58@@T69@P80@P90@T09
인천구월아시아드,인천,남동구,07,0711,인천광역시 남동구 구월동 1532-1,1522-3232,37.442715,0,1328,20180116,Z9999@T05@T08@T16@T17@T20@T21@T30@T36@@@T43@T56@T58@T64@T65@T69@T71@P90
인천터미널사거리,인천,남동구,07,0711,인천광역시 남동구 구월동 1464,1522-3232,37.44524421514802,0,1265,20170831,Z9999@T05@T08@T16@T17@T20@T21@T30@T36@@@T56@T58@T64@T65@T69@P60@P80@P90@T09
인천서창,인천,남동구,07,0711,인천광역시 남동구 서창동 707-2 노블시티프라자,1522-3232,37.4238536237635,0,1103,20160830,Z9999@T05@T08@T16@T17@T20@T21@T30@T34@@T36@@T43@T56@T58@T64@T65@T69@T71@P90@T09
인천간석DT,인천,남동구,07,0711,인천광역시 남동구 간석동 617-6,1522-3232,37.469719,0,1176,20170222,Z9999@T01@T05@T08@T16@T17@T20@T30@@@@T36@T43@T56@T58@T65@T69@T71@P90@T09
인천예술회관역,인천,남동구,07,0711,인천광역시 남동구 구월동 1124 흥국생명 인천사옥,1522-3232,37.449472,0,763,20140415,Z9999@T05@T08@T16@T17@T20@T21@T30@T36@@@T43@T56@T58@T64@T65@T69@T71@P80@P90
구월길병원,인천,남동구,07,0711,인천광역시 남동구 구월동 1144-1 가천대길병원 인공지능병원,1522-3232,37.45167435,0,36,20090109,Z9999@T05@T08@T16@T17@T20@T21@T30@@T36@@@T43@T56@T58@T64@T65@T69@T71@P70@T09
인천구월,인천,남동구,07,0711,"인천광역시 남동구 구월동 1456 이토타워 101,102,111,201,209호 일부,210호 일부",1522-3232,37.44645476107155,0,124,20061222,Z9999@T05@T08@T16@T17@T20@T21@T30@T34@@T36@T43@@T56@T58@T64@T65@T69@T71@P80@T09
인천논현,인천,남동구,07,0711,"인천광역시 남동구 논현동 649-4번지 111,112, 206, 207호",1522-3232,37.399492,0,543,20120829,Z9999@@T05@T08@T16@T17@T20@T21@T30@T34@T36@@T43@T51@T56@T58@T64@T65@T69@T71@P80@P90@T09
인천만수향촌,인천,남동구,07,0711,인천광역시 남동구 만수동 1118-2,1522-3232,37.46157594384635,0,2507,20251223,Z9999@T05@T08@T16@T17@T20@T21@T27@T30@T34@T36@T43@T51@T56@T58@T64@T65@T66@T69@T71
인천구월삼성생명,인천,남동구,07,0711,인천광역시 남동구 구월동 1146-10 삼성생명 구월동빌딩 1층,1522-3232,37.450185128392484,0,2566,20260529,Z9999@T05@T08@T16@T17@T20@T21@T30@T34@T43@T51@T56@T58@T64@T65@T69@T71@P80@P90
인천구월중앙,인천,남동구,07,0711,"인천광역시 남동구 구월동 25 동호프라자 101호,102호,103호,301호",1522-3232,37.45587,0,2040,20221014,Z9999@T05@T08@T16@T17@T20@T21@T30@T34@@T36@T43@T51@T56@T58@T64@T65@T69@T71@P90
구월트레이더스,인천,남동구,07,0711,인천광역시 남동구 구월동 1549,1522-3232,37.439258992560575,0,2459,20250911,Z9999@T05@T08@T16@T17@T20@T21@T30@T34@T36@T43@T51@T56@T58@T63@T64@T65@T69@T71@P40@P90@T09
인천논현역4번출구,인천,남동구,07,0711,인천광역시 남동구 논현동 631-10 메트로타워,1522-3232,37.40176351254593,0,2478,20251127,Z9999@T05@T08@T16@T17@T20@T21@T30@T34@T36@T43@T51@T56@T58@T64@T65@T69@T71@P80@T09
인천구월로데오,인천,남동구,07,0711,"인천광역시 남동구 구월동 1469-1 푸른세상안과 1층 102호, 103호",1522-3232,37.44353890106834,0,2554,20260430,Z9999@T05@T08@T16@T17@T20@T21@T30@T34@T43@T51@T56@T58@@T64@T65@T69@T71@T75@P60@P80
간석중앙공원DT,인천,남동구,07,0711,인천광역시 남동구 간석동 380-4,1522-3232,37.463301,0,1819,20210616,Z9999@T01@T05@T08@T16@T17@T20@T21@T30@T34@@T36@@T43@T51@T56@T58@T65@T69@T71@P90@T09
영종하늘도시,인천,중구,07,0712,인천광역시 중구 중산동 1883-12 세영프라자,1522-3232,37.48964311698442,0,1504,20190613,Z9999@T05@T08@T16@T17@T20@T21@T30@@T36@@@T43@@T56@T58@T64@T65@T69@T71@P90@T09
영종도운서역,인천,중구,07,0712,인천광역시 중구 운서동 2804-3,1522-3232,37.493991,0,1210,20170425,Z9999@T05@T08@T16@T17@T20@T21@T30@T34@@@@T36@T43@@T56@T58@T64@T65@T69@T71@P80@P90
인천공항T1에어3F,인천,중구,07,0712,인천광역시 중구 운서동 2840 인천국제공항여객터미널(인천공항세관),1522-3232,37.44935850952322,0,1030,20160122,Z9999@T05@T18@T30@@@@T36@T51@T56@T58@T69@P10
인스파이어리조트,인천,중구,07,0712,인천광역시 중구 운서동 2955-74 1층,1522-3232,37.46554466907955,0,2289,20240731,Z9999@T05@T08@T16@T17@@T20@@T30@T34@T36@T51@T56@T58@T63@T64@T65@T69@P30@T09
인하대병원,인천,중구,07,0712,인천광역시 중구 신흥동3가 7-206 인하대학병원,1522-3232,37.4586182568252,0,2470,20251031,T05@T08@@T17@T20@T21@T30@T34@T51@T56@T58@T64@T65@T69@T74@P70@P90
인천공항T2에어,인천,중구,07,0712,인천광역시 중구 운서동 2868 제2합동청사,1522-3232,37.46586128108467,0,2262,20240508,Z9999@@T17@T18@T30@T34@T36@T51@T56@T58@T69@P10
인천공항T2랜드B1,인천,중구,07,0712,인천광역시 중구 운서동 2868 제2합동청사,1522-3232,37.46950023649197,0,2295,20240815,Z9999@T05@T17@T18@@T20@T30@T34@T36@T51@T56@T58@T63@T69@P10@P80
인천공항T1랜드B1,인천,중구,07,0712,인천광역시 중구 운서동 2840 인천공항,1522-3232,37.44889016883941,0,2356,20241206,Z9999@T05@T17@T18@T30@T34@T36@T51@T56@T58@T63@T69@P10@P40@P80
인천공항T2랜드1F,인천,중구,07,0712,인천광역시 중구 운서동 2868 제2합동청사,1522-3232,37.4691541,0,2429,20250828,Z9999@T05@T17@T18@T20@T30@T34@T51@T56@T58@T63@T69@T74@P10@P80
신포동신한은행,인천,중구,07,0712,인천광역시 중구 신포동 27,1522-3232,37.471376067551,0,2556,20260519,T05@T08@T16@T17@T20@T30@T34@T43@T51@T56@T58@T64@T65@@T69@@T71@P40@P90
인천공항T1에어4F,인천,중구,07,0712,인천광역시 중구 운서동 2840 인천공항1터미널 에어4층,1522-3232,37.450036743316204,0,2261,20240517,Z9999@T05@T17@T18@@@T20@T30@T34@T36@T51@T56@T58@T69@T75@P10
동해DT,강원,동해시 ,09,0901,강원특별자치도 동해시 천곡동 1020 스타벅스,1522-3232,37.520193,0,1164,20170112,Z9999@T01@T05@T08@T16@T17@T20@@T30@@@T43@T56@T59@T65@T69@T71@P90@T09
동해IC DT,강원,동해시 ,09,0901,강원특별자치도 동해시 평릉동 163-3,1522-3232,37.528895841855224,0,2018,20220905,Z9999@T01@T05@T08@T16@T17@T20@T30@T34@@T36@T43@T51@T56@T59@T65@T69@T71@P90@T09
설악쏘라노,강원,속초시,09,0903,"강원특별자치도 속초시 장사동 24-1,한화콘도미디엄 제이동 제이-1층호",1522-3232,38.210390003372545,0,1191,20170324,T05@T08@T16@T17@T20@T30@@@@T56@T59@T65@T69@P30@T09
속초DT,강원,속초시,09,0903,강원특별자치도 속초시 조양동 1002-39,1522-3232,38.1898709,0,1007,20151127,Z9999@T01@T05@T08@T16@T17@T20@T30@T34@T36@@@@T43@T51@T56@T59@T65@T69@T71@P90@T09
영랑호리조트,강원,속초시,09,0903,강원특별자치도 속초시 금호동 610-20,1522-3232,38.2133466803096,0,2264,20240429,T05@T08@T16@T17@T20@T30@T34@T51@T56@T59@T65@T68@T69@P30@P40@P90@T09
속초교동DT,강원,속초시,09,0903,강원특별자치도 속초시 교동 883-1 스타벅스,1522-3232,38.196700501322624,0,1898,20211223,T01@T05@T08@T16@T17@T20@T30@T34@@@T51@T56@T59@T65@T69@P90@T09
속초금호DT,강원,속초시,09,0903,강원특별자치도 속초시 금호동 621-4 스타벅스,1522-3232,38.2090544007249,0,2154,20230713,T01@T05@T08@T16@T17@T20@T30@T34@T43@T51@T56@T59@T65@T69@T71@P90@T09
춘천구봉산R,강원,춘천시,09,0908,강원특별자치도 춘천시 동면 만천리 340-61,1522-3232,37.88844243,0,1566,20191031,Z9999@T03@T05@T08@T16@T17@T20@T26@T29@T30@T34@T36@@T37@T39@T41@T42@T47@T49@T51@T56@T59@T65@T69@P90@T09
춘천후평DT,강원,춘천시,09,0908,강원특별자치도 춘천시 후평동 700,1522-3232,37.879435,0,1125,20161025,Z9999@T01@T05@T08@T16@T17@T20@T30@T34@@T43@T51@T56@T59@T65@T69@T71@P90@T09
춘천석사DT,강원,춘천시,09,0908,강원특별자치도 춘천시 석사동 799-4,1522-3232,37.856608,0,1070,20160526,Z9999@T01@T08@T16@T17@T20@T30@T36@T51@T56@T59@T65@T69@P90@T09
춘천명동,강원,춘천시,09,0908,강원특별자치도 춘천시 중앙로2가 5-1,1522-3232,37.87999215,0,86,20080926,Z9999@T05@T08@T16@T17@T20@T30@@@T36@@T43@T56@T59@T65@T69@T71@P90@T09
춘천이마트,강원,춘천시,09,0908,강원특별자치도 춘천시 온의동 511 이마트,1522-3232,37.863694604,0,55,20060829,Z9999@T05@T08@T16@T17@@T20@T30@T34@@@@T43@T51@T56@T59@T65@T69@T71@P40@P60@P90@T09
강원대,강원,춘천시,09,0908,강원특별자치도 춘천시 효자동 632-3,1522-3232,37.872749,0,508,20120424,Z9999@T05@T08@T16@T17@@T20@T21@T30@@@T36@@T43@T56@T59@T65@T69@T71@P20
춘천퇴계DT,강원,춘천시,09,0908,강원특별자치도 춘천시 퇴계동 532-12,1522-3232,37.855291,0,1737,20201203,Z9999@T01@T05@T08@T16@T17@T20@T30@T34@@@T36@T56@T59@T65@T69@P90@T09
더춘천의암호R,강원,춘천시,09,0908,"강원특별자치도 춘천시 삼천동 337,337-13,338-1,338-5,339,340",1522-3232,37.86354518864174,0,2338,20241114,Z9999@T03@T05@T08@T16@T17@T26@T29@T37@T41@T47@T56@T59@T69@T72@P90@T09
춘천후석로DT,강원,춘천시,09,0908,강원특별자치도 춘천시 후평동 24-1,1522-3232,37.8732660196784,0,2286,20240628,Z9999@T01@T05@T08@T16@T17@T20@T30@T34@T36@@T51@T56@T59@T65@T69@T09
춘천온의,강원,춘천시,09,0908,강원특별자치도 춘천시 온의동 589-2,1522-3232,37.867636,0,1696,20200904,Z9999@T05@T08@T16@T17@T20@T21@T30@T34@T36@@@T43@@T56@T59@T65@T69@T71@P60@P90@T09
평창DT,강원,평창군,09,0909,강원특별자치도 평창군 대관령면 횡계리 262-21,1522-3232,37.66816857463086,0,2369,20241227,T01@T05@T08@T16@T17@T20@T21@T30@T34@T51@T56@T59@T63@T65@T69@P90@T09
비발디파크,강원,홍천군,09,0910,강원특별자치도 홍천군 서면 팔봉리 1290-2 대명비발디파크,1522-3232,37.645094,0,308,20031129,Z9999@T05@T20@T30@T59@T69@P30@T09
홍천DT,강원,홍천군,09,0910,강원특별자치도 홍천군 홍천읍 희망리 398-2,1522-3232,37.68858744613094,0,2294,20240731,Z9999@T01@T05@T08@T16@T17@T20@T30@T34@T36@T51@T56@T59@T65@T69@P60@T09
강릉송정DT,강원,강릉시,09,0912,강원특별자치도 강릉시 송정동 545-2,1522-3232,37.77190055295434,0,1586,20191205,Z9999@T01@T05@T08@T16@T17@T20@T30@T34@T36@@T43@T56@T59@T65@T69@T71@P90@T09
강릉강문해변,강원,강릉시,09,0912,강원특별자치도 강릉시 강문동 182-2,1522-3232,37.794797597720084,0,1600,20200109,Z9999@T05@T08@T16@T17@T20@T21@T30@T34@@T36@T56@T59@T64@T65@T69@P50@P90
강릉교동광장,강원,강릉시,09,0912,강원특별자치도 강릉시 교동 1882-1,1522-3232,37.76441884354391,0,1308,20171207,Z9999@T05@T08@T16@T17@T20@T21@T30@T36@@@@T43@T56@T59@T65@T69@T71@P90
강릉안목해변,강원,강릉시,09,0912,강원특별자치도 강릉시 견소동 158,1522-3232,37.771379239005846,0,633,20130626,Z9999@T05@T08@T16@T17@T20@T21@T30@T34@@@T36@@T51@T56@T59@T65@T69@P50@P90
강릉역,강원,강릉시,09,0912,강원특별자치도 강릉시 교동 129-12,1522-3232,37.76384493698083,0,2564,20260430,Z9999@T05@T08@T16@T17@T20@T21@T30@T34@T43@T51@T56@T59@T65@T71@@P60
강릉IC DT,강원,강릉시,09,0912,강원특별자치도 강릉시 홍제동 483-1,1522-3232,37.7467461225278,0,2173,20230912,Z9999@T01@T05@T08@T16@T17@T20@T30@T34@@T51@T56@T59@T65@T69@P90@T09
강릉아산병원,강원,강릉시,09,0912,강원특별자치도 강릉시 사천면 방동리 415 강릉아산병원,1522-3232,37.818391944714605,0,2376,20250131,T05@T08@T16@T17@T20@T21@T30@T34@T36@T51@T56@T59@T64@T65@T69@T74@P70
강릉율곡DT,강원,강릉시,09,0912,"강원특별자치도 강릉시 교동 714-1, 315-1, 714-29,714-26",1522-3232,37.7698839,0,1923,20220210,Z9999@T01@T05@T08@T16@T17@T20@T30@T34@@T36@T43@T51@T56@T59@T65@T69@T71@P90@T09
강릉중앙,강원,강릉시,09,0912,강원특별자치도 강릉시 임당동 86,1522-3232,37.754962014860084,0,2370,20241220,Z9999@T05@T08@T16@T17@T20@T21@T30@T34@T36@T43@T51@T56@T59@T63@T65@T69@T71@P90
강릉주문진,강원,강릉시,09,0912,강원특별자치도 강릉시 주문진읍 교항리 81-18,1522-3232,37.88128994136198,0,2259,20240425,T05@T08@T16@T17@T20@T30@T34@T36@T43@T51@T56@T59@T65@T69@T71@P50@P90@T09
소노델피노,강원도,고성군,09,0914,강원특별자치도 고성군 토성면 원암리 403-1 델피노골프&리조트,1522-3232,38.21196477440661,0,706,20131221,@@T08@T16@T17@T20@T30@T34@@@T59@T64@T65@T69@P30@P90@T09
원주반곡DT,강원도,원주시,09,0916,"강원특별자치도 원주시 반곡동 1141,1142,1142-2,1144-2,1150-4",1522-3232,37.3197694936956,0,1487,20190426,Z9999@T01@T05@T08@T16@T17@T20@T30@T34@T36@@T43@T56@T59@T65@T69@T71@P90@T09
원주명륜DT,강원도,원주시,09,0916,강원특별자치도 원주시 명륜동 290-1,1522-3232,37.33600703516029,0,1425,20181024,Z9999@T01@T05@T08@T16@T17@T20@T30@T36@@@@T43@T56@T59@T65@T69@T71@P90@T09
원주무실,강원도,원주시,09,0916,강원특별자치도 원주시 무실동 1852-1,1522-3232,37.33301852014017,0,1232,20170608,Z9999@T05@T08@T16@T17@T20@T21@T30@@T36@T43@@T56@T59@T64@T65@T69@T71@P90@T09
원주혁신도시,강원도,원주시,09,0916,강원특별자치도 원주시 반곡동 1886-3,1522-3232,37.32326584841133,0,1131,20161118,T05@T08@T16@T17@T20@T21@T30@@@@T36@T43@@T55@T56@T59@T64@T65@T69@T71@P90@T09
원주터미널,강원도,원주시,09,0916,강원특별자치도 원주시 단계동 882-2 스타벅스,1522-3232,37.343983534867284,0,554,20120926,Z9999@T05@T08@T16@T17@T20@T21@T30@@T36@@@T43@T55@@T56@T59@T64@T65@T69@T71@P60@P90
원주시청,강원도,원주시,09,0916,강원특별자치도 원주시 무실동 1724-6,1522-3232,37.34071815361696,0,2240,20240131,Z9999@T05@T08@T16@T17@T20@T21@T30@T34@T36@T43@T51@@T56@T59@T64@T65@T69@T71@P90@T09
오크밸리,강원도,원주시,09,0916,강원특별자치도 원주시 지정면 월송리 1061-16 빌리지센터,1522-3232,37.43417495876176,0,1989,20220615,T05@T08@T16@T17@T20@T21@T30@T34@@T51@T56@T59@T64@T65@T69@P30@P90
원주문막IC DT,강원도,원주시,09,0916,강원특별자치도 원주시 문막읍 동화리 523,1522-3232,37.3250061306683,0,2385,20250410,T01@T05@T08@T16@T17@T20@T30@T34@T43@T51@T55@T56@T59@T63@T65@T69@T71@P01@P90@T09
원주IC DT,강원도,원주시,09,0916,"강원특별자치도 원주시 태장동 1286-1,1286-18,1286-19,1286-22",1522-3232,37.3796535787322,0,2049,20221103,Z9999@T01@T05@T08@T16@T17@T20@T30@T34@T36@@T43@T51@T56@T59@T65@T69@T71@P90@T09
원주단구DT,강원도,원주시,09,0916,강원특별자치도 원주시 단구동 1460-14,1522-3232,37.328515,0,1911,20220113,Z9999@T01@T05@T08@T16@T17@T20@T30@T34@@T43@T51@T56@T59@T65@T69@T71@P90@T09
월송리CC,강원도,원주시,09,0916,강원특별자치도 원주시 지정면 월송리 995-16 퍼블릭클럽하우스,1522-3232,37.413907787106,0,2474,20251030,T05@T17@T20@T21@T30@T34@T47@T51@T56@T59@T64@P30@T09
원주기업도시DT,강원도,원주시,09,0916,강원특별자치도 원주시 지정면 가곡리 1359-7,1522-3232,37.3714478035235,0,2227,20240105,Z9999@T01@T05@T08@T16@T17@T20@T30@T34@@T51@T56@T59@T63@T65@T69@P90@T09
원주봉화산DT,강원도,원주시,09,0916,강원특별자치도 원주시 단계동 614-1,1522-3232,37.3530655992955,0,2199,20231013,Z9999@T01@T05@T08@T16@T17@T20@T30@T34@@T36@T51@T56@T59@T65@T69@P90@T09
김해구산DT,경남,김해시,10,1003,"경상남도 김해시 구산동 833-4, 835-1, 835-2, 836 일부, 836-1 일부, 841-7, 83-4 일부",1522-3232,35.255314991,0,1442,20181220,Z9999@T01@T05@@T08@T16@T17@T20@@T30@T36@@@T43@T56@T62@T65@T70@T71@P90@T09
김해진영DT,경남,김해시,10,1003,경상남도 김해시 진영읍 진영리 81-3,1522-3232,35.3060040933565,0,1647,20200604,Z9999@T01@T02@T05@T08@T16@T17@T20@T30@T34@@@T36@T43@T56@T62@T65@T70@T71@T09
신세계김해,경남,김해시,10,1003,경상남도 김해시 외동 1264 신세계백화점 1층,1522-3232,35.22848288,0,1083,20160622,@T05@T08@T16@T17@T20@@@T30@T36@@@@@@@@@T56@T62@T64@T65@T70@P40@T09
김해이마트,경남,김해시,10,1003,경상남도 김해시 외동 1264 김해 이마트 1층,1522-3232,35.229997434,0,1080,20160622,Z9999@@T05@T08@T16@T17@T20@T30@T36@@@@T43@T56@T62@T65@T70@T71@P40@T09
김해대로DT,경남,김해시,10,1003,경상남도 김해시 삼정동 616-5,1522-3232,35.227992,0,846,20141029,Z9999@T01@T05@T08@T16@T17@T20@T30@T36@@@@T56@T62@T65@T70@P80@T09
김해외동DT,경남,김해시,10,1003,경상남도 김해시 외동 238-19  1~2층,1522-3232,35.22962555422071,0,802,20140630,T01@T05@T08@T16@T17@T20@T30@@T36@@@T43@T56@T62@T65@T70@T71@T09
김해율하,경남,김해시,10,1003,경상남도 김해시 관동동 1095-9 1층,1522-3232,35.176597,0,711,20131223,Z9999@@T05@T08@T16@T17@T20@T21@T30@T34@@T36@@@@@@T43@T51@@T56@T62@T65@T70@T71
김해삼계,경남,김해시,10,1003,경상남도 김해시 삼계동 1479-7번지,1522-3232,35.261527,0,626,20130612,Z9999@T05@T08@T16@T17@T20@T21@T30@@T36@@@T43@@T62@T65@T70@T71@T09
김해내동,경남,김해시,10,1003,경상남도 김해시 내동 1140-4번지,1522-3232,35.2371519,0,437,20110927,Z9999@T05@T08@T16@T17@T20@T21@T30@@T36@@@T43@T56@T62@T65@T70@T71@P90@T09
서김해IC DT,경남,김해시,10,1003,"경상남도 김해시 명법동 202-2,203-1",1522-3232,35.2038771973106,0,2106,20230406,Z9999@T01@T05@T08@T16@T17@T20@T21@T30@T34@@T43@T51@T56@T62@T65@T70@T71@P01@T09
김해주촌DT,경남,김해시,10,1003,경상남도 김해시 주촌면 선지리 599,1522-3232,35.23513407443546,0,1917,20220128,Z9999@T01@T05@T08@T16@T17@T20@T30@T34@T36@@T43@T51@T56@T62@T65@T70@T71@P90@T09
김해가야로DT,경남,김해시,10,1003,경상남도 김해시 동상동 1121-4,1522-3232,35.2409026,0,1946,20220331,Z9999@T01@T05@T08@T16@T17@T20@T30@T34@@T36@T43@T51@T56@T62@T65@T70@T71@P90@T09
장유대청,경남,김해시,10,1003,경상남도 김해시 대청동 303-3,1522-3232,35.1904824838804,0,2121,20230518,Z9999@T05@T08@T16@T17@T20@T21@T30@T34@T36@T43@T51@@T56@T62@T64@T65@T70@T71@T09
장유율하,경남,김해시,10,1003,경상남도 김해시 장유동 839-2 1층 105호,1522-3232,35.17158031793282,0,1926,20220210,Z9999@T05@T08@T16@T17@T20@T21@@T30@T34@T36@@T43@T51@@T56@T62@T65@T70@T71@T09
진영신도시,경남,김해시,10,1003,경상남도 김해시 진영읍 진영리 1629-7,1522-3232,35.3074088,0,2017,20220901,T05@T08@T16@T17@T20@T21@T30@T34@@T36@T43@T51@T62@T64@T65@T70@T71@P90@T09
김해율하신도시,경남,김해시,10,1003,경상남도 김해시 율하동 1348-4,1522-3232,35.170945,0,1685,20200820,Z9999@T05@T08@T16@T17@T20@T21@T30@T34@@@T43@@T56@T62@T65@T70@T71@T09
김해금관대로DT,경남,김해시,10,1003,경상남도 김해시 내동 171-8,1522-3232,35.23984059831166,0,1796,20210429,T01@T05@T08@T16@T17@T20@T30@T34@@@T36@T43@T56@T62@T65@T70@T71@P90@T09
밀양DT,경남,밀양시,10,1004,경상남도 밀양시 삼문동 532-3,1522-3232,35.4853274,0,1598,20191223,Z9999@T01@T05@T08@T16@T17@T20@@T30@T34@@@T36@T56@T62@T65@T70@T09
경남사천DT,경남,사천시,10,1005,"경상남도 사천시 사천읍 수석리 320-17, 320-21, 320-22, 320-23",1522-3232,35.080980061,0,1523,20190726,Z9999@T01@T05@T08@T16@T17@T20@T30@@@T36@@T56@T62@T65@T70@P90@T09
사천벌리,경남,사천시,10,1005,경상남도 사천시 벌리동 256-14,1522-3232,34.9411367,0,795,20140625,Z9999@T05@T08@T16@T17@T20@T30@T36@@@@T43@@T56@T62@T65@T70@T71@P90@T09
진주평거,경남,진주시,10,1008,경상남도 진주시 평거동 900 BYC빌딩1층,1522-3232,35.172324,0,1029,20160121,Z9999@T05@T08@T16@T17@T20@T21@T30@T34@@T36@@@T43@T51@@T56@T62@T65@T70@T71@P90@T09
진주칠암DT,경남,진주시,10,1008,경상남도 진주시 주약동 109-3외 9필지,1522-3232,35.1749073,0,1000,20151105,Z9999@T01@T05@T08@T16@T17@T20@T30@T34@@@@T36@T43@T51@@T56@T62@T65@T70@T71@P90@T09
진주중안,경남,진주시,10,1008,경상남도 진주시 중안동 12-7,1522-3232,35.1929303,0,728,20140128,Z9999@T02@T05@T08@T16@T17@T20@T21@T30@@@@T36@T43@T51@@T56@T62@T65@T70@T71@P90
진주신안,경남,진주시,10,1008,경상남도 진주시 신안동 350-1번지,1522-3232,35.1843723,0,647,20130730,Z9999@T05@T08@T16@T17@T20@T21@T30@@@T36@@T43@@T56@T62@T65@T70@T71@P20@P90@T09
진주경상대,경남,진주시,10,1008,경상남도 진주시 가좌동 492-5 번지,1522-3232,35.15241245,0,32,20090120,Z9999@T05@T08@T16@T17@T20@T21@T30@T34@@@T36@@T43@T51@@T56@T62@T64@T65@T70@T71@P20@P90@T09
진주초전DT,경남,진주시,10,1008,"경상남도 진주시 초전동 1071, 1072-10, 1072-11",1522-3232,35.197388,0,2131,20230511,Z9999@T01@T05@T08@T16@T17@T20@T21@T30@T34@@T36@T51@T56@T62@T65@T70@P90@T09
진주혁신도시,경남,진주시,10,1008,"경상남도 진주시 충무공동 225-1 드림어반스퀘어 116,117호,217호",1522-3232,35.180806,0,1781,20210325,Z9999@T05@T08@T16@T17@T20@T21@@T30@T34@@T36@@T43@@T56@T62@T64@T65@T70@T71@P90@T09
경상대칠암캠퍼스,경남,진주시,10,1008,경상남도 진주시 칠암동 490-1,1522-3232,35.17852605,0,1891,20211125,Z9999@T05@T08@T16@T17@T20@T21@T30@T34@@T36@T43@T51@@T56@T62@T65@T70@T71@P20@P60@P90@T09
마산회원DT,경남,창원시,10,1010,경상남도 창원시 마산회원구 회원동 43-5,1522-3232,35.2206567,0,1536,20190909,Z9999@T01@T05@T08@T16@T17@T20@T30@T34@@@@T36@T43@@T56@T62@T65@T70@T71@P90@T09
창원상남로,경남,창원시,10,1010,경상남도 창원시 성산구 상남동 26-4,1522-3232,35.22125492182339,0,1507,20190726,Z9999@T05@T08@T16@T17@T20@T21@T30@@@T43@@T56@T62@T64@T65@T70@T71@T09
마산역DT,경남,창원시,10,1010,경상남도 창원시 마산회원구 석전동 223-4,1522-3232,35.2362004,0,1454,20181220,Z9999@T01@T05@T08@T16@T17@T20@T21@T30@@@@T36@T43@@T56@T62@T65@T70@T71@P60@P90@T09
마산해안대로DT,경남,창원시,10,1010,경상남도 창원시 마산합포구 오동동 317,1522-3232,35.204510322,0,1416,20180918,Z9999@T01@T05@T08@T16@T17@T20@T30@T34@@@@T36@T43@@T56@T62@T65@T70@T71@P90@T09
진해자은DT,경남,창원시,10,1010,경상남도 창원시 진해구 자은동 793-2,1522-3232,35.143793,0,1310,20180104,Z9999@T01@T05@T08@T16@T17@T20@T30@T34@@@@T43@T56@T62@T65@T70@T71@T09
창원역DT,경남,창원시,10,1010,경상남도 창원시 의창구 팔용동 157-2,1522-3232,35.257123763205655,0,1312,20171220,Z9999@T01@T05@T08@T16@T17@T20@T30@@@@T43@@T56@T62@T65@T70@T71@P60@T09
창원호계DT,경남,창원시,10,1010,경상남도 창원시 마산회원구 내서읍 호계리 177-2,1522-3232,35.261507,0,1238,20170629,Z9999@T01@T05@T08@T16@T17@T20@T30@@@@T36@T43@@T56@T62@T65@T70@T71@P90@T09
창원마창대교,경남,창원시,10,1010,경상남도 창원시 성산구 귀곡동 717,1522-3232,35.170623,0,1230,20170608,Z9999@T05@T08@T16@T17@T20@T21@T30@T34@T36@@T56@T62@T65@T70@P50
삼성창원병원,경남,창원시,10,1010,경상남도 창원시 마산회원구 합성동 50 삼성창원병원,1522-3232,35.24256504,0,1074,20160607,T05@T08@T16@T17@T20@T30@T34@@T36@@@T51@T56@T62@T64@T65@T70@P70@T09
진해용원,경남,창원시,10,1010,경상남도 창원시 진해구 용원동 1211-11 형제빌딩,1522-3232,35.101122,0,738,20140224,T05@T08@T16@T17@T20@T21@T30@T34@@@@T43@T62@T65@T70@T71@T09
창원리베라,경남,창원시,10,1010,경상남도 창원시 성산구 상남동 78-4 리베라컨밴션,1522-3232,35.22331963084193,0,635,20130625,Z9999@T05@T08@T16@T17@T20@T21@T30@T34@@@@T43@T51@@T56@T62@T63@T64@T65@T70@T71@T09
창원상남중앙,경남,창원시,10,1010,경상남도 창원시 성산구 상남동 14-5 유탑빌딩,1522-3232,35.22267448372802,0,624,20130605,Z9999@T05@T08@T16@T17@T20@T21@T30@T34@@@T43@@T56@T62@T64@T65@T70@T71@T09
창원상남동,경남,창원시,10,1010,경상남도 창원시 성산구 상남동 6-1,1522-3232,35.224557340244004,0,95,20071025,Z9999@T05@T08@T16@T17@T20@T21@T30@T34@@@T43@T51@@T56@T62@T63@T64@T65@T70@T71@T09
신세계마산,경남,창원시,10,1010,경상남도 창원시 마산합포구 산호동 10-3 신세계백화점 내 지하1층,1522-3232,35.21936342,0,69,20070604,T05@T08@T16@T17@T20@T30@@T36@@@T62@T64@T65@T70@P40@T09
창원시티세븐,경남,창원시,10,1010,"경상남도 창원시 성산구 대원동 122, 더시티세븐 상업시설동 1층 E-121호",1522-3232,35.240130826356626,0,131,20080612,Z9999@T05@T08@T16@T17@T20@T30@T34@@@@T43@T51@@T56@T62@T64@T65@T70@T71@T09
경남대,경남,창원시,10,1010,경상남도 창원시 마산합포구 해운동 17-7번지,1522-3232,35.178461,0,570,20121214,Z9999@T02@T05@T08@T16@T17@T20@T21@T30@T34@T36@@@@T43@@T56@T62@T64@T65@T70@T71@P20@P60@P90@T09
창원용지호수,경남,창원시,10,1010,경상남도 창원시 성산구 용호동 73-30,1522-3232,35.22992717162413,0,464,20111223,Z9999@T05@T08@T16@T17@T20@T21@T30@@@@T43@@T56@T62@T64@T65@T70@T71@T09
마산월남동DT,경남,창원시,10,1010,"경상남도 창원시 마산합포구 월남동2가 9-2, 10-1, 10-2, 10-5",1522-3232,35.18582228792928,0,1741,20201210,Z9999@T01@T05@T08@T16@T17@T20@T30@T34@T36@@T43@@T56@T62@T65@T70@T71@P90@T09
마산봉암로DT,경남,창원시,10,1010,경상남도 창원시 마산회원구 봉암동 471-6,1522-3232,35.218819535,0,1912,20220106,T01@T05@T08@T16@T17@T20@T30@T34@@@T36@T43@T51@T56@T62@T65@T70@T71@P90@T09
진해경화역DT,경남,창원시,10,1010,경상남도 창원시 진해구 경화동 812-8,1522-3232,35.159250543,0,2103,20230324,Z9999@T01@T05@T08@T16@T17@T20@T30@T34@@T43@T51@T56@T62@T65@T70@T71@T09
창원이마트,경남,창원시,10,1010,경상남도 창원시 성산구 중앙동 91 창원이마트,1522-3232,35.226711,0,2578,20260528,Z9999@T05@T08@T16@T17@T20@T21@T30@T34@T43@T56@T62@T64@T65@T66@T70@T71@P40@T09
창원반림,경남,창원시,10,1010,경상남도 창원시 성산구 반림동 21 화성메디칼빌딩,1522-3232,35.23604777804381,0,1882,20211111,Z9999@T05@T08@T16@T17@T20@T21@T30@T34@@@T43@T51@@T56@T62@T64@T65@T70@T71
창원유니시티,경남,창원시,10,1010,경상남도 창원시 의창구 중동 784-1,1522-3232,35.256514629242055,0,1686,20200806,Z9999@T05@T08@T16@T17@T20@T21@T30@T34@@@T43@@@T56@T62@T64@T65@T70@T71@T09
창원NC파크R,경남,창원시,10,1010,"경상남도 창원시 마산회원구 양덕동 477 마산종합운동장, 창원NC파크",1522-3232,35.22342934,0,1949,20220402,Z9999@T03@T05@T08@T16@T17@T20@T21@T26@T27@T29@T30@T34@T36@T37@T39@T41@T42@@T43@T47@T49@T51@T53@T56@T62@@T70
창원중앙역,경남,창원시,10,1010,경상남도 창원시 의창구 사림동 165-12,1522-3232,35.238753,0,1895,20211209,Z9999@T05@T08@T16@T17@T20@T21@T30@T34@@@T51@T56@T62@T64@T65@T70@P90@T09
진해부산신항,경남,창원시,10,1010,"경상남도 창원시 진해구 용원동 1342 오렌지타운, 112호",1522-3232,35.08841817,0,1978,20220526,Z9999@T05@T08@T16@T17@T20@T21@T30@T34@@T36@T43@T51@T62@T65@T70@T71@T09
창원경상대병원,경남,창원시,10,1010,경상남도 창원시 성산구 성주동 146-1 창원경상대학교병원,1522-3232,35.19889879953514,0,2329,20240929,T05@T08@T16@T17@T20@T21@T30@T34@T43@@T51@T56@T62@T64@T65@T67@T70@T71@P70@P90@T09
창원대로DT,경남,창원시,10,1010,경상남도 창원시 성산구 가음정동 391-1 스타벅스,1522-3232,35.2095615963132,0,2046,20221027,Z9999@T01@T05@T08@T16@T17@T20@T21@T30@T34@T43@T51@@T56@T62@T65@T70@T71@T09
창원사파,경남,창원시,10,1010,"경상남도 창원시 성산구 사파동 84-1 가야빌딩 1,2층",1522-3232,35.22312859619139,0,2043,20221215,T05@T08@T16@T17@T20@T21@T30@T34@@T43@T51@@T56@T62@T65@T70@T71@P90
창원파티마병원,경남,창원시,10,1010,경상남도 창원시 의창구 명서동 212 창원파티마병원,1522-3232,35.23679725,0,1793,20210422,T05@T08@T16@T17@T20@T21@T30@T34@@@T56@T62@T64@T65@T70@P70
창원내서,경남,창원시,10,1010,경상남도 창원시 마산회원구 내서읍 중리 1043-1,1522-3232,35.2490312214725,0,1828,20210708,T05@T08@T16@T17@T20@T21@T30@T34@T36@@@T51@T62@T64@T65@T70@T09
창원대방,경남,창원시,10,1010,"경상남도 창원시 성산구 대방동 361-1 TOP메디컬빌딩, 1층 104호",1522-3232,35.209242593324696,0,2364,20241212,Z9999@T05@T08@T16@T17@T20@T21@T30@T34@T43@T51@T56@T62@T65@T70@T71@P90@T09
마산진동DT,경남,창원시,10,1010,경상남도 창원시 마산합포구 진동면 진동리 878-2 신라해장국,1522-3232,35.114308,0,2138,20230622,T01@T05@T08@T16@T17@T20@T30@T34@@T36@@T51@T56@T62@T65@@T70@P90@T09
통영이마트,경남,통영시,10,1011,경상남도 통영시 광도면 죽림리 1566-2 이마트통영점,1522-3232,34.886597495,0,461,20111220,Z9999@@T05@T08@T16@T17@T20@T30@T36@@@T43@T56@T62@T64@T65@T70@T71@P40@T09
통영죽림,경남,통영시,10,1011,경상남도 통영시 광도면 죽림리 1572-71,1522-3232,34.882242,0,2184,20230915,Z9999@T05@T08@T16@T17@T20@T21@T30@T34@@T43@T51@T56@T62@T65@T70@T71@P90
통영북신DT,경남,통영시,10,1011,경상남도 통영시 북신동 663-8,1522-3232,34.8547537944604,0,2335,20240929,Z9999@T01@T05@T08@T16@T17@T20@T30@T34@T36@T43@T51@T56@T62@T63@T65@T70@T71@T09
거제대로DT,경남,거제시,10,1016,경상남도 거제시 수월동 1043-203,1522-3232,34.894667,0,1652,20200618,Z9999@T01@T05@T08@T16@T17@T20@T30@T34@T36@@@T43@T56@T62@T65@T70@T71@T09
거제고현,경남,거제시,10,1016,경상남도 거제시 고현동 977-4,1522-3232,34.8907709,0,905,20150326,Z9999@T05@T08@T16@T17@T20@T21@T22@T30@T34@@@T36@T51@T56@T62@T64@T65@T70@P90
소노캄거제,경남,거제시,10,1016,경상남도 거제시 일운면 소동리 115 대명리조트거제휴양콘도미니엄 1층,1522-3232,34.84384342,0,628,20130614,T05@T08@T16@@T17@T20@T30@@T36@@T62@T65@T70@P30@T09
거제사등,경남,거제시,10,1016,경상남도 거제시 사등면 청곡리 700-7,1522-3232,34.895546,0,2511,20260115,T05@T08@T16@T17@T20@T21@T30@T34@T36@T47@T51@T56@T62@T63@T70@P90@T09
거제상동DT,경남,거제시,10,1016,"경상남도 거제시 상동동 166-3, 184-1",1522-3232,34.868574,0,2380,20250213,Z9999@T01@T05@T08@T16@T17@T20@T21@T30@T34@T36@T43@T51@T56@T62@T65@T70@T71@P90@T09
거제옥포DT,경남,거제시,10,1016,"경상남도 거제시 옥포동 550-14,15",1522-3232,34.88898292568363,0,1742,20201210,Z9999@T01@T02@T05@T08@T16@T17@T20@T30@T34@@T36@@T43@T56@T62@T65@T70@T71@T09
거제장평,경남,거제시,10,1016,경상남도 거제시 장평동 337-1,1522-3232,34.892974,0,2140,20230602,T05@T08@T16@T17@T20@T21@T30@T34@@T36@T43@T51@T56@T62@T65@T70@T71@P90@T09
남양산IC DT,경남,양산시,10,1018,경상남도 양산시 동면 석산리 966,1522-3232,35.319987,0,1519,20190731,Z9999@T01@T05@T08@T16@T17@T20@T21@T30@@T56@T62@T65@T70@P90@T09
양산증산역,경남,양산시,10,1018,경상남도 양산시 물금읍 가촌리 1292,1522-3232,35.30898019301058,0,1471,20190225,Z9999@T05@T08@T16@T17@T20@T21@T30@T36@@@@T43@T62@T65@T70@T71@P80@P90@T09
양산가촌,경남,양산시,10,1018,경상남도 양산시 물금읍 가촌리 1270-10,1522-3232,35.3171469065169,0,1329,20180125,Z9999@T02@T05@T08@T16@T17@T20@T21@T30@T34@@@T36@@T43@@T56@T62@T65@T70@T71@P90@T09
양산덕계DT,경남,양산시,10,1018,경상남도 양산시 덕계동 323-2외1필지,1522-3232,35.3761068854677,0,1227,20170525,Z9999@T01@T05@T08@T16@T17@T20@T30@T34@@@T36@@T43@T56@T62@T65@T70@T71@T09
양산터미널,경남,양산시,10,1018,경상남도 양산시 중부동 710-1 양산시외버스터미널,1522-3232,35.3353404,0,906,20150327,Z9999@T05@T08@T16@T17@T20@T21@T30@T34@@T36@@@T43@@T56@T62@T65@T70@T71@P60@P80@T09
양산범어,경남,양산시,10,1018,경상남도 양산시 물금읍 범어리 2711-4,1522-3232,35.3287435162243,0,710,20131223,Z9999@@T05@T08@T16@T17@T20@T21@T30@T34@@T36@@@T43@@T56@T62@T65@T70@T71@P20@P70@P80@T09
양산이마트,경남,양산시,10,1018,경상남도 양산시 중부동 705 양산이마트 1층,1522-3232,35.33706607072501,0,387,20110429,Z9999@T05@T08@T16@T17@T20@T30@T34@@T36@@@T43@T56@T62@T65@T70@T71@P40@P80@T09
양산물금DT,경남,양산시,10,1018,경상남도 양산시 물금읍 물금리 872-7,1522-3232,35.3075354379422,0,1983,20220602,Z9999@T01@T05@T08@T16@T17@T20@T21@T30@T34@T36@@T51@T56@T62@T65@T70@P60@P90@T09
양산통도사,경남,양산시,10,1018,경상남도 양산시 하북면 삼수리 114-2,1522-3232,35.4722969553954,0,2403,20250430,T05@T08@T16@T17@T20@T21@T30@T34@T36@T43@T47@T51@T56@T62@T63@T65@T70@T09
양산부산대학교병원,경남,양산시,10,1018,경상남도 양산시 물금읍 범어리 2762-1 양산부산대학교병원,1522-3232,35.32806420490634,0,2347,20241121,T05@T08@T16@T17@T20@T21@T30@T34@T36@T51@T56@T62@T63@T64@T65@T70@P70@T09
양산신기DT,경남,양산시,10,1018,경상남도 양산시 신기동 646-14 무봉리순대,1522-3232,35.355007631985565,0,2324,20240927,Z9999@T01@T05@T08@T16@T17@T20@T21@T30@T34@T36@T43@T51@T56@T62@T63@T65@T70@T71@T09
경산중방DT,경북,경산시,11,1101,경상북도 경산시 중방동 847-6,1522-3232,35.8274054981779,0,1216,20170518,Z9999@T01@T05@T08@T16@T17@T20@T21@T30@@T36@@@T43@@T56@T62@T65@T70@T71@P70@P90@T09
영남대아트센터,경북,경산시,11,1101,경상북도 경산시 대동 214-1 천마아트센터 대공연장,1522-3232,35.831888263213514,0,822,20140825,T05@T08@T16@T17@@@@T20@@@T21@T30@T36@@T56@T62@T65@T70@P20@P40@P80@T09
영남대중앙도서관,경북,경산시,11,1101,경상북도 경산시 조영동 321 영남대학교,1522-3232,35.83332843318061,0,821,20140825,T05@T08@T16@T17@@@@@@T20@T21@T30@@T36@T62@T65@T70@P20@P40@P80@T09
영남대,경북,경산시,11,1101,경상북도 경산시 대동 168-3 1~3층,1522-3232,35.836954114839195,0,681,20131030,Z9999@T05@T08@T16@T17@T20@T21@T30@@T36@T43@@T56@T62@T65@T70@T71@P20@P80@P90
스타필드마켓경산,경북,경산시,11,1101,경상북도 경산시 중산동 623 경산이마트,1522-3232,35.8346240436798,0,46,20060728,Z9999@T05@T08@T16@T17@T20@T21@T30@T34@T36@@T51@T56@T62@T63@T65@T70@P01@P40@P80@P90@T09
대구대학교,경북,경산시,11,1101,경상북도 경산시 진량읍 내리리 15 대구대학교경산캠퍼스,1522-3232,35.8973698748974,0,1866,20210909,Z9999@T05@T08@T16@T17@T20@T21@T30@T34@T36@@T43@T51@@T56@T62@T65@T70@T71@P20@P40@P90
경산임당역DT,경북,경산시,11,1101,경상북도 경산시 계양동 266,1522-3232,35.8337503248567,0,1670,20200715,Z9999@T01@T05@T08@T16@T17@T20@T30@T34@T36@@T56@T62@T65@T70@P80@P90@T09
경산중산,경북,경산시,11,1101,경상북도 경산시 중산동 632,1522-3232,35.83029669680521,0,1965,20220421,Z9999@T05@T08@T16@T17@T20@T21@T30@T34@T36@@T43@T51@@T56@T62@T64@T65@T70@T71@P90
경산신대부적,경북,경산시,11,1101,경상북도 경산시 압량읍 부적리 200-3,1522-3232,35.84512191269418,0,2525,20260227,Z9999@T05@T08@T16@T17@T20@T21@T30@T34@T36@T43@T51@T55@T56@T62@@T65@T71@P20@P90@T09
경산하양DT,경북,경산시,11,1101,경상북도 경산시 진량읍 부기리 532-1,1522-3232,35.904849,0,1937,20220317,Z9999@T01@T05@T08@T16@T17@T20@T30@T34@@T36@T43@T51@@T56@T62@T65@T70@T71@P01@P60@P90@T09
경산사동DT,경북,경산시,11,1101,"경상북도 경산시 사동 561,561-1,561-10",1522-3232,35.8189231,0,2354,20241128,Z9999@T01@T05@T08@T16@T17@T20@T21@T30@T34@T36@T43@T51@@T56@T62@T63@T65@T70@T71@T09
경산무학,경북,경산시,11,1101,경상북도 경산시 하양읍 서사리 340,1522-3232,35.9172823645922,0,2224,20240103,Z9999@T05@T08@T16@T17@T20@T21@T30@T34@@T36@T43@T51@@T56@T62@T65@T70@T71@P90@T09
경주보문,경북,경주시,11,1102,경상북도 경주시 천군동 205-65,1522-3232,35.83653497682624,0,1351,20180323,T05@T08@T16@T17@T20@T21@T30@T36@@@@@T43@T62@T65@T70@T71@P90@T09
경주터미널DT,경북,경주시,11,1102,"경상북도 경주시 사정동 488-7, 8",1522-3232,35.838226,0,1068,20160523,Z9999@T01@T05@T08@T16@T17@T20@T30@@@T43@T56@T62@T65@T70@T71@P60@P90@T09
경주대릉원,경북,경주시,11,1102,경상북도 경주시 황남동 140-2,1522-3232,35.834026512273645,0,794,20140623,Z9999@T05@T08@T16@T17@T20@T30@@@T36@T56@T62@T65@T70@P90@T09
경주보문호수DT,경북,경주시,11,1102,경상북도 경주시 북군동 57-40 1~3층,1522-3232,35.8532391,0,721,20140121,T01@T05@T08@T16@T17@T20@T30@@T36@@T43@T56@T62@T65@T70@T71@P90@T09
경주보문로DT,경북,경주시,11,1102,경상북도 경주시 천군동 1584-33번지 외 1번지(신평동 719-220),1522-3232,35.83874253765283,0,550,20120910,Z9999@T01@T05@T08@T16@T17@T20@T30@T34@T36@@@T56@T62@T65@T70@P30@P90
경주용황,경북,경주시,11,1102,"경상북도 경주시 용강동 1710, 1층",1522-3232,35.884566127632404,0,2484,20251121,Z9999@T05@T08@T16@T17@T20@T21@T30@T34@T43@T51@T56@T62@T65@T70@T71@P90@T09
경주용강DT,경북,경주시,11,1102,경상북도 경주시 용강동 900-8,1522-3232,35.8677384570479,0,1901,20211216,Z9999@T01@T05@T08@T16@T17@T20@T30@T34@@@T51@T56@T62@T65@T70@P90@T09
경주충효DT,경북,경주시,11,1102,"경상북도 경주시 충효동 541, 410번지",1522-3232,35.844539906331164,0,2260,20240502,Z9999@T01@T05@T08@T16@T17@T20@T21@T30@T34@T36@T43@T51@T56@T62@T65@T70@T71@P90@T09
구미상모DT,경북,구미시,11,1105,"경상북도 구미시 상모동 478-5 상모주유소, 478-6, 478-7",1522-3232,36.0823172,0,1459,20190130,Z9999@T01@T05@T08@T16@T17@T20@T30@T36@@@T56@T62@T65@T70@P90@T09
구미도량DT,경북,구미시,11,1105,"경상북도 구미시 도량동 315, 315-5",1522-3232,36.138474,0,1412,20180831,Z9999@T01@T05@T08@T16@T17@T20@T30@@@T43@T56@T62@T65@T70@T71@P70@P90@T09
구미옥계,경북,구미시,11,1105,경상북도 구미시 옥계동 832-3,1522-3232,36.138285,0,1044,20160324,Z9999@T05@T08@T16@T17@T20@@T21@T30@@T36@@T43@T56@T62@T65@T70@T71@P90
구미시청DT,경북,구미시,11,1105,경상북도 구미시 송정동 33-11,1522-3232,36.1176314,0,975,20150825,Z9999@T01@T05@T08@T16@T17@T20@T30@T34@@@T43@T51@T56@T62@T65@T70@T71@P90@T09
구미금오산DT,경북,구미시,11,1105,경상북도 구미시 남통동 414 - 4번지,1522-3232,36.12245,0,708,20131220,Z9999@T01@T05@T08@T16@T17@T20@T30@@@T43@T56@T62@T65@T70@T71@T09
구미인동,경북,구미시,11,1105,경상북도 구미시 황상동 305-49 노블레스 타워 1층,1522-3232,36.10782365568934,0,98,20080808,Z9999@T05@T08@T16@T17@T20@T21@T30@T34@@@T43@T56@T62@T65@T70@T71
구미공단,경북,구미시,11,1105,경상북도 구미시 공단동 260-10번지 HALLA SIGMA VALLEY 106,1522-3232,36.10177277179551,0,467,20120103,Z9999@T05@T08@T16@T17@@T20@T21@T30@T34@@@@T43@T56@T62@T65@T70@T71@T09
구미인의DT,경북,구미시,11,1105,경상북도 구미시 인의동 1005-6,1522-3232,36.09563265468403,0,2187,20231018,Z9999@T01@T05@T08@T16@T17@T20@T30@T34@@T43@T51@T56@T62@T65@T70@T71@P90@T09
삼성전자 구미2캠퍼스,경북,구미시,11,1105,경상북도 구미시 임수동 94-1 삼성전자 2공장 창의동 1층,1522-3232,36.107137,0,2448,20250829,T05@T08@T16@T17@T20@T21@T30@T34@T51@T56@T62@T70@T74@P40
구미광평DT,경북,구미시,11,1105,경상북도 구미시 광평동 792-137,1522-3232,36.10374,0,1872,20211014,Z9999@T01@T05@T08@T16@T17@T20@T21@T30@T34@@T36@T51@T56@T62@T65@T70@P90@T09
구미문성DT,경북,구미시,11,1105,경상북도 구미시 고아읍 문성리 1121,1522-3232,36.16098123075868,0,1850,20210909,Z9999@T01@T05@T08@T16@T17@T20@T21@T30@T34@@T43@T51@T56@T62@T65@T70@T71@P90@T09
구미확장단지,경북,구미시,11,1105,경상북도 구미시 산동읍 신당리 1404,1522-3232,36.15580816173035,0,1704,20200918,Z9999@T05@T08@T16@T17@T20@T21@T30@T34@@@T56@T62@T65@T70@T09
상주무양DT,경북,상주시,11,1108,경상북도 상주시 무양동 1-113,1522-3232,36.4261853415948,0,2037,20221006,Z9999@T01@T05@T08@T16@T17@T20@T30@T34@T36@@T51@T56@T62@T65@T70@P90@T09
영주가흥,경북,영주시,11,1112,"경상북도 영주시 가흥동 396-2, 397-8, 397-18, 380-10",1522-3232,36.82291130042651,0,2280,20240704,Z9999@T05@T08@T16@T17@T20@T30@T34@T36@T51@T56@T62@T63@T65@T70@P01@T09
경북도청대로,경북,예천군,11,1113,경상북도 예천군 호명면 산합리 1493,1522-3232,36.5747342643423,0,2085,20230202,Z9999@T05@T08@T16@T17@T20@T21@T30@T34@@T36@T51@T56@T62@T64@T65@T70@P90@T09
포항쌍용DT,경북,포항시 남구,11,1118,"경상북도 포항시 남구 상도동 601, 601-3, 601-12",1522-3232,36.0155,0,1316,20171222,Z9999@T01@T05@T08@T16@T17@T20@T30@@@@T36@T43@@T56@T62@T65@T70@T71@T09
포항오천,경북,포항시 남구,11,1118,경상북도 포항시 남구 오천읍 문덕리 176-5,1522-3232,35.9642032,0,988,20151027,Z9999@T05@T08@T16@T17@T20@T21@T30@T34@@@@T36@T43@T51@@T56@T62@T64@T65@T70@T71@P90
포항대이,경북,포항시 남구,11,1118,경상북도 포항시 남구 대잠동 458-5,1522-3232,36.025372,0,876,20141223,T02@T05@T08@T16@T17@T20@T21@T30@@T36@@@T43@@T62@T65@T70@T71
포항이마트,경북,포항시 남구,11,1118,경상북도 포항시 남구 인덕동 161-176번지 이마트 포항점 1층,1522-3232,35.9912207539553,0,620,20130523,@T05@T08@T16@T17@T20@T21@T30@T34@@@T36@T43@T51@@T56@T62@T64@T65@T70@P40@P90@T09
포항시청,경북,포항시 남구,11,1118,경상북도 포항시 남구 대잠동 1005-1번지,1522-3232,36.01821259088287,0,556,20120925,T05@T08@T16@T17@T20@@T30@@@@T43@@T62@T65@T70@T71@P90
포항송도,경북,포항시 남구,11,1118,경상북도 포항시 남구 송도동 254-600,1522-3232,36.0356471,0,2150,20230727,Z9999@T05@T08@T16@T17@T20@T21@T30@T34@T36@@T51@T56@T62@T65@T70@P50@P90@T09
포항IC DT,경북,포항시 남구,11,1118,"경상북도 포항시 남구 이동 535, 535-3",1522-3232,36.0354586,0,2105,20230316,Z9999@T01@T05@T08@T16@T17@T20@T21@T30@T34@@T36@T43@T51@@T56@T62@T65@T70@T71@P90@T09
포항세명기독병원,경북,포항시 남구,11,1118,경상북도 포항시 남구 대도동 94-5 포항세명기독병원,1522-3232,36.017709992582596,0,1776,20210617,T05@T08@T16@T17@T20@T30@T34@@@T43@T51@@T56@T62@T64@T65@T70@T71@P40@P70@P90
포항포스코DT,경북,포항시 남구,11,1118,경상북도 포항시 남구 동촌동 701-83,1522-3232,35.9965777972114,0,1810,20210528,T01@T05@T08@T16@T17@T20@T21@T30@T34@@@T43@@T56@T62@T65@T70@P90@T09
김천구미역,경북,김천시,11,1122,"경상북도 김천시 율곡동 792,",1522-3232,36.116366,0,1130,20161111,Z9999@T05@T08@T16@T17@T20@T21@T30@@T36@@T56@T62@T65@T70@P60@T09
김천시청DT,경북,김천시,11,1122,"경상북도 김천시 신음동 1000-3,5,11,12",1522-3232,36.132607850006174,0,1039,20160226,Z9999@T01@T05@T08@T16@T17@T20@T30@T34@@@T43@T56@T62@T65@T70@T71@T09
김천부곡DT,경북,김천시,11,1122,"경상북도 김천시 부곡동 415-1, 415-19",1522-3232,36.12816,0,2188,20230921,Z9999@T01@T05@T08@T16@T17@T20@T30@T34@@T43@T51@T56@T62@T65@T70@T71@P90@T09
안동이마트,경북,안동시,11,1123,경상북도 안동시 옥동 800-3 이마트,1522-3232,36.558505,0,1614,20200207,T05@T08@T16@T17@T20@T30@T34@@T36@T43@@T56@T62@T65@T70@T71@P40@P90@T09
안동병원,경북,안동시,11,1123,경상북도 안동시 수상동 574-2 안동병원 1층,1522-3232,36.547024,0,1583,20191219,Z9999@T05@T08@T16@T17@T20@T30@T34@@T36@@T56@T62@T65@T70@P70@P90
안동시청,경북,안동시,11,1123,경상북도 안동시 삼산동 51-4,1522-3232,36.566355034307776,0,924,20150430,Z9999@T05@T08@T16@T17@T20@T21@T30@T34@T36@T43@@T56@T62@T65@T70@T71@P90
안동강변DT,경북,안동시,11,1123,경상북도 안동시 법흥동 45-7,1522-3232,36.562290794300424,0,1966,20220414,Z9999@T01@T05@T08@T16@T17@T20@T21@T30@T34@@T36@T43@T51@@T56@T62@T65@T70@T71@P90@T09
안동법원DT,경북,안동시,11,1123,"경상북도 안동시 정하동 312-2, 302-10",1522-3232,36.55403062589347,0,2456,20250926,Z9999@T01@T05@T08@T16@T17@T20@T21@T30@T34@T36@T43@T51@T56@T62@T65@T70@T71@T09
안동옥동,경북,안동시,11,1123,경상북도 안동시 옥동 791-1,1522-3232,36.5622894296505,0,1982,20220526,Z9999@T05@T08@T16@T17@T20@T21@T30@T34@T36@@T43@T51@@T56@T62@T65@T70@T71@P90
영천완산DT,경북,영천시,11,1124,"경상북도 영천시 완산동 648-3,649,655-3,647-4,655-2,655-6",1522-3232,35.96705563819716,0,2059,20221208,Z9999@T01@T05@T08@T16@T17@T20@T30@T34@@T36@T43@T51@@T56@T62@T65@T70@T71@P90@T09
포항죽도DT,경북,포항시 북구,11,1126,경상북도 포항시 북구 죽도동 경상북도 포항시 북구 새천년대로 486 (죽도동),1522-3232,36.018521,0,1575,20191129,Z9999@T01@T05@T08@T16@T17@T20@T21@T30@T34@@T36@@@T43@@T56@T62@T65@T70@T71@P70@P90@T09
포항장성DT,경북,포항시 북구,11,1126,경상북도 포항시 북구 장성동 1577-8,1522-3232,36.074535,0,1187,20170316,Z9999@T01@T05@T08@T16@T17@T20@T30@@@@T36@T43@@T56@T62@T65@T70@T71@T09
포항양덕,경북,포항시 북구,11,1126,경상북도 포항시 북구 양덕동 1487,1522-3232,36.081632851239085,0,918,20150424,Z9999@T05@T08@T16@T17@T20@T21@T30@@T36@@@T43@@T56@T62@T65@T70@T71@T09
포항중앙,경북,포항시 북구,11,1126,경상북도 포항시 북구 신흥동 696-1 1~3층,1522-3232,36.038713,0,756,20140328,T02@T05@T08@T16@T17@T20@T30@@T36@@@T43@T51@@T56@T62@T64@T65@T70@T71@P90
포항영일대비치,경북,포항시 북구,11,1126,경상북도 포항시 북구 항구동 17-97,1522-3232,36.05506515861306,0,360,20101220,Z9999@T05@T08@T16@T17@T20@T30@@T36@@@T43@@T56@T62@T65@T70@T71@P50@P90@T09
포항법원DT,경북,포항시 북구,11,1126,경상북도 포항시 북구 장성동 1491-5,1522-3232,36.088258294558834,0,2164,20230824,Z9999@T01@T05@T08@T16@T17@T20@T21@T30@T34@@T36@T43@T51@@T56@T62@T65@T70@T71@T09
포항화진해수욕장,경북,포항시 북구,11,1126,"경상북도 포항시 북구 송라면 지경리 405, 405-3",1522-3232,36.2515524885638,0,2244,20240222,T05@T08@T16@T17@T20@T21@T30@T34@T36@@T51@T56@T62@T65@T70@P50@T09
포항중앙로DT,경북,포항시 북구,11,1126,경상북도 포항시 북구 죽도동 49-3,1522-3232,36.030707,0,2050,20221117,T01@T05@T08@T16@T17@T20@T21@T30@T34@T36@@T43@T51@@T56@T62@T65@T70@T71@P90@T09
포항초곡DT,경북,포항시 북구,11,1126,"경상북도 포항시 북구 흥해읍 초곡리 9-10, 9-13, 성곡리 762-2",1522-3232,36.09409700115376,0,2297,20240808,Z9999@T01@T05@T08@T16@T17@T20@T21@T30@T34@T36@T43@T51@@T56@T62@T65@T70@T71@P01@T09
포항두호DT,경북,포항시 북구,11,1126,"경상북도 포항시 북구 창포동 629-4, 629-14, 629-5",1522-3232,36.060950403438014,0,2201,20231109,Z9999@T01@T05@T08@T16@T17@T20@T21@T30@T34@T36@@T51@T56@T62@T65@T70@T09
전남광양DT,전남,광양시,12,1204,전라남도 광양시 중동 1321-4,1522-3232,34.94319620,0,1127,20161104,Z9999@T01@T05@T08@T16@T17@T20@@T30@T34@T36@@@@T51@T56@T61@T65@T70@T09
광양LF,전남,광양시,12,1204,"전라남도 광양시 광양읍 덕례리 1834 광양LF스퀘어, 1층",1522-3232,34.96333774125529,0,1977,20220512,T05@T08@T16@T17@T20@T21@T30@T34@@T36@T51@T56@T61@T64@T65@T70@P40@T09
광양LF스퀘어3F,전남,광양시,12,1204,전라남도 광양시 광양읍 덕례리 1834 광양LF스퀘어 3층,1522-3232,34.9622776103799,0,2435,20250731,T05@T08@T16@T17@T20@T21@T30@T34@T36@T43@T56@T61@T65@T67@T70@T71@P40@T09
광양마동DT,전남,광양시,12,1204,전라남도 광양시 마동 421-2,1522-3232,34.94026920941869,0,2079,20230118,Z9999@T01@T05@T08@T16@T17@T20@T21@T30@T34@T36@@T43@T51@T56@T61@T65@T70@T71@T09
목포터미널DT,전남,목포시,12,1206,전라남도 목포시 상동 135,1522-3232,34.8099730152699,0,1518,20190628,Z9999@T01@T05@T08@T16@T17@T20@T30@@@@@T56@T61@@T65@T70@@P60@P70@T09
목포하당,전남,목포시,12,1206,전라남도 목포시 상동 828-4,1522-3232,34.803958,0,1173,20170224,Z9999@T02@T05@T08@T16@T17@T20@T30@T34@@T36@@T43@@T56@T61@T65@T70@T71@P70
목포북항DT,전남,목포시,12,1206,"전라남도 목포시 산정동 1750-8, 1750-20, 1750-21",1522-3232,34.8086337,0,1017,20151217,Z9999@T01@T05@T08@T16@T17@T20@T30@T36@@@T43@T56@T61@T65@T70@T71@P50@T09
목포옥암,전남,목포시,12,1206,전라남도 목포시 옥암동 968-2,1522-3232,34.807386,0,796,20140625,T05@T08@T16@T17@T20@T21@T30@@@@T43@T61@T65@T70@T71
목포평화광장,전남,목포시,12,1206,전라남도 목포시 상동 1159-10번지,1522-3232,34.796986,0,646,20130725,Z9999@T02@T05@T08@T16@T17@T20@T21@T30@T34@T36@@@T43@T51@@T56@T61@T64@T65@T70@T71@P50@T09
목포이마트,전남,목포시,12,1206,전라남도 목포시 옥암동 915-25 목포이마트,1522-3232,34.81108278193234,0,2101,20230317,Z9999@T05@T08@T16@T17@T20@T21@T30@T34@@T43@T51@@T61@T65@T70@T71@P90@T09
목포용해DT,전남,목포시,12,1206,전라남도 목포시 용해동 586-49,1522-3232,34.82215733585917,0,2045,20221103,Z9999@T01@T05@T08@T16@T17@T20@T21@T30@T34@@T51@T56@T61@T65@T70@P90@T09
목포해안로,전남,목포시,12,1206,전라남도 목포시 서산동 25,1522-3232,34.7800525731563,0,2400,20250417,Z9999@T05@T08@T16@T17@T20@T21@T30@T34@T36@@T43@@T51@@T56@T61@T63@T65@T70@T71@P50@P90@T09
목포남악,전남,무안군,12,1207,전라남도 무안군 삼향읍 남악리 2128,1522-3232,34.812982489899824,0,860,20141128,Z9999@T05@T08@T16@T17@T20@T21@T30@T34@@@@T43@T51@T55@T56@T61@T64@T65@T70@T71@T09
전남도청DT,전남,무안군,12,1207,전라남도 무안군 삼향읍 남악리 2150,1522-3232,34.81038647322748,0,1753,20210122,Z9999@T01@T08@T16@T17@T20@T21@T30@T34@@@T43@T56@T61@T65@T70@T09
무안오룡,전남,무안군,12,1207,전라남도 무안군 일로읍 오룡리 428 웨스턴플라자 101 1층,1522-3232,34.79585823398073,0,2461,20250926,Z9999@T05@T08@T16@T17@T20@T21@T30@T34@T36@T43@@T55@T56@T61@@T65@@T70@T71@
순천연향,전남,순천시,12,1208,전라남도 순천시 연향동 1340,1522-3232,34.952252,0,1447,20181213,Z9999@T05@T08@T16@T17@T20@T21@T30@T34@@@@T36@T43@@T56@T61@T64@T65@T70@T71@P90
순천신대,전남,순천시,12,1208,전라남도 순천시 해룡면 신대리 1989-1,1522-3232,34.933472016319136,0,1183,20170316,Z9999@T05@T08@T16@T17@T20@T21@T30@T34@@@T36@@T43@@T56@T61@T64@T65@T70@T71
순천호수공원,전남,순천시,12,1208,"전라남도 순천시 왕지동 876-10 1,2층",1522-3232,34.968146,0,1166,20170119,Z9999@T05@T08@T16@T17@T20@T21@@T30@T34@T36@@@@T43@@T56@T61@T64@T65@T70@T71
순천조례,전남,순천시,12,1208,전라남도 순천시 조례동 1731-1 번지,1522-3232,34.97185561590517,0,402,20110624,Z9999@T02@T05@T08@T16@T17@T20@T21@T30@@@T36@@T43@@T61@T65@T70@T71@P01@P90@T09
순천용당DT,전남,순천시,12,1208,전라남도 순천시 가곡동 336-1,1522-3232,34.9801606,0,1747,20201218,Z9999@T01@T05@T08@T16@T17@T20@T30@T34@T36@@T43@@T56@T61@T65@T70@T71@T09
순천팔마DT,전남,순천시,12,1208,전라남도 순천시 연향동 133,1522-3232,34.935170969412475,0,2056,20221130,Z9999@T01@T05@T08@T16@T17@T20@T21@T30@T34@@T51@T56@T61@T64@T65@T70@T09
순천이마트,전남,순천시,12,1208,전라남도 순천시 덕암동 169 (주)이마트,1522-3232,34.94260473206412,0,1899,20211209,T05@T08@T16@T17@T20@T30@T34@T36@@T43@T51@T56@T61@T65@T70@T71@P40@T09
순천왕지DT,전남,순천시,12,1208,"전라남도 순천시 조례동 357-8,357-33, 산 43-14 총 3필지",1522-3232,34.9581451308006,0,2406,20250514,Z9999@T01@T05@T08@T16@T17@T20@T21@T30@T34@T36@T43@T51@T56@T61@T63@T64@T65@T70@T71@P01@T09
순천오천,전남,순천시,12,1208,전라남도 순천시 풍덕동 1757-1,1522-3232,34.93713778929824,0,2186,20230925,Z9999@T05@T08@T16@T17@T20@T21@T30@T34@@T43@T51@@T56@T61@T64@T65@T70@T71@T09
여수해양공원,전남,여수시,12,1210,전라남도 여수시 종화동 497,1522-3232,34.738437,0,1520,20190628,Z9999@T05@T08@T16@T17@T20@T30@@T36@@@T43@T56@T61@T64@T65@T70@T71
여수학동DT,전남,여수시,12,1210,"전라남도 여수시 학동 67-6, 18, 19",1522-3232,34.761510,0,1646,20200521,Z9999@T01@T05@T08@T16@T17@T20@T21@T30@T34@@T36@@T43@T56@T61@T65@T70@T71@P90
여수웅천,전남,여수시,12,1210,"전라남도 여수시 웅천동 1696-3, 105,106,107,203호",1522-3232,34.746166,0,1271,20170914,Z9999@T05@T08@T16@T17@T20@T21@T30@T34@@@@T36@T43@T61@T64@T65@T70@T71
여수둔덕DT,전남,여수시,12,1210,전라남도 여수시 둔덕동 491-1,1522-3232,34.768947,0,1089,20160630,Z9999@T01@T05@T08@T16@T17@T20@T21@T30@T34@@T36@@@T43@T51@T56@T61@T65@T70@T71@T09
여수여서,전남,여수시,12,1210,전라남도 여수시 여서동 213-6 1~2층,1522-3232,34.752883,0,745,20140307,Z9999@T02@T05@T08@T16@T17@T20@T30@@T36@@@T43@T51@T61@T64@T65@T70@T71
여수여천,전남,여수시,12,1210,전라남도 여수시 학동 84-5,1522-3232,34.75984,0,457,20111209,Z9999@T05@T08@T16@T17@T20@T21@T30@T34@@T36@@@T43@T56@T61@T64@T65@T70@T71
더여수돌산DT,전남,여수시,12,1210,전라남도 여수시 돌산읍 우두리 697-20,1522-3232,34.727515,0,2158,20230811,T01@T05@T08@T16@T17@T20@T21@T30@T34@@T47@T51@T56@T61@T61@T65@T70@T72@P01@P50@T09
여수죽림,전남,여수시,12,1210,"전라남도 여수시 소라면 죽림리 1180-3, 1180-1",1522-3232,34.7616208,0,2350,20241128,Z9999@T05@T08@T16@T17@T20@T21@T30@T34@T36@T43@T51@T56@T61@T64@T65@T67@T70@T71@P90
여수신월DT,전남,여수시,12,1210,전라남도 여수시 신월동 105-2,1522-3232,34.72469427,0,1792,20210415,Z9999@T01@T02@T05@T08@T16@T17@T20@T30@T34@T36@@T43@T56@T61@T65@T70@T71@T09
여수마리나,전남,여수시,12,1210,전라남도 여수시 웅천동 1881-4,1522-3232,34.74037053,0,1777,20210318,Z9999@T05@T08@T16@T17@T20@T21@T30@T34@T36@@@T43@T61@T64@T65@T70@T71@T09
전남화순DT,전남,화순군,12,1216,전라남도 화순군 화순읍 신기리 334-1,1522-3232,35.0685265672376,0,1906,20211216,Z9999@T01@T05@T08@T16@T17@T20@T30@T34@@@T51@T56@T61@T65@T70@P90@T09
전남나주,전남,나주시,12,1219,"전라남도 나주시 빛가람동 196-5 103,103,105,106호",1522-3232,35.022514,0,1142,20161216,Z9999@T05@T08@T16@T17@T20@T21@@T30@T34@@@@T43@@T56@T61@T64@T65@T70@T71
나주금성관,전남,나주시,12,1219,"전라남도 나주시 중앙동 48-13, 48-30, 48-31, 48-32",1522-3232,35.03198550759988,0,2535,20260430,T05@T08@T16@T17@T20@T21@T30@T34@T43@T51@T56@T64@T65@T70@T71
나주혁신DT,전남,나주시,12,1219,전라남도 나주시 빛가람동 904,1522-3232,35.02127159938712,0,1680,20200807,Z9999@T01@T05@T08@T16@T17@T20@T21@T30@T34@@@T56@T61@T65@T70@P90@T09
전북김제DT,전북,김제시,13,1302,전북특별자치도 김제시 검산동 895-86,1522-3232,35.806162378081,0,2063,20221221,Z9999@T01@T05@T08@T16@T17@T20@T30@T34@@T36@T43@T51@@T56@T61@T65@T70@P90@T09
전북남원DT,전북,남원시,13,1303,전북특별자치도 남원시 쌍교동 58-6,1522-3232,35.4038734001655,0,2072,20221222,Z9999@T01@T05@T08@T16@T17@T20@T30@T34@@T36@T51@T56@T61@T65@T70@T09
익산모현,전북,익산시,13,1306,전북특별자치도 익산시 모현동1가 320,1522-3232,35.948353,0,1469,20190214,Z9999@T05@T08@T16@T17@T20@T21@T30@T34@@@@T36@T43@@T56@T61@T64@T65@T70@T71@P90@T09
익산영등DT,전북,익산시,13,1306,전북특별자치도 익산시 영등동 340-11,1522-3232,35.959316,0,1148,20161222,Z9999@T01@T05@T08@T16@T17@T20@T30@T34@@T36@@@T51@T56@T61@T65@T70@P70@P90@T09
익산영등,전북,익산시,13,1306,전북특별자치도 익산시 영등동 149-1 CGV익산,1522-3232,35.958206,0,489,20120309,Z9999@T05@T08@T16@T17@T20@T21@T30@@T36@@@T43@@T56@T61@T64@T65@T70@T71@P40@P90@T09
익산어양,전북,익산시,13,1306,전북특별자치도 익산시 영등동 816-4,1522-3232,35.964546872284096,0,2172,20230825,Z9999@T05@T08@T16@T17@T20@T30@T34@@T36@T51@T56@T61@T64@T65@T70@T09
익산부송,전북,익산시,13,1306,전북특별자치도 익산시 부송동 1066-4,1522-3232,35.9550207765194,0,2441,20250829,Z9999@T05@T08@T16@T17@T20@T21@T30@T34@T36@T51@T56@T61@T64@T65@T70@P90@T09
익산원광대,전북,익산시,13,1306,전북특별자치도 익산시 신동 762-17,1522-3232,35.9638622026323,0,2499,20251218,Z9999@T05@T08@T16@T17@T20@T21@T30@T34@T43@T51@T56@T61@T64@T65@T70@T71@P20@P90
익산동산DT,전북,익산시,13,1306,전북특별자치도 익산시 동산동 604-9,1522-3232,35.9289580054947,0,1907,20211217,Z9999@T01@T05@T08@T16@T17@T20@T30@T34@@@T51@T56@T61@T65@T70@P90@T09
전주송천DT,전북,전주시 덕진구,13,1308,"전북특별자치도 전주시 덕진구 송천동2가 487, 488",1522-3232,35.867469,0,1492,20190430,Z9999@T01@T05@T08@T16@T17@T20@T21@T30@T34@T36@@@T43@@T56@T61@T65@T70@T71@P90@T09
전북대병원DT,전북,전주시 덕진구,13,1308,전북특별자치도 전주시 덕진구 금암동 1552-19,1522-3232,35.841632617452205,0,1563,20191031,Z9999@T01@T05@T08@T16@T17@T20@T21@T30@T34@@T36@T43@@T56@T61@T65@T70@T71@P20@P70@P90@T09
전주혁신도시,전북,전주시 덕진구,13,1308,"전북특별자치도 전주시 덕진구 중동 774-3, 103호,104호,105호",1522-3232,35.83811,0,1358,20180406,Z9999@T05@T08@T16@T17@T20@T21@T30@@@T36@@T43@@T56@T61@T64@T65@T70@T71@P90@T09
전주덕진광장DT,전북,전주시 덕진구,13,1308,전북특별자치도 전주시 덕진구 덕진동1가 1275-22,1522-3232,35.842878,0,1298,20171129,Z9999@T01@T05@T08@T16@T17@T20@T21@T30@@T36@T56@T61@T65@T70@P20@P90@T09
전북대,전북,전주시 덕진구,13,1308,전북특별자치도 전주시 덕진구 덕진동1가 1263-3,1522-3232,35.84301590170121,0,524,20120531,Z9999@T05@T08@T16@T17@T20@T21@T30@T34@@@T36@@T43@T51@@T56@T61@T63@T64@T65@T70@T71@P20@P90
전주에코DT,전북,전주시 덕진구,13,1308,전북특별자치도 전주시 덕진구 전미동1가 13-4,1522-3232,35.8822190627008,0,2209,20231110,Z9999@T01@T05@T08@T16@T17@T20@T21@T30@T34@@T47@T51@T56@T61@T65@T70@P01@P90@T09
전북대병원,전북,전주시 덕진구,13,1308,전북특별자치도 전주시 덕진구 금암동 634-18 전북대학교병원 본관 1층,1522-3232,35.84660896106807,0,2491,20251218,T05@T08@T16@T17@T20@T21@T30@T34@T36@T43@T51@T56@T61@T65@T70@T71@T74@P70
전주에코시티,전북,전주시 덕진구,13,1308,전북특별자치도 전주시 덕진구 송천동2가 1329-1 로마네시티 현대썬앤빌 전주,1522-3232,35.8730804271739,0,1865,20211007,T05@T08@T16@T17@T20@T21@T30@T34@@@T43@T51@@T56@T61@T64@T65@T70@T71@P01@T09
전주인후DT,전북,전주시 덕진구,13,1308,"전북특별자치도 전주시 덕진구 인후동1가 914-7, 914-8, 914-9",1522-3232,35.8257449660112,0,1735,20201210,Z9999@T01@T05@T08@T16@T17@T20@T21@T30@T34@@T36@T43@@T56@T61@T65@T70@T71@P90@T09
전주호성DT,전북,전주시 덕진구,13,1308,전북특별자치도 전주시 덕진구 호성동1가 586,1522-3232,35.863629148295,0,1952,20220331,Z9999@T01@T05@T08@T16@T17@T20@T21@T30@T34@@T36@T51@T56@T61@T65@T70@T09
전주만성DT,전북,전주시 덕진구,13,1308,전북특별자치도 전주시 덕진구 만성동 581,1522-3232,35.8366124098115,0,2182,20230914,Z9999@T01@T05@T08@T16@T17@T20@T30@T34@@T36@T43@T51@@T56@T61@T65@T70@T71@P01@P90@T09
전주IC DT,전북,전주시 덕진구,13,1308,전북특별자치도 전주시 덕진구 여의동 654-2,1522-3232,35.8680183497423,0,1820,20210617,Z9999@T01@T05@T08@T16@T17@T20@T21@T30@T34@@T36@@T51@T56@T61@T65@T70@T09
전주아중DT,전북,전주시 덕진구,13,1308,전북특별자치도 전주시 덕진구 우아동1가 908-1,1522-3232,35.8282296650829,0,2277,20240628,Z9999@T01@T05@T08@T16@T17@T20@T21@T30@T34@T36@T43@T51@@T56@T61@T65@T70@T71@P70@P90@T09
전주시청,전북,전주시 완산구,13,1309,전북특별자치도 전주시 완산구 서노송동 568-95 대우빌딩,1522-3232,35.8256779268313,0,2185,20230915,T05@T08@T16@T17@T20@T21@T30@T34@T36@@T43@T51@@T56@T61@T64@T65@T70@T71
전주평화DT,전북,전주시 완산구,13,1309,전북특별자치도 전주시 완산구 평화동2가 300-1,1522-3232,35.788482,0,1374,20180621,Z9999@T01@T05@T08@T16@T17@T20@T21@T30@@T56@T61@T65@T70@P90@T09
전주백제대로DT,전북,전주시 완산구,13,1309,전북특별자치도 전주시 완산구 중화산동2가 648,1522-3232,35.814654,0,1371,20180614,Z9999@T01@T05@T08@T16@T17@T20@T21@T30@@@@T43@@T56@T61@T65@T70@T71@P90@T09
전주효자DT,전북,전주시 완산구,13,1309,전북특별자치도 전주시 완산구 효자동1가 410-6,1522-3232,35.805550225683085,0,992,20151015,Z9999@T01@T02@T05@T08@T16@T17@T20@T21@T30@T34@@@@T43@@T56@T61@T65@T70@T71@T09
전주서신,전북,전주시 완산구,13,1309,전북특별자치도 전주시 완산구 서신동 964-6,1522-3232,35.8345971,0,1018,20151222,Z9999@T05@T08@T16@T17@T20@T21@T30@@@T36@@T43@@T56@T61@T64@T65@T70@T71@T09
전주홍산로,전북,전주시 완산구,13,1309,전북특별자치도 전주시 완산구 효자동2가 1154-3,1522-3232,35.8148196326794,0,916,20150423,Z9999@T05@T08@T16@T17@T20@T21@T30@@@@T43@@T61@T65@T70@T71
전주한옥마을,전북,전주시 완산구,13,1309,전북특별자치도 전주시 완산구 전동 187-9,1522-3232,35.81345219113975,0,907,20150326,Z9999@T03@T05@T08@T16@T17@T20@T21@T30@@@T36@T43@@T56@T61@T65@T70@T71
전북도청,전북,전주시 완산구,13,1309,전북특별자치도 전주시 완산구 효자동3가 1541-7,1522-3232,35.81562810656606,0,764,20140416,Z9999@T05@T08@T16@T17@T20@T21@T30@T34@@@@T43@T51@@T56@T61@T64@T65@T70@T71@T09
전주경원,전북,전주시 완산구,13,1309,전북특별자치도 전주시 완산구 고사동 142-2,1522-3232,35.819775,0,470,20120106,Z9999@T05@T08@T16@T17@T20@T30@@@@T43@@T56@T61@T64@T65@T70@T71
전주신시가지,전북,전주시 완산구,13,1309,전북특별자치도 전주시 완산구 효자동2가 1233-2,1522-3232,35.817258,0,1717,20201015,T05@T08@T16@T17@T20@T21@T30@T34@@@T36@T43@@T56@T61@T65@T70@T71@P90
전주이마트,전북,전주시 완산구,13,1309,전북특별자치도 전주시 완산구 서신동 767 E마트,1522-3232,35.83232,0,2092,20230216,Z9999@T05@T08@T16@T17@T20@T30@T34@T36@@T43@T51@@T56@T61@T64@T65@T70@T71@P40@T09
전주효천DT,전북,전주시 완산구,13,1309,전북특별자치도 전주시 완산구 효자동2가 778-2,1522-3232,35.8007884975074,0,1861,20210826,Z9999@T01@T05@T08@T16@T17@T20@T21@T30@T34@@@T51@T56@T61@T65@T70@P90@T09
전주예수병원,전북,전주시 완산구,13,1309,전북특별자치도 전주시 완산구 중화산동1가 303-7,1522-3232,35.8133390781987,0,2357,20241224,T05@T08@T16@T17@T20@T21@T30@T34@T36@T43@T51@@T56@T61@T65@T70@T71@P70
전북정읍DT,전북,정읍시,13,1310,전북특별자치도 정읍시 수성동 449-1,1522-3232,35.5705106797811,0,1225,20170525,Z9999@T01@T05@T08@T16@T17@T20@T30@@T36@@@T56@T61@T65@T70@P90@T09
군산나운DT,전북,군산시,13,1312,전북특별자치도 군산시 나운동 843-6,1522-3232,35.962771,0,1570,20191115,Z9999@T01@T05@T08@T16@T17@T20@T21@T30@T34@@@T36@@T56@T61@T64@T65@T70@P90@T09
군산수송,전북,군산시,13,1312,전북특별자치도 군산시 수송동 850,1522-3232,35.964213,0,460,20111220,Z9999@T05@T08@T16@T17@T20@T21@T30@T34@@T36@@@T43@T56@T61@T64@T65@T70@T71@P90@T09
군산대,전북,군산시,13,1312,전북특별자치도 군산시 미룡동 872-4,1522-3232,35.945739,0,557,20120926,Z9999@T02@T05@T08@T16@T17@T20@T21@T30@T34@@@@T36@T43@@T56@T61@T64@T65@T70@T71@P20@P90
군산경포천,전북,군산시,13,1312,전북특별자치도 군산시 미장동 51-7 1층,1522-3232,35.9687021237022,0,2443,20250829,Z9999@T05@T08@T16@T17@T20@T21@T30@T34@T36@T43@T51@T56@T61@T64@T65@T70@T71@P90@T09
군산이마트,전북,군산시,13,1312,전북특별자치도 군산시 경암동 590-296 이마트,1522-3232,35.98267704587059,0,2109,20230323,Z9999@T05@T08@T16@T17@T20@T30@T34@T36@@T43@T51@T56@T61@T64@T65@T70@T71@T09
군산조촌DT,전북,군산시,13,1312,전북특별자치도 군산시 조촌동 893-2,1522-3232,35.9669574466243,0,1876,20211209,Z9999@T01@T05@T08@T16@T17@T20@T21@T30@T34@T36@@@T51@T56@T61@T64@T65@T70@P90@T09
군산수송DT,전북,군산시,13,1312,전북특별자치도 군산시 수송동 50-29,1522-3232,35.9588366660423,0,1755,20210121,Z9999@T01@T05@T08@T16@T17@T20@T21@T30@T34@T36@@@T56@T61@T64@T65@T70@T09
군산디오션시티DT,전북,군산시,13,1312,전북특별자치도 군산시 조촌동 664-2,1522-3232,35.9795039749136,0,2391,20250326,Z9999@T01@T05@T08@T16@T17@T20@T21@T30@T34@T36@T43@T51@T56@T61@T65@T70@T71@P90@T09
공주동학사DT,충남,공주시,14,1401,"충청남도 공주시 반포면 학봉리 436-1, 435-5, 439-1, 441-12, 814-14",1522-3232,36.3633600,0,1457,20181227,T01@T05@T08@T16@T17@T20@T30@@T36@@@T56@T60@T65@T69@P90@T09
공주신관,충남,공주시,14,1401,충청남도 공주시 신관동 265-17 1~2층,1522-3232,36.474648,0,749,20140324,T02@T05@T08@T16@T17@T20@T21@T30@T36@@T43@T51@@T56@T60@T64@T65@T69@T71@P20
공주DT,충남,공주시,14,1401,"충청남도 공주시 신관동 46, 46-2",1522-3232,36.46815,0,1890,20211203,Z9999@T01@T05@T08@T16@T17@T20@T30@T34@@@T43@T51@T56@T60@T65@T69@T71@P20@T09
논산중앙,충남,논산시,14,1403,충청남도 논산시 취암동 1061-10,1522-3232,36.2012496,0,977,20150911,Z9999@T05@T08@T16@T17@T20@T30@@@T36@@T43@T56@T60@T64@T65@T70@T71@P90@T09
논산내동DT,충남,논산시,14,1403,충청남도 논산시 내동 484-10,1522-3232,36.18212516106516,0,1726,20201112,Z9999@T01@T05@T08@T16@T17@T20@T30@T34@@T36@@T43@T56@T60@T65@T70@T71@P90@T09
충남보령DT,충남,보령시,14,1404,충청남도 보령시 궁촌동 133-1,1522-3232,36.3410893656562,0,1579,20191128,Z9999@T01@T02@T05@T08@T16@T17@T20@T30@T34@T36@@T43@T56@T60@T65@T70@T71@P60@T09
대천해수욕장,충남,보령시,14,1404,"충청남도 보령시 신흑동 2277-5,6",1522-3232,36.3149238801881,0,2093,20230223,Z9999@T05@T08@T16@T17@T20@T27@T30@T34@T36@@T47@T51@T56@T60@T64@T70@P50@T09
충남부여DT,충남,부여군,14,1405,"충청남도 부여군 부여읍 쌍북리 568-24, 27",1522-3232,36.28406475304308,0,2293,20240814,Z9999@T01@T05@T08@T16@T17@T20@T30@T34@T36@T51@T56@T60@T63@T65@T70@P90@T09
서산예천DT,충남,서산시 ,14,1406,충청남도 서산시 예천동 696-7,1522-3232,36.771727,0,1368,20180525,Z9999@T01@T05@T08@T16@T17@T20@T30@T34@@@T36@T43@T56@T60@T65@T69@T71@P90@T09
서산호수,충남,서산시 ,14,1406,충청남도 서산시 읍내동 38-5 1~2층,1522-3232,36.776653,0,692,20131121,Z9999@T05@T08@T16@T17@T20@T21@T30@T34@@T36@@T43@T56@T60@T64@T65@T69@T71
서산석남DT,충남,서산시 ,14,1406,충청남도 서산시 석남동 134,1522-3232,36.7648477270285,0,2178,20230915,Z9999@T01@T05@T08@T16@T17@T20@T21@T30@T34@@T36@T43@T51@T56@T60@T65@T69@T71@P90@T09
천안신부,충남,천안시 동남구,14,1409,충청남도 천안시 동남구 신부동 354-1 아라리오갤러리,1522-3232,36.819309,0,1488,20190426,Z9999@@T05@T08@T16@T17@T20@T21@T22@@@@T30@@@T36@@T43@T55@@T56@T60@T64@T65@T69@T71@T09
천안청당,충남,천안시 동남구,14,1409,충청남도 천안시 동남구 청당동 552,1522-3232,36.78575221007555,0,1295,20171121,Z9999@T05@T08@T16@T17@T20@T21@T30@T34@@@T36@@T43@@T56@T60@T64@T65@T69@T71@T09
천안안서,충남,천안시 동남구,14,1409,충청남도 천안시 동남구 안서동 231-3,1522-3232,36.830087,0,1202,20170412,T05@T08@T16@T17@T20@T21@T30@T34@@@@T36@T43@@T55@T56@T60@T64@T65@T69@T71@P20@T09
천안IC DT,충남,천안시 동남구,14,1409,"충청남도 천안시 동남구 신부동 495-1, 495-2, 495-12",1522-3232,36.82025,0,1107,20160909,Z9999@T01@T02@T05@T08@T16@T17@T20@T30@T34@@@@T36@T43@T51@@T56@T60@T65@T69@T71@P90@T09
천안원성DT,충남,천안시 동남구,14,1409,충청남도 천안시 동남구 원성동 115-3,1522-3232,36.8040108191267,0,2147,20230629,T01@T05@T08@T16@T17@T20@T21@T30@T34@T36@@T43@T51@T55@@T56@T60@T65@T69@T71@P90@T09
천안남부대로DT,충남,천안시 동남구,14,1409,충청남도 천안시 동남구 신방동 110 현대자동차서비스,1522-3232,36.7858511249574,0,2408,20250530,Z9999@T01@T05@T08@T16@T17@T20@T21@T30@T34@T36@T43@T51@T55@T56@T60@T63@T65@T69@T71@T09
신세계천안아산,충남,천안시 동남구,14,1409,충청남도 천안시 동남구 신부동 354-1 신세계백화점천안아산점천안종합버스터미널,1522-3232,36.819341,0,2016,20220805,Z9999@T05@T08@T16@T17@T20@T21@T30@T34@@T36@T51@T56@T60@T64@T65@T69@P40@P60@P90@T09
천안청당신도시,충남,천안시 동남구,14,1409,"충청남도 천안시 동남구 청당동 155-6,158-1,155-5 청당스타빌딩, 1층 일부",1522-3232,36.78137667727904,0,2073,20230106,Z9999@T05@T08@T16@T17@T20@T21@T30@T34@@T36@T43@T51@@T55@T56@T60@T64@T65@T69@T71@P90@T09
천안대로DT,충남,천안시 동남구,14,1409,충청남도 천안시 동남구 구성동 455-2,1522-3232,36.795121,0,2020,20220831,Z9999@T01@T05@T08@T16@T17@T20@T30@T34@T36@@T51@T56@T60@T65@T69@P90@T09
순천향천안병원,충남,천안시 동남구,14,1409,충청남도 천안시 동남구 봉명동 216-8 순천향대학교천안병원,1522-3232,36.80352609596671,0,2404,20250507,T05@T08@T16@T17@T20@T21@T30@T34@T36@T51@T56@T60@T64@T65@T69@T74@P70@T09
천안단국대호수,충남,천안시 동남구,14,1409,충청남도 천안시 동남구 안서동 522 단국대학교천안캠퍼스 승차대기실 101호,1522-3232,36.832735896746364,0,2553,20260424,T05@T08@T16@T17@T20@T21@T30@T34@T43@T56@T60@T64@T65@T66@T69@T71@P20@T09
천안서북이마트,충남,천안시 서북구,14,1410,충청남도 천안시 서북구 백석동 1047 e마트 1층,1522-3232,36.838876,0,1516,20190628,Z9999@T05@T08@T16@T17@T20@T30@T34@@@@T43@T51@T56@T60@T64@T65@T69@T71@T09
천안백석,충남,천안시 서북구,14,1410,충청남도 천안시 서북구 백석동 148-2,1522-3232,36.823793,0,1602,20200115,Z9999@T05@T08@T16@T17@T20@T21@T30@T34@@@@T43@T56@T60@T65@T69@T71@T09
천안불당DT,충남,천안시 서북구,14,1410,충청남도 천안시 서북구 불당동 1844,1522-3232,36.805399,0,1499,20190523,Z9999@T01@T08@T16@T17@T20@T30@T34@@@@T56@T60@T65@T69@T09
천안서부대로DT,충남,천안시 서북구,14,1410,충청남도 천안시 서북구 서부대로 405,1522-3232,36.8036802750752,0,1477,20190322,Z9999@T01@T05@T08@T16@T17@T20@T30@@@@T43@@T56@T60@T65@T69@T71@P90@T09
천안두정역DT,충남,천안시 서북구,14,1410,충청남도 천안시 서북구 두정동 71-13 성성레이크팰리스모델하우스,1522-3232,36.83287887809728,0,1541,20190906,Z9999@T01@T05@T08@T16@T17@T20@T21@T30@T34@T36@@@T43@T56@T60@T65@T69@T71@T09
천안시청,충남,천안시 서북구,14,1410,충청남도 천안시 서북구 불당동 1525,1522-3232,36.8165367,0,1343,20180222,Z9999@T05@T08@T16@T17@T20@T21@T30@@@@T43@T56@T60@T65@T69@T71@P90@T09
천안쌍용역,충남,천안시 서북구,14,1410,충청남도 천안시 서북구 쌍용동 446-23 북일빌딩,1522-3232,36.793123,0,1242,20170711,Z9999@T05@T08@T16@T17@T20@T21@T30@@@@T43@@T56@T60@T64@T65@T69@T71@T09
천안신불당,충남,천안시 서북구,14,1410,충청남도 천안시 서북구 불당동 1618,1522-3232,36.812323,0,1174,20170223,Z9999@T05@T08@T16@T17@T20@T21@T30@T34@@@T56@T60@T65@T69@T09
천안성정DT,충남,천안시 서북구,14,1410,충청남도 천안시 서북구 성정동 625-3,1522-3232,36.8253941,0,875,20141223,Z9999@T01@T05@T08@T16@T17@T20@T21@@T30@T34@@T36@@T43@@T56@T60@T65@T69@T71@P90@T09
천안불당,충남,천안시 서북구,14,1410,충청남도 천안시 서북구 불당동 739,1522-3232,36.8100104,0,902,20150324,Z9999@T05@T08@T16@T17@T20@T21@T30@T34@T36@@T43@T56@T60@T65@T69@T71@T09
천안두정,충남,천안시 서북구,14,1410,충청남도 천안시 서북구 두정동 975-1,1522-3232,36.833981,0,492,20120322,Z9999@T02@T05@T08@T16@T17@T20@T21@T30@@T36@@@T43@T56@T60@T65@T69@T71@P90@T09
천안이마트,충남,천안시 서북구,14,1410,충청남도 천안시 서북구 쌍용동 191 천안이마트 1층,1522-3232,36.7960306252471,0,385,20110420,Z9999@T05@T08@T16@T17@T20@T30@T34@@@@T36@T43@T51@T56@T60@T63@T64@T65@T69@T71@P40@T09
천안불당신도시,충남,천안시 서북구,14,1410,"충청남도 천안시 서북구 불당동 1491 101,102,103,호",1522-3232,36.8204222189689,0,2234,20240118,Z9999@T05@T08@T16@T17@T20@T21@T30@T34@@T43@T51@T56@T60@T65@T69@T71@T09
천안업성레이크,충남,천안시 서북구,14,1410,충청남도 천안시 서북구 성성동 45-16,1522-3232,36.8455354220818,0,1834,20210716,Z9999@T05@T08@T16@T17@T20@T21@T30@T34@@@T43@T51@T56@T60@T64@T65@T69@T71@T09
갤러리아센터시티,충남,천안시 서북구,14,1410,"충청남도 천안시 서북구 불당동 1299 갤러리아 센터시티, 8F",1522-3232,36.800458713014,0,2313,20240905,T05@T08@T16@T17@T20@T30@T34@T36@T51@T56@T60@T63@T65@T69@P40@T09
천안불당호반,충남,천안시 서북구,14,1410,"충청남도 천안시 서북구 불당동 1829 105,106,107,108호",1522-3232,36.8056802061729,0,2349,20241128,T05@T08@T16@T17@T20@T21@T30@T34@T43@T51@T56@T60@@T64@T65@T67@T69@T71
천안번영로DT,충남,천안시 서북구,14,1410,"충청남도 천안시 서북구 성성동 307, 307-4, 309, 309-4, 309-5",1522-3232,36.8509254572672,0,2334,20241018,Z9999@T01@T05@T08@T16@T17@T20@T21@T30@T34@T36@T43@T51@T56@T60@T65@T69@T71@T09
충남홍성DT,충남,홍성군,14,1412,"충청남도 홍성군 홍성읍 대교리 221-1,221-9 일부",1522-3232,36.6096236304524,0,2066,20221214,Z9999@T01@T05@T08@T16@T17@T20@T21@T30@T34@@T43@T51@T56@T60@T65@T69@T71@T09
충남도청,충남,홍성군,14,1412,"충청남도 홍성군 홍북읍 신경리 589 108,109,110,111호",1522-3232,36.657045070878375,0,1916,20220107,Z9999@T05@T08@T16@T17@T20@T21@T30@T34@@T51@T56@T60@T64@T65@T69@T09
계룡대로DT,충남,계룡시,14,1413,충청남도 계룡시 엄사면 엄사리 284,1522-3232,36.2884647496453,0,1269,20170915,Z9999@T01@T05@T08@T16@T17@T20@T30@T34@@@@T36@T43@T56@T60@T65@T70@P90@T09
계룡대실DT,충남,계룡시,14,1413,충청남도 계룡시 금암동 72-6,1522-3232,36.2682650244775,0,2223,20240112,Z9999@T01@T05@T08@T16@T17@T20@T30@T34@@T43@T51@T56@T60@T65@T70@P90@T09
당진시곡DT,충남,당진시,14,1415,"충청남도 당진시 시곡동 67-2, 67, 56-28, 63-16, 63-40, 66, 68-1, 68-5, 68-8",1522-3232,36.90266947331966,0,1501,20190710,Z9999@T01@T05@T08@T16@T17@T20@T30@@@T36@T43@T56@T60@T65@T69@T71
당진문예의전당,충남,당진시,14,1415,충청남도 당진시 읍내동 1057 1층,1522-3232,36.8912121836197,0,694,20131129,Z9999@T05@T08@T16@T17@T20@T21@T30@@T36@@T43@T56@T60@T64@T65@T69@T71
당진시청,충남,당진시,14,1415,"충청남도 당진시 수청동 1043, 102,103,104,105호",1522-3232,36.8880041580427,0,2309,20240823,Z9999@T05@T08@T16@T17@T20@T21@T30@T34@T36@T43@T51@T56@T60@T63@T64@T65@T69@T71@T09
아산방축DT,충남,아산시,14,1416,충청남도 아산시 방축동 124-5,1522-3232,36.7836506672431,0,1621,20200306,Z9999@T01@T05@T08@T16@T17@T20@T21@T30@T34@T36@@T43@T56@T60@T65@T69@T71@P90@T09
아산배방,충남,아산시,14,1416,충청남도 아산시 배방읍 공수리 1569,1522-3232,36.7748465804454,0,1463,20190129,Z9999@T05@T08@T16@T17@T20@T21@T30@T36@@T43@T56@T60@T64@T65@T69@T71@P70@P80@P90@T09
아산탕정,충남,아산시,14,1416,충청남도 아산시 탕정면 명암리 930-1,1522-3232,36.798663,0,1250,20170727,Z9999@T05@T08@T16@T17@T20@T21@T30@T36@T43@T56@T60@T64@T65@T69@T71@P90
아산용화,충남,아산시,14,1416,충청남도 아산시 용화동 1255,1522-3232,36.774397,0,1169,20170126,Z9999@T05@T08@T16@T17@T20@T21@T30@T36@T43@T56@T60@T64@T65@T69@T71
아산권곡,충남,아산시,14,1416,"충청남도 아산시 권곡동 219-21 101,102,103,104,105호",1522-3232,36.788475472035394,0,1880,20211029,Z9999@T05@T08@T16@T17@T20@T21@T30@T34@T36@@T43@T51@T56@T60@T64@T65@T69@T71@P90@T09
아산탕정역,충남,아산시,14,1416,"충청남도 아산시 탕정면 매곡리 1219 거산타워 104,105,106,107,111호",1522-3232,36.787035538908,0,2083,20230209,Z9999@T05@T08@T16@T17@T20@T21@T30@T34@@T36@T43@T51@T56@T60@T64@T65@T69@T71@P80@P90@T09
아산탕정DT,충남,아산시,14,1416,충청남도 아산시 탕정면 갈산리 163,1522-3232,36.7922433793223,0,2409,20250508,Z9999@T01@T05@T08@T16@T17@T20@T21@T30@T34@T36@T43@T51@@T56@T60@T65@T69@T71@T09
아산모종,충남,아산시,14,1416,충청남도 아산시 모종동 66-2,1522-3232,36.7763001572423,0,2022,20220905,Z9999@T05@T08@T16@T17@T20@T21@T30@T34@T36@@T43@T51@T56@T60@T64@T65@T69@T71@P90@T09
천안아산역,충남,아산시,14,1416,충청남도 아산시 배방읍 장재리 1755 우성메디피아,1522-3232,36.797449669566,0,1947,20220401,Z9999@T05@T08@T16@T17@T20@T21@T30@T34@T36@@T51@T56@T60@T65@T69@T09
충북증평,충북,증평군,15,1505,충청북도 증평군 증평읍 송산리 738,1522-3232,36.78909776404766,0,1535,20190830,Z9999@T05@T08@T16@T17@T20@T30@T34@@@@T43@T56@T60@T64@T65@T69@P90@T09
청주용암DT,충북,청주시 상당구,15,1507,충청북도 청주시 상당구 용암동 1693 행복을 만드는집,1522-3232,36.6075093197585,0,1460,20190130,Z9999@T01@T05@T08@T16@T17@T20@T30@@@@T36@T43@T56@T60@T65@T69@T71@P90@T09
청주용담DT,충북,청주시 상당구,15,1507,충청북도 청주시 상당구 용담동 324-35,1522-3232,36.634172,0,1341,20180223,Z9999@T01@T05@T08@T16@T17@T20@T30@T34@@@T36@@T43@T56@T60@T65@T69@T71@P90@T09
청주서문,충북,청주시 상당구,15,1507,충청북도 청주시 상당구 서문동 150-2번지,1522-3232,36.635373,0,526,20120622,Z9999@T05@T08@T16@T17@T20@T21@T30@T34@@@T36@@T43@T56@T60@T65@T69@T71@P90@T09
충북도청,충북,청주시 상당구,15,1507,"충청북도 청주시 상당구 문화동 93-1 101호, 112호,113호",1522-3232,36.634368538924704,0,2195,20231005,Z9999@T05@T08@T16@T17@T20@T21@T30@T34@@T36@T43@T51@T56@T60@T64@T65@T69@T71@P90@T09
청주동남,충북,청주시 상당구,15,1507,"충청북도 청주시 상당구 용암동 3082 101호, 102호, 103호",1522-3232,36.6154896,0,2176,20230907,Z9999@T05@T08@T16@T17@T20@T21@T30@T34@T36@@T43@T51@T56@T60@T64@T65@T69@T71
충주호암DT,충북,충주시,15,1508,"충청북도 충주시 호암동 653-2, 4",1522-3232,36.95897692587527,0,1597,20191223,Z9999@T01@T05@T08@T16@T17@T20@T30@T34@@@T36@T43@T56@T60@T65@T69@T71@P90@T09
충주시청DT,충북,충주시,15,1508,"충청북도 충주시 금릉동 714, 717, 819",1522-3232,36.99011210425766,0,1372,20180621,Z9999@T01@T05@T08@T16@T17@T20@T30@T34@@@@T56@T60@T65@T69@P90@T09
충주터미널,충북,충주시,15,1508,충청북도 충주시 봉방동 76-1,1522-3232,36.98068593523566,0,1314,20171222,Z9999@T05@T08@T16@T17@T20@T21@T30@@@@T43@T56@T60@T65@T69@T71@P60@P90@T09
충주연수,충북,충주시,15,1508,충청북도 충주시 연수동 1491번지,1522-3232,36.982721,0,603,20130412,T02@T05@T08@T16@T17@T20@T21@T30@@@@T43@T60@T65@T69@T71@P90
충주교현DT,충북,충주시,15,1508,충청북도 충주시 교현동 91,1522-3232,36.966967415787884,0,1943,20220324,Z9999@T01@T05@T08@T16@T17@T20@T30@T34@@T36@T43@T51@T56@T60@T65@T69@T71@P90@T09
충북혁신도시,충북,음성군,15,1509,충청북도 음성군 맹동면 두성리 1374,1522-3232,36.90871152906995,0,1721,20201022,Z9999@T05@T08@T16@T17@T20@T21@T30@T34@T36@@@T43@T56@T60@T64@T65@T69@T71@P90@T09
제천DT,충북,제천시,15,1511,"충청북도 제천시 중앙로2가 68-3, 68-9, 68-11, 68-23",1522-3232,37.14375193082497,0,1407,20180906,Z9999@T01@T05@T08@T16@T17@T20@T30@@@@T43@T56@T60@T65@T69@T71@P90@T09
제천하소DT,충북,제천시,15,1511,"충청북도 제천시 하소동 170-6, 170-25 일부",1522-3232,37.1358712235011,0,2205,20231123,Z9999@T01@T05@T08@T16@T17@T20@T30@T34@@T43@T51@T56@T60@T63@T65@T69@T71@T09
제천장락DT,충북,제천시,15,1511,"충청북도 제천시 장락동 343-3, 342-1",1522-3232,37.149280943631545,0,2299,20240822,Z9999@T01@T05@T08@T16@T17@T20@T30@T34@T36@T43@T51@T56@T60@T63@T65@T69@T71@T09
청주비하DT,충북,청주시 흥덕구,15,1512,"충청북도 청주시 흥덕구 비하동 671-11,671-7",1522-3232,36.63846817214713,0,1599,20200109,Z9999@T01@T05@T08@T16@T17@T20@T21@T30@T34@@T36@@T43@T56@T60@T65@T69@T71@P90@T09
청주오송,충북,청주시 흥덕구,15,1512,충청북도 청주시 흥덕구 오송읍 만수리 535,1522-3232,36.6298029985572,0,1332,20180126,Z9999@T05@T08@T16@T17@T20@T21@T30@@T36@@@T43@T56@T60@T64@T65@T69@T71@P90@T09
청주봉명DT,충북,청주시 흥덕구,15,1512,충청북도 청주시 흥덕구 봉명동 1404 SK주유소,1522-3232,36.6467676117862,0,1059,20160429,Z9999@T01@T05@T08@T16@T17@T20@T30@T34@T36@@T43@T51@T56@T60@T63@T65@T69@T71@T09
청주강서,충북,청주시 흥덕구,15,1512,충청북도 청주시 흥덕구 강서동 478,1522-3232,36.62536591601303,0,755,20140328,Z9999@T05@T08@T16@T17@@T20@T21@T30@@@@T43@T56@T60@T65@T69@T71@P90
청주지웰시티,충북,청주시 흥덕구,15,1512,충청북도 청주시 흥덕구 복대동 3379 신영지웰시티 1차 상업시설,1522-3232,36.6436572793558,0,356,20101208,Z9999@T05@T08@T16@T17@T20@T30@T34@T36@@@T43@T51@T56@T60@T64@T65@T69@T71@P90@T09
현대충청,충북,청주시 흥덕구,15,1512,충청북도 청주시 흥덕구 복대동 3380,1522-3232,36.644407,0,542,20120822,T05@T08@T16@T17@T20@T30@T34@@@@T36@T51@T56@T60@T64@T65@T69@P40@T09
청주터미널,충북,청주시 흥덕구,15,1512,충청북도 청주시 흥덕구 가경동 1416-2 번지,1522-3232,36.6263676178251,0,409,20110720,Z9999@T05@T08@T16@T17@T20@T21@T30@T36@@@@T56@T60@T65@T69@P60@P90@T09
커넥트현대청주,충북,청주시 흥덕구,15,1512,충청북도 청주시 흥덕구 가경동 1416 청주센트럴시티(터미널복합) G층,1522-3232,36.62681647013941,0,2425,20250624,T05@T08@T16@T17@T20@T21@T30@T34@T51@T56@T60@T63@T65@T69@P40@T09
오송바이오산업단지,충북,청주시 흥덕구,15,1512,충청북도 청주시 흥덕구 오송읍 연제리 674,1522-3232,36.6326194371358,0,2117,20230406,Z9999@T05@T08@T16@T17@T20@T21@T30@T34@T36@@T43@T51@T56@T60@T64@T65@T69@T71@P90@T09
청주서현,충북,청주시 흥덕구,15,1512,충청북도 청주시 흥덕구 가경동 2270,1522-3232,36.61781159214528,0,2104,20230323,Z9999@T05@T08@T16@T17@T20@T21@T30@T34@T36@@T43@T51@T56@T60@T65@T69@T71@P90@T09
청주복대지웰,충북,청주시 흥덕구,15,1512,충청북도 청주시 흥덕구 복대동 288-116,1522-3232,36.64165478986967,0,1761,20210128,Z9999@T05@T08@T16@T17@T20@T21@T30@T34@@T36@T43@T56@T60@T65@T69@T71@P90@T09
오송파라곤,충북,청주시 흥덕구,15,1512,"충청북도 청주시 흥덕구 오송읍 봉산리 991 103호, 104호",1522-3232,36.61982360804547,0,2270,20240605,Z9999@T05@T08@T16@T17@T20@T21@T30@T34@T36@T43@T51@T56@T60@T65@T69@T71@T09
청주이마트,충북,청주시 서원구,15,1513,충청북도 청주시 서원구 미평동 123-1 이.마트,1522-3232,36.6011458,0,1608,20200123,T05@T08@T16@T17@T20@T30@T34@@@T36@@T43@T56@T60@T65@T69@T71@P40@P90@T09
청주사직DT,충북,청주시 서원구,15,1513,충청북도 청주시 서원구 사직동 125,1522-3232,36.63590622855546,0,1448,20181221,Z9999@T01@T05@T08@T16@T17@T20@T30@T34@@@T36@@T43@T56@T60@T65@T69@T71@P90@T09
청주성화,충북,청주시 서원구,15,1513,충청북도 청주시 서원구 개신동 702,1522-3232,36.6176114,0,983,20150923,Z9999@T02@T05@T08@T16@T17@@T20@T21@T30@T34@@T36@T43@T56@T60@T65@T69@T71@T09
충북대,충북,청주시 서원구,15,1513,충청북도 청주시 서원구 사창동 155-9,1522-3232,36.633965,0,563,20121030,Z9999@T05@T08@T16@T17@T20@T21@T30@T34@@T36@T43@T56@T60@T64@T65@T69@T71@P20
충북대학교병원,충북,청주시 서원구,15,1513,충청북도 청주시 서원구 개신동 62 충북대학교병원 로비2층,1522-3232,36.62393852300332,0,2281,20240704,T05@T08@T16@T17@T20@T21@T30@T34@T36@T51@T56@T60@T65@T69@P70@T09
청주분평DT,충북,청주시 서원구,15,1513,충청북도 청주시 서원구 분평동 534,1522-3232,36.605664,0,1904,20211209,Z9999@T01@T05@T08@T16@T17@T20@T30@T34@@T36@@T51@T56@T60@T65@T69@P90@T09
충북대캠퍼스,충북,청주시 서원구,15,1513,충청북도 청주시 서원구 개신동 12 충북대학교 제1학생회관 1층,1522-3232,36.627594766636975,0,2310,20240911,Z9999@T05@T08@T16@T17@T20@T21@T30@T34@T36@T43@T51@T56@T60@T64@T65@T67@T69@T71@P20@T09
오창호수공원,충북,청주시 청원구,15,1514,충청북도 청주시 청원구 오창읍 양청리 820-2,1522-3232,36.712751,0,1134,20161116,Z9999@T05@T08@T16@T17@T20@T21@T30@T34@@T36@@@T43@T56@T60@T65@T69@T71@P90@T09
청주율량DT,충북,청주시 청원구,15,1514,충청북도 청주시 청원구 율량동 1068,1522-3232,36.66623,0,995,20151022,Z9999@T01@T05@T08@T16@T17@T20@T30@T34@@T36@@T43@T51@T56@T60@T65@T69@T71@P90@T09
오창과학단지,충북,청주시 청원구,15,1514,충청북도 청주시 청원구 오창읍 양청리 752-1,1522-3232,36.716466,0,621,20130523,Z9999@T05@T08@T16@T17@T20@T21@T30@T34@T36@@@@T43@T56@T60@T65@T69@T71@P90@T09
청주주성,충북,청주시 청원구,15,1514,충청북도 청주시 청원구 주성동 354,1522-3232,36.671428,0,2242,20240229,Z9999@T05@T08@T16@T17@T20@T21@T30@T34@@T43@T51@T56@T60@T65@T69@T71@T09
오창2산단,충북,청주시 청원구,15,1514,충청북도 청주시 청원구 오창읍 주성리 643,1522-3232,36.732083958975075,0,2296,20240808,T05@T08@T16@T17@T20@T21@T30@T34@T36@T43@T51@T56@T60@T63@T65@T69@T71@P90
충북진천DT,충북,진천군,15,1515,충청북도 진천군 진천읍 장관리 87-13,1522-3232,36.8630515727968,0,2516,20260213,Z9999@T01@T05@T08@T16@T17@T20@T21@T30@T34@T43@T51@T56@T60@T65@P90@T09
충북혁신덕산,충북,진천군,15,1515,충청북도 진천군 덕산읍 두촌리 2754,1522-3232,36.89956581505604,0,2127,20230504,Z9999@T05@T08@T16@T17@T20@T21@T30@T34@T36@T43@T51@T56@T60@T65@T69@T71@P90@T09
제주신화월드R,제주,서귀포시,16,1601,제주특별자치도 서귀포시 안덕면 서광리 산24,1522-3232,33.305822863641104,0,1318,20171221,Z9999@T03@T05@T16@T17@T20@T26@T28@T29@T30@T34@@@@@T37@T39@T42@T56@T64@T65@T69@P30@T09
제주에듀시티,제주,서귀포시,16,1601,제주특별자치도 서귀포시 대정읍 보성리 2372 101호,1522-3232,33.291788,0,1229,20170531,T05@T17@T20@T28@T30@@@@T43@T56@T64@T65@T69@P90
제주성산DT,제주,서귀포시,16,1601,제주특별자치도 서귀포시 성산읍 고성리 238,1522-3232,33.449718,0,1197,20170329,Z9999@T01@T05@T17@T20@T28@T30@T36@@@@T43@T56@T65@T69@P50@T09
제주중문DT,제주,서귀포시,16,1601,제주특별자치도 서귀포시 색달동 2476-1,1522-3232,33.255226,0,950,20150715,Z9999@T01@T05@T17@T20@T28@T30@@T36@@@T43@T51@T56@T65@T69@T71@P90@T09
제주송악산,제주,서귀포시,16,1601,제주특별자치도 서귀포시 대정읍 상모리 133,1522-3232,33.2067772259681,0,748,20140320,T05@T17@T20@T28@T30@@T36@@@T56@T65@T69@P50@P90@T09
서귀포DT,제주,서귀포시,16,1601,제주특별자치도 서귀포시 강정동 246,1522-3232,33.2492775,0,972,20150819,Z9999@T01@T05@T17@T20@T28@T30@T34@@@@T43@T51@T56@T65@T69@T71@P90@T09
성산일출봉,제주,서귀포시,16,1601,"제주특별자치도 서귀포시 성산읍 성산리 109-11 1,2층",1522-3232,33.462865,0,547,20120905,T05@T17@T20@T28@T30@T34@@T36@@T43@T51@T56@T65@T69@P50@P90@T09
제주중문,제주,서귀포시,16,1601,제주특별자치도 서귀포시 색달동 2864-2번지,1522-3232,33.251128,0,521,20120525,T05@T17@T20@T28@T30@T34@@@@T36@T43@T51@T56@T64@T65@T69@T71@T73@P90@T09
서귀포올레,제주,서귀포시,16,1601,제주특별자치도 서귀포시 서귀동 274-6 동명백화점,1522-3232,33.2483024645772,0,1935,20220401,Z9999@T05@T17@T20@T21@T28@T30@T34@@T36@T51@T56@T64@T65@T69@T73@P90@T09
그랜드조선제주,제주,서귀포시,16,1601,"제주특별자치도 서귀포시 색달동 2101, 본관 RF",1522-3232,33.252337636562935,0,2505,20251226,Z9999@T05@T16@T17@T20@T21@T28@T30@T34@T47@T51@T56@T68@T69@P30@T09
제주서귀포토평DT,제주,서귀포시,16,1601,제주특별자치도 서귀포시 토평동 867-1,1522-3232,33.255207,0,2381,20250424,Z9999@T01@T05@T17@T20@T21@T28@T30@T34@T43@T51@T56@T65@T69@T71@T09
제주모슬포DT,제주,서귀포시,16,1601,제주특별자치도 서귀포시 대정읍 상모리 3837,1522-3232,33.2272873,0,2267,20240604,T01@T05@T17@T20@T21@T28@T30@T34@T36@T43@T51@T56@T65@T69@P01@T09
제주서귀포남원DT,제주,서귀포시,16,1601,제주특별자치도 서귀포시 남원읍 남원리 164,1522-3232,33.2828825,0,2124,20230420,T01@T05@T17@T20@T21@T28@T30@T34@@T51@T56@T65@T69@T09
제주도남DT,제주,제주시,16,1602,제주특별자치도 제주시 도남동 351-7,1522-3232,33.4803417,0,1581,20191212,Z9999@T01@T05@T17@T20@T28@T30@T34@@T36@T43@T56@T65@T69@T71@T09
제주협재,제주,제주시,16,1602,제주특별자치도 제주시 한림읍 협재리 2445-1,1522-3232,33.393839,0,1578,20191206,T05@T17@T20@@T28@T30@T34@T36@@T43@T56@@T65@T69@T71@P50@P90@T09
제주외도DT,제주,제주시,16,1602,제주특별자치도 제주시 외도일동 401-1,1522-3232,33.4923328892,0,1567,20191120,Z9999@T01@T05@T17@T20@T28@T30@T34@@T36@T56@T65@T69@P90@T09
제주삼화DT,제주,제주시,16,1602,"제주특별자치도 제주시 도련일동 2191-2, 2191-8",1522-3232,33.5117687,0,1592,20191219,Z9999@T01@T05@T17@T20@T28@T30@T34@@T36@@T43@T56@T65@T69@T71@P90@T09
제주시청,제주,제주시,16,1602,제주특별자치도 제주시 이도이동 1176-85,1522-3232,33.500516,0,1363,20180504,Z9999@T05@T17@T20@T28@T30@@@T36@@T43@T56@T64@T65@T69@T71@P90@T09
제주애월DT,제주,제주시,16,1602,제주특별자치도 제주시 애월읍 고내리 340,1522-3232,33.47278,0,1138,20161129,T01@T05@T17@T20@T28@T30@T34@@T36@@@T43@T56@T65@T69@T71@P50@T09
제주칠성,제주,제주시,16,1602,제주특별자치도 제주시 일도일동 1461-1,1522-3232,33.513349,0,912,20150409,Z9999@T05@T17@T20@T28@T30@@T36@@T43@T56@T64@T65@T69@T71
제주노형,제주,제주시,16,1602,제주특별자치도 제주시 노형동 1295-16,1522-3232,33.4878111,0,933,20150529,Z9999@T05@T17@T20@T28@T30@T34@@@T36@T43@T51@T56@T64@T65@T69@T71@P90@T09
제주용담DT,제주,제주시,16,1602,"제주특별자치도 제주시 용담삼동 2572-4,2576-4 화이트하우스",1522-3232,33.512345,0,833,20140923,Z9999@T01@T05@T17@T20@T28@T30@@T36@@T43@T56@T65@T69@T71@P50@T09
신제주이마트,제주,제주시,16,1602,제주특별자치도 제주시 노형동 919 신제주이마트 1층,1522-3232,33.4847893,0,664,20130916,Z9999@T05@T17@T20@T28@T30@T34@T36@@@@T43@T51@T56@T64@T65@T69@T71@P40@T09
제주함덕해변,제주,제주시,16,1602,제주특별자치도 제주시 조천읍 함덕리 1004-28,1522-3232,33.5425009930195,0,2434,20250717,Z9999@T05@T17@T20@T21@T28@T30@T34@T36@T43@T51@T56@T65@T69@T71@P50
제주세화DT,제주,제주시,16,1602,제주특별자치도 제주시 구좌읍 세화리 1533-1,1522-3232,33.5229969,0,2206,20231102,T01@T05@T12@T16@T17@T20@T28@T30@T34@T36@@@@T43@T51@T56@@T65@T69@P01@P50@P90@T09
제주노형로,제주,제주시,16,1602,제주특별자치도 제주시 노형동 3788-12,1522-3232,33.4834410103164,0,2075,20230112,T05@T17@T20@T21@T28@T30@T34@@T36@T43@T51@T56@T65@T69@T71@P70
제주노형DT,제주,제주시,16,1602,제주특별자치도 제주시 노형동 1238-2,1522-3232,33.4908499861488,0,2034,20220916,Z9999@T01@T05@T17@T20@T21@T28@T30@T34@T36@@T43@T51@T56@T65@T69@T71@T09
제주한라수목원DT,제주,제주시,16,1602,제주특별자치도 제주시 노형동 117-1,1522-3232,33.468923784050744,0,2126,20230427,Z9999@T01@T05@T17@T20@T21@T28@T30@T34@@T43@T51@T56@T65@T69@T71@P90@T09
제주서해안로DT,제주,제주시,16,1602,제주특별자치도 제주시 용담삼동 1020-1,1522-3232,33.5167857,0,1746,20201218,Z9999@T01@T05@T17@T20@T21@T28@T30@T34@@@T56@T65@T69@T09
제주일도DT,제주,제주시,16,1602,제주특별자치도 제주시 일도이동 369-13,1522-3232,33.5073284,0,1708,20200925,Z9999@T01@T05@T17@T20@T21@T28@T30@T34@T36@@@T43@T56@T65@T69@T71@T09
제주공항DT,제주,제주시,16,1602,"제주특별자치도 제주시 용담이동 2754-1, 2757-8",1522-3232,33.5005664,0,1971,20220609,Z9999@T01@T05@T17@T20@T21@T28@T30@T34@T36@@T51@T56@T65@T69@T09
제주금악DT,제주,제주시,16,1602,제주특별자치도 제주시 한림읍 금악리 산30-4 금악휴게소,1522-3232,33.3479439704936,0,2343,20241120,T01@T05@T17@T20@T21@T28@T30@T34@T36@T51@T56@T65@T69@P01@T09
제주한담해변DT,제주,제주시,16,1602,제주특별자치도 제주시 애월읍 애월리 2431-1,1522-3232,33.458182897356984,0,2317,20240912,T01@T05@T17@T20@T28@T30@T34@T36@T43@T51@T56@T65@T69@T71@P01@P50@P90@T09
더제주송당파크R,제주,제주시,16,1602,제주특별자치도 제주시 구좌읍 송당리 2635-3,1522-3232,33.4354457,0,2198,20231012,T03@T05@T16@T17@T26@T28@T29@T34@T36@T37@T41@T42@T47@T56@T69@T72@T09
제주평화로DT,제주,제주시,16,1602,제주특별자치도 제주시 해안동 2357,1522-3232,33.46329278001417,0,2170,20230825,T01@T05@T17@T20@T21@T28@T30@T34@T36@@T51@T56@T65@T69@P90@T09
세종다정DT,세종,,17,1701,세종특별자치시 다정동925 ,1522-3232,36.494878,0,1505,20190530,Z9999@T01@T08@T16@T17@T20@T30@@@T36@T43@T56@T60@T65@T69@T71@T09
세종보람,세종,,17,1701,세종특별자치시 보람동 700-81 호려울마을7단지 근린생활시설,1522-3232,36.4773322231936,0,1593,20191212,Z9999@T05@T08@T16@T17@T20@T21@T30@T34@@@@T43@T56@T60@T64@T65@T69@T71@T09
세종새롬,세종,,17,1701,세종특별자치시 새롬동 산6 세종영광프라자,1522-3232,36.4864669923837,0,1257,20170817,Z9999@T05@T08@T16@T17@T20@T21@T30@T34@@@T36@T43@T56@T60@T64@T65@T69@T71@T09
세종어진R,세종,,17,1701,"세종특별자치시 어진동 530 세종포스트, 인사혁신처",1522-3232,36.50823507458724,0,1092,20160714,Z9999@T03@T05@T08@T16@T17@T20@T21@T26@T29@T30@T34@@T36@@T37@T39@T41@T42@T43@T56@T60@@T65@T69@T71@T09
세종종촌,세종,,17,1701,세종특별자치시  종촌동 151-104 성운프라자,1522-3232,36.5041123,0,917,20150424,Z9999@T02@T05@T08@T16@T17@T20@T21@T30@@@@T43@T56@T60@T65@T69@T71@T09
세종첫마을,세종,,17,1701,세종특별자치시  한누리대로 169 행복타워 1층,1522-3232,36.480180791,0,858,20141125,T05@T08@T16@T17@T20@T21@T30@T34@@@T36@T43@T56@T60@T64@T65@T69@T71@T09
세종이마트,세종,,17,1701,세종특별자치시 가람동 406 이마트 세종점,1522-3232,36.47101163447959,0,894,20150205,Z9999@T05@T08@T16@T17@T20@T30@@@@T43@T56@T60@T65@T69@T71@P40@T09
세종청사,세종,,17,1701,세종특별자치시 어진동 3-113외 5필지,1522-3232,36.5045109528531,0,717,20140108,Z9999@T05@T08@T16@T17@T20@T21@T30@@@@T43@T56@T60@T64@T65@T69@T71@T09
세종조치원,세종,,17,1701,세종특별자치시 조치원읍 침산리 213,1522-3232,36.599455,0,2547,20260409,Z9999@T05@T08@T16@T17@T20@T21@T30@T34@T43@T51@T56@T60@T65@T69@T71@T09
세종아름,세종,,17,1701,"세종특별자치시 아름동 1329 다올비즈니스센터 103,104,105,202,203호",1522-3232,36.5116353777334,0,1768,20210226,Z9999@T05@T08@T16@T17@T20@T21@T30@T34@@@T36@T43@T56@T60@T64@T65@T69@T71@T09
세종반곡,세종,,17,1701,"세종특별자치시 반곡동 41-17 105호,106호,107호,108호,204호,205호,206호",1522-3232,36.4978562567888,0,2146,20230622,T05@T08@T16@T17@T20@T21@T30@T34@@T36@T43@T51@T56@T60@T64@T65@T69@T71@T09
세종해밀DT,세종,,17,1701,"세종특별자치시 해밀동 471-2 468-4, 472-6",1522-3232,36.5235127599476,0,2483,20251218,Z9999@T01@T05@T08@T16@T17@T20@T21@T30@T34@T43@T51@T55@T56@T60@T65@T71@T09
세종소담,세종,,17,1701,"세종특별자치시 소담동 539 새샘마을7단지 근린생활시설 -1동 12호,13호,14호,15호,15a호,16호",1522-3232,36.485755,0,1750,20210115,Z9999@T05@T08@T16@T17@T20@T21@T30@T34@@@T36@T43@T56@T60@T64@T65@T69@T71@T09
세종예술의전당,세종,,17,1701,세종특별자치시 나성동 33-1 ,1522-3232,36.4865520141371,0,2410,20250530,Z9999@T05@T08@T16@T17@T20@T21@T30@T34@T36@T43@T47@T51@T56@T60@T65@T69@T71@T09
세종금강DT,세종,,17,1701,세종특별자치시 대평동 667 ,1522-3232,36.4760536945259,0,2202,20231117,Z9999@T01@T05@T08@T16@T17@T20@T30@T34@@T43@T47@T51@T56@T60@T65@T69@T71@P01@T09
세종충남대학교병원,세종,,17,1701,세종특별자치시 도담동 407 세종충남대학교병원 헬스케어센터 1층,1522-3232,36.5186720854037,0,1814,20210609,Z9999@T05@T08@T16@T17@T20@T21@T30@T34@@@T51@T56@T60@T64@T65@T69@T71@T09
