순위,name,category,value_1,value_2,detail_text
1,역삼아레나빌딩,서울,37.501087,127.043069,주소: 서울특별시 강남구 역삼동 721-13 아레나빌딩 | 전화번호: 1522-3232
2,논현역사거리,서울,37.510178,127.022223,주소: 서울특별시 강남구 논현동 142-2 정일빌딩 | 전화번호: 1522-3232
3,신사역성일빌딩,서울,37.5139309,127.0206057,주소: 서울특별시 강남구 논현동 18-4 성일빌딩 | 전화번호: 1522-3232
4,국기원사거리,서울,37.499517,127.031495,주소: 서울특별시 강남구 역삼동 648-22 동찬빌딩 | 전화번호: 1522-3232
5,대치재경빌딩,서울,37.494668,127.062583,주소: 서울특별시 강남구 대치동 599 대원빌딩 | 전화번호: 1522-3232
6,봉은사역,서울,37.515,127.063196,주소: 서울특별시 강남구 삼성동 108-6 JBK TOWER 빌딩 | 전화번호: 1522-3232
7,압구정윤성빌딩,서울,37.5227934,127.0286009,주소: 서울특별시 강남구 신사동 592 윤성빌딩 | 전화번호: 1522-3232
8,코엑스별마당,서울,37.51015,127.060275,주소: 서울특별시 강남구 삼성동 159 코엑스 | 전화번호: 1522-3232
9,삼성역섬유센터R,서울,37.50775,127.060651,주소: 서울특별시 강남구 대치동 944-31 한국섬유산업연합회 | 전화번호: 1522-3232
10,압구정R,서울,37.5273669,127.033061,주소: 서울특별시 강남구 신사동 621-1 | 전화번호: 1522-3232
11,수서역R,서울,37.48803134754136,127.10307603441483,주소: 서울특별시 강남구 수서동 715 수서빌딩 | 전화번호: 1522-3232
12,양재강남빌딩R,서울,37.485192,127.036685,주소: 서울특별시 강남구 도곡동 956 LG전자 강남R&D센터 | 전화번호: 1522-3232
13,선릉동신빌딩R,서울,37.505321,127.050409,주소: 서울특별시 강남구 삼성동 141-28 동신빌딩 | 전화번호: 1522-3232
14,봉은사로선정릉,서울,37.51131683405367,127.04846338902249,주소: 서울특별시 강남구 삼성동 114-9 올림푸스타워 | 전화번호: 1522-3232
15,강남오거리,서울,37.502117,127.026672,"주소: 서울특별시 강남구 역삼동 813-17 1,2,3층 | 전화번호: 1522-3232"
16,스타필드코엑스몰R,서울,37.50999,127.061455,주소: 서울특별시 강남구 삼성동 159 코엑스  A106호 | 전화번호: 1522-3232
17,강남구청정문,서울,37.51827133155829,127.04595951286774,주소: 서울특별시 강남구 청담동 44-12 대륭빌딩 | 전화번호: 1522-3232
18,도곡공원,서울,37.492805,127.041309,주소: 서울특별시 강남구 역삼동 788-10 | 전화번호: 1522-3232
19,강남R,서울,37.497711,127.028439,주소: 서울특별시 강남구 역삼동 825 미진프라자 1층 101호 | 전화번호: 1522-3232
20,대치은마사거리,서울,37.498973,127.060172,주소: 서울특별시 강남구 대치동 941-19 진흥빌딩 | 전화번호: 1522-3232
21,청담영동대로,서울,37.52275803097751,127.05697488157423,주소: 서울특별시 강남구 청담동 132-1 삼청빌딩 | 전화번호: 1522-3232
22,압구정,서울,37.526283,127.02956,주소: 서울특별시 강남구 신사동 609 이소니프라자 | 전화번호: 1522-3232
23,신사가로수,서울,37.521933,127.022521,주소: 서울특별시 강남구 신사동 533-11 | 전화번호: 1522-3232
24,청담스타R,서울,37.525216,127.041827,주소: 서울특별시 강남구 청담동 89-4 | 전화번호: 1522-3232
25,강남우성,서울,37.492396,127.03091,주소: 서울특별시 강남구 역삼동 832-3 강남역 쉐르빌 | 전화번호: 1522-3232
26,학동사거리,서울,37.52247510377488,127.037947289408,주소: 서울특별시 강남구 논현2동 93-2번지 | 전화번호: 1522-3232
27,대치사거리,서울,37.503331,127.058817,주소: 서울특별시 강남구 대치동 960-5 티아빌딩 | 전화번호: 1522-3232
28,포스코사거리,서울,37.5075307,127.05742710000004,주소: 서울특별시 강남구 삼성동 157-36 화진빌딩 | 전화번호: 1522-3232
29,을지병원사거리,서울,37.5191632,127.0286446,주소: 서울특별시 강남구 논현동 59-8 구산빌딩 | 전화번호: 1522-3232
30,신사역,서울,37.5162021,127.0207428,주소: 서울특별시 강남구 논현동 1-3 렉스타워 | 전화번호: 1522-3232
31,도곡역,서울,37.492167,127.057398,주소: 서울특별시 강남구 대치동 651 | 전화번호: 1522-3232
32,서울세관사거리,서울,37.514887,127.035653,주소: 서울특별시 강남구 논현동 238-5 한국건설기술인협회 | 전화번호: 1522-3232
33,청담사거리,서울,37.5238436444947,127.04694995171084,주소: 서울특별시 강남구 청담동 6-5 리츠타워 | 전화번호: 1522-3232
34,한티역,서울,37.496801,127.055055,주소: 서울특별시 강남구 대치동 1024 디마크빌딩 101호 | 전화번호: 1522-3232
35,역삼초교사거리,서울,37.49416922110828,127.03317791475052,주소: 서울특별시 강남구 역삼동 830-71 | 전화번호: 1522-3232
36,코엑스몰,서울,37.513715,127.059245,주소: 서울특별시 강남구 삼성동 159 코엑스 O103호 | 전화번호: 1522-3232
37,가로수길,서울,37.5231593,127.02162499999997,주소: 서울특별시 강남구 신사동 529-10 1~2층 | 전화번호: 1522-3232
38,역삼대로,서울,37.501623,127.039375,주소: 서울특별시 강남구 역삼동 678-39번지 한국고등교육재단빌딩1층 | 전화번호: 1522-3232
39,역삼포스코,서울,37.499721,127.033582,주소: 서울특별시 강남구 역삼동 735-3번지 P&S TOWER | 전화번호: 1522-3232
40,강남대로,서울,37.50314,127.025546,주소: 서울특별시 강남구 역삼동 809-10번지 한석타워 2층 1-2호 | 전화번호: 1522-3232
41,청담,서울,37.5243631,127.05155990000003,주소: 서울특별시 강남구 청담동 52-1 인희빌딩 1층 | 전화번호: 1522-3232
42,삼성교,서울,37.507794,127.06517,주소: 서울특별시 강남구 대치동 1001-8 외 2필지 동남유화빌딩1층 | 전화번호: 1522-3232
43,학동역,서울,37.51464884,127.0307302,주소: 서울특별시 강남구 논현동 87 | 전화번호: 1522-3232
44,대치,서울,37.49966175,127.0622171,주소: 서울특별시 강남구 대치동 988-17 대진빌딩 | 전화번호: 1522-3232
45,신세계푸드마켓도곡,서울,37.490102006982106,127.05507020231974,주소: 서울특별시 강남구 도곡동 467-17 타워팰리스Ⅱ F 지하1층 | 전화번호: 1522-3232
46,삼성,서울,37.50689645929321,127.05571872453659,주소: 서울특별시 강남구 삼성동 144-25 태리타워 1층 | 전화번호: 1522-3232
47,선릉세화빌딩,서울,37.50377562,127.051196,주소: 서울특별시 강남구 대치동 889-70 세화빌딩 1층 | 전화번호: 1522-3232
48,압구정역,서울,37.52674095,127.0281105,주소: 서울특별시 강남구 신사동 580-2 관영빌딩 1층 지하1층 | 전화번호: 1522-3232
49,압구정로,서울,37.5268256687184,127.03477619379315,주소: 서울특별시 강남구 신사동 635-13 | 전화번호: 1522-3232
50,구역삼사거리,서울,37.495890648099504,127.03890917851653,주소: 서울특별시 강남구 역삼동 747-21 | 전화번호: 1522-3232
51,큰길타워,서울,37.50236693,127.0407,주소: 서울특별시 강남구 역삼동 677-25 큰길타워 | 전화번호: 1522-3232
52,강남구청역,서울,37.5165849,127.04124330000002,주소: 서울특별시 강남구 논현동 241-7 웰빙센터 1층 | 전화번호: 1522-3232
53,대치역,서울,37.493554,127.061874,주소: 서울특별시 강남구 대치동 507 윈플러스상가 107호 | 전화번호: 1522-3232
54,포이,서울,37.47781106,127.0451411,주소: 서울특별시 강남구 개포4동 1229-1 | 전화번호: 1522-3232
55,아크플레이스,서울,37.49971982,127.0349084,주소: 서울특별시 강남구 역삼동 736-1 | 전화번호: 1522-3232
56,학여울역,서울,37.49803646,127.0684943,주소: 서울특별시 강남구 대치동 994-10 | 전화번호: 1522-3232
57,선정릉역,서울,37.51075489999999,127.04455970000004,주소: 서울특별시 강남구 삼성2동 37-17 에프오빌딩 | 전화번호: 1522-3232
58,삼성현대힐,서울,37.51350444312708,127.05273753314826,주소: 서울특별시 강남구 삼성동 51번지 | 전화번호: 1522-3232
59,GS타워,서울,37.5018592,127.03727759999992,주소: 서울특별시 강남구 역삼동 679 | 전화번호: 1522-3232
60,압구정미소,서울,37.523912710310015,127.02807214378778,주소: 서울특별시 강남구 신사동 583-3 | 전화번호: 1522-3232
61,선릉역,서울,37.50393894,127.0485135,주소: 서울특별시 강남구 역삼동 708-6 LG화재 빌딩 | 전화번호: 1522-3232
62,코엑스사거리,서울,37.515351,127.060109,주소: 서울특별시 강남구 삼성동 91-31 | 전화번호: 1522-3232
63,역삼럭키,서울,37.492209,127.039389,주소: 서울특별시 강남구 역삼동 798-30 | 전화번호: 1522-3232
64,신압구정,서울,37.52809330107192,127.03652467188678,주소: 서울특별시 강남구 신사동 639-7번지 | 전화번호: 1522-3232
65,아크로힐스논현,서울,37.509013311862645,127.0403523996554,주소: 서울특별시 강남구 역삼동 681번지 금강빌딩 1-2층 | 전화번호: 1522-3232
66,강남비젼타워,서울,37.4964557,127.02968850000002,주소: 서울특별시 강남구 역삼동 826-26번지 1층 101호 | 전화번호: 1522-3232
67,압구정로데오역,서울,37.526562559707806,127.04048346509586,"주소: 서울특별시 강남구 청담동 84-3번지 삼원빌딩 1,2층 | 전화번호: 1522-3232"
68,르네상스사거리,서울,37.50268239475304,127.04414328446828,주소: 서울특별시 강남구 역삼동 706-1번지 | 전화번호: 1522-3232
69,포스코,서울,37.50576457783876,127.05804488086115,주소: 서울특별시 강남구 대치동 942-5번지 1층 | 전화번호: 1522-3232
70,선릉로,서울,37.50498118534617,127.0468080752464,주소: 서울특별시 강남구 역삼동 697-45 대흥빌딩 1층 | 전화번호: 1522-3232
71,논현힐탑,서울,37.511685,127.032187,주소: 서울특별시 강남구 논현동 216-5번지 | 전화번호: 1522-3232
72,도산가로수길,서울,37.51736229999999,127.02329570000006,주소: 서울특별시 강남구 논현동 5번지 2층 | 전화번호: 1522-3232
73,매봉역,서울,37.4859095,127.0452879,주소: 서울특별시 강남구 도곡동 411-19 지앤지빌딩 | 전화번호: 1522-3232
74,호림아트센터,서울,37.522514,127.035977,주소: 서울특별시 강남구 신사동 651-24 호림아트센터 1빌딩 | 전화번호: 1522-3232
75,청담역6번출구,서울,37.516602079007875,127.0517527875551,"주소: 서울특별시 강남구 삼성동 65-5, 65-10 | 전화번호: 1522-3232"
76,강남자곡,서울,37.4730637068202,127.10244727289,"주소: 서울특별시 강남구 자곡동 650, 107~109호 | 전화번호: 1522-3232"
77,삼성휘문,서울,37.50718,127.0631,주소: 서울특별시 강남구 대치동 947-1 | 전화번호: 1522-3232
78,대치선릉,서울,37.5047428849251,127.053159553826,주소: 서울특별시 강남구 대치동 890-60 H 타워 | 전화번호: 1522-3232
79,대치한티,서울,37.4984818,127.052066,주소: 서울특별시 강남구 대치동 922-1 SH타워 | 전화번호: 1522-3232
80,개포동,서울,37.4828551359882,127.0607152444621,주소: 서울특별시 강남구 개포동 167-9 | 전화번호: 1522-3232
81,수서역사거리,서울,37.487400776036274,127.10292252273776,주소: 서울특별시 강남구 수서동 724 로즈데일오피스텔 | 전화번호: 1522-3232
82,코엑스아셈타워,서울,37.513019,127.059838,주소: 서울특별시 강남구 삼성동 159 코엑스아셈타워 AT-01호 | 전화번호: 1522-3232
83,강남차여성병원,서울,37.5064031867752,127.031811320915,주소: 서울특별시 강남구 역삼동 605 마티네 차움 | 전화번호: 1522-3232
84,센터필드R,서울,37.50369465391196,127.04172081609173,주소: 서울특별시 강남구 역삼동 676 센터필드 | 전화번호: 1522-3232
85,도산사거리,서울,37.51966,127.0341,주소: 서울특별시 강남구 논현동 70-6 트리스빌딩 | 전화번호: 1522-3232
86,강남세곡,서울,37.467274319644,127.099929726,주소: 서울특별시 강남구 세곡동 551 팜모드빌딩 | 전화번호: 1522-3232
87,대치삼성,서울,37.500313,127.066961,주소: 서울특별시 강남구 대치동 993-1 | 전화번호: 1522-3232
88,강남아이퀘스트,서울,37.4904345093246,127.033626302083,주소: 서울특별시 강남구 역삼동 839-16 아우디 도곡로 전시장 | 전화번호: 1522-3232
89,언주역,서울,37.507975,127.036478,주소: 서울특별시 강남구 역삼동 652-2 | 전화번호: 1522-3232
90,한티역8번출구,서울,37.4964928018315,127.052199273657,주소: 서울특별시 강남구 역삼동 765-17 | 전화번호: 1522-3232
91,신논현역3번출구,서울,37.5058769838995,127.02428948306,주소: 서울특별시 강남구 논현동 199 대남빌딩 | 전화번호: 1522-3232
92,강남파이낸스센터,서울,37.49993577,127.03684778,"주소: 서울특별시 강남구 역삼동 737 강남파이낸스센터, 1층 B호 | 전화번호: 1522-3232"
93,강남역신분당역사,서울,37.4970572543978,127.028180714381,주소: 서울특별시 강남구 역삼동 858 | 전화번호: 1522-3232
94,삼성역,서울,37.509281,127.065563,주소: 서울특별시 강남구 대치동 996-1번지 | 전화번호: 1522-3232
95,테헤란로아남타워,서울,37.50383,127.04487,주소: 서울특별시 강남구 역삼동 702-10 아남타워빌딩 | 전화번호: 1522-3232
96,강남논현,서울,37.5078978596254,127.023338614644,주소: 서울특별시 강남구 논현동 164-7 | 전화번호: 1522-3232
97,삼성동,서울,37.510843366121534,127.06363342044263,주소: 서울특별시 강남구 삼성동 168-22 페코빌딩 | 전화번호: 1522-3232
98,리저브도산,서울,37.525547584913184,127.03775087135216,"주소: 서울특별시 강남구 신사동 656-4, 1,2층 | 전화번호: 1522-3232"
99,압구정역사3번출구,서울,37.52575281715033,127.02886190444627,주소: 서울특별시 강남구 신사동 603 ANdAZ 지하1층 | 전화번호: 1522-3232
100,청담역,서울,37.5194407323478,127.049552661542,주소: 서울특별시 강남구 청담동 47-2 | 전화번호: 1522-3232
101,압구정현대아파트,서울,37.52521971236768,127.0256601858147,주소: 서울특별시 강남구 신사동 574-4 | 전화번호: 1522-3232
102,강남청담빌딩,서울,37.517887,127.041375,주소: 서울특별시 강남구 청담동 41 청담빌딩 | 전화번호: 1522-3232
103,케이스퀘어강남,서울,37.4991914625768,127.028204360257,주소: 서울특별시 강남구 역삼동 819 | 전화번호: 1522-3232
104,강남세곡DT,서울,37.466993809277,127.118330806807,"주소: 서울특별시 강남구 세곡동 21-3, 21-1, 21-10(일부) | 전화번호: 1522-3232"
105,미아뉴타운,서울,37.618319,127.021072,주소: 서울특별시 강북구 미아동 812-2 행전빌딩 | 전화번호: 1522-3232
106,강북구청사거리,서울,37.639987861152015,127.0274331199793,주소: 서울특별시 강북구 수유동 174-13 | 전화번호: 1522-3232
107,미아사거리역,서울,37.611831247629375,127.03058552434908,주소: 서울특별시 강북구 미아동 35-30 | 전화번호: 1522-3232
108,수유역,서울,37.6380167,127.02613500000007,주소: 서울특별시 강북구 번동 418-17 | 전화번호: 1522-3232
109,미아역,서울,37.626148,127.026578,주소: 서울특별시 강북구 미아동 121-19번지 | 전화번호: 1522-3232
110,수유역5번출구,서울,37.636722675028174,127.02332208832509,주소: 서울특별시 강북구 수유동 740 에피소드 수유 838 | 전화번호: 1522-3232
111,서울안토,서울,37.66419549576315,127.01040728594249,주소: 서울특별시 강북구 우이동 산14-3 | 전화번호: 1522-3232
112,발산역사거리,서울,37.558509,126.835096,주소: 서울특별시 강서구 마곡동 801-2 | 전화번호: 1522-3232
113,마곡역,서울,37.559611,126.826298,주소: 서울특별시 강서구 마곡동 798-3 | 전화번호: 1522-3232
114,우장산역,서울,37.549510038803994,126.83606164803061,주소: 서울특별시 강서구 내발산동 719-6 송화쇼핑센터 | 전화번호: 1522-3232
115,마곡사이언스타워R,서울,37.5605261,126.833887,주소: 서울특별시 강서구 마곡동 796-3 마곡사이언스타워 | 전화번호: 1522-3232
116,방화DT,서울,37.574456834773024,126.81648812379821,"주소: 서울특별시 강서구 방화동 293-4, 293-14, 293-15 | 전화번호: 1522-3232"
117,마곡나루역,서울,37.56813,126.82614,"주소: 서울특별시 강서구 마곡동 759-3 보타닉파크타워Ⅰ105,203,204호 | 전화번호: 1522-3232"
118,마곡GMG,서울,37.560487,126.829667,주소: 서울특별시 강서구 마곡동 773-2 마곡지엠지타워 | 전화번호: 1522-3232
119,가양역,서울,37.56164,126.853327,주소: 서울특별시 강서구 등촌동 73-1 금부빌딩 | 전화번호: 1522-3232
120,화곡DT,서울,37.5350107501795,126.86318804786,주소: 서울특별시 강서구 화곡동 772-67 | 전화번호: 1522-3232
121,화곡동,서울,37.540619019726435,126.83738800870792,주소: 서울특별시 강서구 화곡동 1073-10 | 전화번호: 1522-3232
122,염창역,서울,37.547359,126.874436,주소: 서울특별시 강서구 염창동 282-23 | 전화번호: 1522-3232
123,발산역,서울,37.56033524296544,126.83913908184506,주소: 서울특별시 강서구 등촌동 678-14 그랜드마트 | 전화번호: 1522-3232
124,까치산역,서울,37.5323235082489,126.84612332664443,주소: 서울특별시 강서구 화곡동 343-1번지 | 전화번호: 1522-3232
125,마곡코엑스,서울,37.5653031840314,126.82570428625807,"주소: 서울특별시 강서구 마곡동 767, 르웨스트시티 제본동 제1층 샵4/5호 | 전화번호: 1522-3232"
126,염창대로,서울,37.5485479128966,126.878259347206,"주소: 서울특별시 강서구 염창동 260, 101호 | 전화번호: 1522-3232"
127,발산역5번출구,서울,37.5579224739977,126.84054030692,"주소: 서울특별시 강서구 내발산동 647 DH647, 1층 일부 | 전화번호: 1522-3232"
128,양천향교역,서울,37.56785182406142,126.84082079898185,주소: 서울특별시 강서구 마곡동 776-2 마곡센트럴대방디엠시티오피스텔 121-1 121-2호 | 전화번호: 1522-3232
129,화곡역8번출구,서울,37.54227920628,126.839299954553,"주소: 서울특별시 강서구 화곡동 1051-22, 1층 일부 | 전화번호: 1522-3232"
130,강서우장산,서울,37.54661114997271,126.83611326062484,"주소: 서울특별시 강서구 화곡동 1013-3 우장산역 해링턴 타워, 116/117/118/119/120호 | 전화번호: 1522-3232"
131,등촌대로,서울,37.5504921817371,126.8665095756118,주소: 서울특별시 강서구 염창동 274-17 센터스퀘어 | 전화번호: 1522-3232
132,마곡보타닉게이트,서울,37.56910032273387,126.83633283391289,주소: 서울특별시 강서구 마곡동 779 | 전화번호: 1522-3232
133,가양역사거리,서울,37.56007,126.855372,"주소: 서울특별시 강서구 등촌동 628-9 가양더스카이벨리5차 지식산업센터 101, 102, 114,~117호 | 전화번호: 1522-3232"
134,원그로브,서울,37.56124715192089,126.82465548376591,주소: 서울특별시 강서구 마곡동769 WB115호 | 전화번호: 1522-3232
135,내발산,서울,37.55467,126.83672,"주소: 서울특별시 강서구 내발산동 668, 101/102호 | 전화번호: 1522-3232"
136,마곡웰튼,서울,37.5671428910102,126.825315150636,"주소: 서울특별시 강서구 마곡동 759-2, 104/105/106호 | 전화번호: 1522-3232"
137,김포공항국내선,서울,37.55912618463173,126.80239253168018,주소: 서울특별시 강서구 공항동 1373-5 김포공항 국내선터미널 3층 | 전화번호: 1522-3232
138,김포공항DT,서울,37.56627942080141,126.8060664470359,주소: 서울특별시 강서구 방화동 645-6 | 전화번호: 1522-3232
139,강서NC,서울,37.55978002533287,126.83998346498424,"주소: 서울특별시 강서구 등촌동 689 엔씨백화점 1F, 일부 | 전화번호: 1522-3232"
140,김포공항국제선,서울,37.56604490355177,126.80050380500948,주소: 서울특별시 강서구 방화동 886 (면세구역 내 35번 게이트 옆) | 전화번호: 1522-3232
141,마곡케이스퀘어,서울,37.562374500980084,126.82693066365749,"주소: 서울특별시 강서구 마곡동 768-1, 1층 일부 | 전화번호: 1522-3232"
142,마곡나루공원,서울,37.567007,126.822246,주소: 서울특별시 강서구 마곡동 743-1 | 전화번호: 1522-3232
143,송정역,서울,37.56105570786667,126.81150987871888,"주소: 서울특별시 강서구 공항동 32-3, 1층 일부 | 전화번호: 1522-3232"
144,강서구청사거리,서울,37.5549266,126.8523133,주소: 서울특별시 강서구 화곡동 1111 SJ라벨라 | 전화번호: 1522-3232
145,낙성대역,서울,37.477760129939064,126.96114261955485,주소: 서울특별시 관악구 봉천동 1660-1 | 전화번호: 1522-3232
146,관악서울대입구R,서울,37.47932480888598,126.95270199623683,주소: 서울특별시 관악구 봉천동 856-6 BS타워 | 전화번호: 1522-3232
147,신림DT,서울,37.480935,126.908407,"주소: 서울특별시 관악구 신림동 564-12, 564-11 | 전화번호: 1522-3232"
148,서울대역,서울,37.48166265091104,126.9520164977362,주소: 서울특별시 관악구 봉천동 861-6 | 전화번호: 1522-3232
149,낙성대DT,서울,37.476243169019526,126.96511724631266,주소: 서울특별시 관악구 봉천동 1657-3 | 전화번호: 1522-3232
150,사당,서울,37.4760559,126.980928,주소: 서울특별시 관악구 남현동 1060-10 | 전화번호: 1522-3232
151,보라매대교빌딩,서울,37.491449,126.925432,주소: 서울특별시 관악구 봉천동 729-21 대교타워 1층 | 전화번호: 1522-3232
152,신림,서울,37.48609493,126.9291602,주소: 서울특별시 관악구 신림동 1432-71번지 | 전화번호: 1522-3232
153,신림타임스트림,서울,37.48407101920536,126.93025831103377,주소: 서울특별시 관악구 신림동 1641-2번지 타임스트림 1층 | 전화번호: 1522-3232
154,서울대입구역,서울,37.481207389699065,126.95140060487287,주소: 서울특별시 관악구 봉천동 869-1 | 전화번호: 1522-3232
155,신림녹두거리,서울,37.470488195804656,126.93815865605839,주소: 서울특별시 관악구 신림동 1747 센터스퀘어 서울대점 | 전화번호: 1522-3232
156,서울대입구역8번출구,서울,37.4812061,126.9536942,주소: 서울특별시 관악구 봉천동 852-5 | 전화번호: 1522-3232
157,봉천역,서울,37.4820375340064,126.942287792538,주소: 서울특별시 관악구 봉천동 927-5 청운빌딩 | 전화번호: 1522-3232
158,봉천현대시장,서울,37.48665266827689,126.94829614696478,"주소: 서울특별시 관악구 봉천동 465-2, 1층 101~104호 | 전화번호: 1522-3232"
159,낙성대역7번출구,서울,37.4771331,126.9641468,"주소: 서울특별시 관악구 봉천동 1687-13, 1687-14 더블유타워 1층 일부 | 전화번호: 1522-3232"
160,건국대,서울,37.5415474727422,127.07115584769804,주소: 서울특별시 광진구 화양동 5-45 | 전화번호: 1522-3232
161,어린이대공원역,서울,37.551946,127.076404,주소: 서울특별시 광진구 군자동 236 | 전화번호: 1522-3232
162,아차산역,서울,37.55062116262961,127.09003207951665,주소: 서울특별시 광진구 구의동 75-19 | 전화번호: 1522-3232
163,올림픽대교북단,서울,37.541129,127.09524,주소: 서울특별시 광진구 구의동 200-2 | 전화번호: 1522-3232
164,구의DT,서울,37.54529838924125,127.0871967283424,"주소: 서울특별시 광진구 구의동 67-36,37,7 | 전화번호: 1522-3232"
165,자양사거리,서울,37.5371158,127.0825821,주소: 서울특별시 광진구 자양동 779 | 전화번호: 1522-3232
166,군자역,서울,37.557026068940765,127.07910984029934,주소: 서울특별시 광진구 군자동 478-5 중앙빌딩 | 전화번호: 1522-3232
167,광나루,서울,37.5473711178786,127.106048727555,"주소: 서울특별시 광진구 광장동 329-1 1,2층 | 전화번호: 1522-3232"
168,건대스타시티,서울,37.538544,127.073009,"주소: 서울특별시 광진구 자양동 227-7  1층 19,20,21호 | 전화번호: 1522-3232"
169,건대입구,서울,37.5406604,127.07072249999999,주소: 서울특별시 광진구 화양동 5-47 | 전화번호: 1522-3232
170,광장,서울,37.54261257747251,127.09964053100875,주소: 서울특별시 광진구 광장동 582 | 전화번호: 1522-3232
171,건국클래식,서울,37.538466,127.071271,"주소: 서울특별시 광진구 자양동 227-342 더 클래식500  1층 C102,103호 | 전화번호: 1522-3232"
172,건대로데오,서울,37.5407966413791,127.066728885927,주소: 서울특별시 광진구 자양동 8-8 더포디엄830 | 전화번호: 1522-3232
173,강변,서울,37.53474180652488,127.0919731720276,주소: 서울특별시 광진구 구의동 594-4 금성빌딩 | 전화번호: 1522-3232
174,구의역이스트폴,서울,37.53657397133724,127.08785695168247,"주소: 서울특별시 광진구 자양동 870, 1층 | 전화번호: 1522-3232"
175,건대후문,서울,37.54603056145237,127.07381934747977,주소: 서울특별시 광진구 화양동 111-12 빌리브 인테라스 B02~B06 | 전화번호: 1522-3232
176,중곡역,서울,37.565057005115804,127.08445231025851,주소: 서울특별시 광진구 중곡동 30-80 보건복지행정타운 1층일부 | 전화번호: 1522-3232
177,자양이마트,서울,37.5386200465941,127.07348956991508,주소: 서울특별시 광진구 자양동 227-7 더샵스타시티 지하1층 | 전화번호: 1522-3232
178,자양역,서울,37.532684640479,127.067878503557,주소: 서울특별시 광진구 자양동 855 이튼타워리버3차 1층 109호 | 전화번호: 1522-3232
179,세종대,서울,37.54914275025103,127.07502761108316,주소: 서울특별시 광진구 군자동 98 세종대학교 | 전화번호: 1522-3232
180,뚝섬한강공원,서울,37.52833825339653,127.06827256457497,주소: 서울특별시 광진구 자양동 424 | 전화번호: 1522-3232
181,구의역,서울,37.537063,127.085053,"주소: 서울특별시 광진구 구의동 683, 101호 | 전화번호: 1522-3232"
182,화양삼거리,서울,37.54774853077512,127.07126924540047,주소: 서울특별시 광진구 화양동 174 건대 트레비앙 오피스텔 | 전화번호: 1522-3232
183,군자사거리,서울,37.55769507399991,127.079087912222,주소: 서울특별시 광진구 중곡동 649-4 1층 | 전화번호: 1522-3232
184,금천구청역,서울,37.45588672536701,126.89568245942294,"주소: 서울특별시 금천구 시흥동 1031, 엠메디컬타워 1층 | 전화번호: 1522-3232"
185,가산에스케이,서울,37.48082408602027,126.88100079322535,"주소: 서울특별시 금천구 가산동 371-41, SK V1센터 1층 | 전화번호: 1522-3232"
186,독산사거리,서울,37.47158263368701,126.89860551804541,주소: 서울특별시 금천구 독산동 159-23 영진빌딩 | 전화번호: 1522-3232
187,금천시흥,서울,37.44875938266414,126.90323875981919,주소: 서울특별시 금천구 시흥동 904-22 더플레이스 | 전화번호: 1522-3232
188,가산디지털단지역,서울,37.48135375445197,126.88358906045958,"주소: 서울특별시 금천구 가산동 50-3, 대륭포스트타워 6차 1층 | 전화번호: 1522-3232"
189,금천독산,서울,37.46957081,126.89565779,주소: 서울특별시 금천구 독산동 291-1 | 전화번호: 1522-3232
190,가산디지털,서울,37.479970085901,126.882507193785,"주소: 서울특별시 금천구 가산동 371-28, 우림라이온스밸리 B동 1층 | 전화번호: 1522-3232"
191,마리오아울렛,서울,37.47860691180926,126.88484825777417,주소: 서울특별시 금천구 가산동 60-20 ㈜마리오 3관1층 | 전화번호: 1522-3232
192,가산브이타워,서울,37.47700409645337,126.88355058577785,"주소: 서울특별시 금천구 가산동 371-37, V-TOWER 1층 | 전화번호: 1522-3232"
193,독산역,서울,37.46770966619833,126.88767404102677,"주소: 서울특별시 금천구 가산동 673, 107-2, 1층 | 전화번호: 1522-3232"
194,금천금나래,서울,37.4586898489368,126.896999968363,주소: 서울특별시 금천구 시흥동 113 1층 | 전화번호: 1522-3232
195,가산퍼블릭,서울,37.47574363470601,126.88684803652211,"주소: 서울특별시 금천구 가산동 60-26, B동 F Park 1층 | 전화번호: 1522-3232"
196,가산현대아울렛,서울,37.477680443,126.888840553,"주소: 서울특별시 금천구 가산동 60-8 현대시티아울렛 가산점, 1층 일부 | 전화번호: 1522-3232"
197,가산케이에스,서울,37.48089352069766,126.88515566597013,"주소: 서울특별시 금천구 가산동 60-14, 가산KS타워 1층 | 전화번호: 1522-3232"
198,가산어반워크,서울,37.4800231711237,126.878250987906,주소: 서울특별시 금천구 가산동 451-1 | 전화번호: 1522-3232
199,월계역,서울,37.6295,127.0574,"주소: 서울특별시 노원구 월계동 633-31(104,105,106호) | 전화번호: 1522-3232"
200,월계트레이더스,서울,37.627595268077556,127.06190614033677,주소: 서울특별시 노원구 월계동 333-1 월계이마트 | 전화번호: 1522-3232
201,상계초교사거리,서울,37.656776,127.066442,주소: 서울특별시 노원구 상계동 372-16 | 전화번호: 1522-3232
202,공릉DT,서울,37.6206884,127.0743116,"주소: 서울특별시 노원구 공릉동 597-34, 597-30, 597-31, 597-32, 597-33 | 전화번호: 1522-3232"
203,노원마들역,서울,37.6610890700127,127.05801543641189,주소: 서울특별시 노원구 상계동 694 임광아파트 | 전화번호: 1522-3232
204,공릉역,서울,37.626337,127.072252,주소: 서울특별시 노원구 공릉동 379-27 | 전화번호: 1522-3232
205,은행사거리,서울,37.650487822620036,127.07597932939696,"주소: 서울특별시 노원구 중계동 360-6중흥빌딩 103,203호 | 전화번호: 1522-3232"
206,노원KT,서울,37.654562,127.063617,주소: 서울특별시 노원구 상계동 723번지 ㈜KT 노원사옥 | 전화번호: 1522-3232
207,광운대,서울,37.62317424708698,127.06080652927419,주소: 서울특별시 노원구 월계동 410-1번지 | 전화번호: 1522-3232
208,중계역,서울,37.64817,127.062244,주소: 서울특별시 노원구 상계동 763-3 대한빌딩 | 전화번호: 1522-3232
209,노원역,서울,37.654751,127.060034,주소: 서울특별시 노원구 상계동 712 남성빌딩 1층 | 전화번호: 1522-3232
210,월계이마트,서울,37.62715819011137,127.06209552515209,주소: 서울특별시 노원구 월계동 333-1번지 | 전화번호: 1522-3232
211,태릉입구역DT,서울,37.61942,127.07932,주소: 서울특별시 노원구 공릉동 653-8 | 전화번호: 1522-3232
212,노원상계,서울,37.651535,127.061026,주소: 서울특별시 노원구 상계동 730-4 | 전화번호: 1522-3232
213,노원구청,서울,37.6539896,127.057755,주소: 서울특별시 노원구 상계동 705 태웅빌딩 | 전화번호: 1522-3232
214,창동이마트,서울,37.65167648631108,127.0469283262733,주소: 서울특별시 도봉구 창동 135-26 창동EMART | 전화번호: 1522-3232
215,덕성여대,서울,37.650906,127.013279,주소: 서울특별시 도봉구 쌍문동 423-48 지민빌딩 | 전화번호: 1522-3232
216,도봉구청,서울,37.6695034764443,127.04603799266,주소: 서울특별시 도봉구 도봉동 622-57 | 전화번호: 1522-3232
217,쌍문,서울,37.649424,127.035577,주소: 서울특별시 도봉구 창동 661-45 국민은행 1층 | 전화번호: 1522-3232
218,쌍문도봉로,서울,37.6453516,127.0331011,주소: 서울특별시 도봉구 창동 650-45 | 전화번호: 1522-3232
219,도봉로DT,서울,37.6611805929041,127.041630065957,주소: 서울특별시 도봉구 쌍문동 707-9 | 전화번호: 1522-3232
220,방학역,서울,37.6653125,127.0433125,주소: 서울특별시 도봉구 방학동 707-6 | 전화번호: 1522-3232
221,창동역,서울,37.654090067801164,127.04950227479924,주소: 서울특별시 도봉구 창동 1-28 씨드큐브 창동 | 전화번호: 1522-3232
222,노량진동,서울,37.513068,126.946537,주소: 서울특별시 동작구 노량진동 333 고려교육타워-어바니엘한강 101호~105호 | 전화번호: 1522-3232
223,남성역,서울,37.4841198,126.9725739,주소: 서울특별시 동작구 사당동 252-15 | 전화번호: 1522-3232
224,상도역,서울,37.5031936,126.9484581,주소: 서울특별시 동작구 상도1동 666-5 | 전화번호: 1522-3232
225,보라매공원R,서울,37.49191014040362,126.92354836012281,"주소: 서울특별시 동작구 신대방동 395-65 파크스퀘어,보라매현대APT | 전화번호: 1522-3232"
226,이수자이,서울,37.484414,126.980047,주소: 서울특별시 동작구 사당동 147-29 이수자이 | 전화번호: 1522-3232
227,노량진역,서울,37.51339,126.940879,주소: 서울특별시 동작구 노량진동 62-8 이도타워 | 전화번호: 1522-3232
228,신대방삼거리역,서울,37.50034872148687,126.93198758957686,주소: 서울특별시 동작구 상도동 324-1번지 | 전화번호: 1522-3232
229,중앙대,서울,37.506933,126.958125,주소: 서울특별시 동작구 흑석동 205-5 | 전화번호: 1522-3232
230,숭실대입구역,서울,37.4968346,126.95271230000003,주소: 서울특별시 동작구 상도동 475-5 | 전화번호: 1522-3232
231,숭실대,서울,37.49538073,126.9548891,"주소: 서울특별시 동작구 상도동 501-9,11 | 전화번호: 1522-3232"
232,사당역,서울,37.47849216,126.9813456,주소: 서울특별시 동작구 사당동 1031-27 양지빌딩 1-3층 | 전화번호: 1522-3232
233,상도대로,서울,37.5050479253333,126.942893815432,"주소: 서울특별시 동작구 상도동 27-14 성현빌딩, 1층 | 전화번호: 1522-3232"
234,이수역13번출구,서울,37.4873371169464,126.981493294163,"주소: 서울특별시 동작구 사당동 139-30 지안플라자, 1층 | 전화번호: 1522-3232"
235,장승배기역,서울,37.505808264565026,126.939243551979,주소: 서울특별시 동작구 상도동 900 상도파크자이 제상가동 제지2층 105호 | 전화번호: 1522-3232
236,서강대프라자,서울,37.55102696988243,126.94313374835716,"주소: 서울특별시 마포구 신수동 1-1 서강대학교 지하캠퍼스 지하1층 104, 105-1호 | 전화번호: 1522-3232"
237,상암YTN,서울,37.579314265546294,126.89221044590168,주소: 서울특별시 마포구 상암동 1607 YTN 뉴스퀘어 | 전화번호: 1522-3232
238,마포용강동,서울,37.541186,126.942209,주소: 서울특별시 마포구 용강동 112-2외 9필지 근린생활시설 | 전화번호: 1522-3232
239,홍대입구역사거리R,서울,37.554636,126.92036,주소: 서울특별시 마포구 서교동 353-5 경남관광빌딩 | 전화번호: 1522-3232
240,마포경찰서후문,서울,37.5508,126.953432,주소: 서울특별시 마포구 아현동 618-19 마포 센텀 슬로우스퀘어 | 전화번호: 1522-3232
241,공덕,서울,37.545913,126.952956,주소: 서울특별시 마포구 공덕동 254-8 동방빌딩 | 전화번호: 1522-3232
242,합정폴리스R,서울,37.5509,126.9134,주소: 서울특별시 마포구 서교동 490 메세나폴리스 B189~193 | 전화번호: 1522-3232
243,홍대공항철도역,서울,37.557491,126.925146,주소: 서울특별시 마포구 동교동 166-1 | 전화번호: 1522-3232
244,마포염리,서울,37.543876,126.94768,주소: 서울특별시 마포구 염리동 168-9 국민건강보험공단 | 전화번호: 1522-3232
245,서강광흥창역,서울,37.549377,126.931661,주소: 서울특별시 마포구 창전동 130 | 전화번호: 1522-3232
246,합정,서울,37.54997888236882,126.91254036891405,"주소: 서울특별시 마포구 합정동 472 마포한강푸르지오 110, 111, 112-2 | 전화번호: 1522-3232"
247,서강대흥역,서울,37.548178,126.941576,주소: 서울특별시 마포구 대흥동 111-1 | 전화번호: 1522-3232
248,서교동사거리,서울,37.553376,126.918564,주소: 서울특별시 마포구 서교동 374-20 | 전화번호: 1522-3232
249,상암사보이시티,서울,37.581462210224295,126.88878549621795,주소: 서울특별시 마포구 상암동 1597 사보이시티 DMC | 전화번호: 1522-3232
250,신촌오거리,서울,37.555137,126.934694,주소: 서울특별시 마포구 노고산동 54-1 | 전화번호: 1522-3232
251,상암디지털큐브,서울,37.57613521806125,126.88892643460335,주소: 서울특별시 마포구 상암동 1647 | 전화번호: 1522-3232
252,상수역,서울,37.5474817,126.92321579999998,주소: 서울특별시 마포구 상수동 329-1 | 전화번호: 1522-3232
253,공덕오거리,서울,37.5424641,126.95057730000008,주소: 서울특별시 마포구 도화동 22 창강빌딩 | 전화번호: 1522-3232
254,서강대,서울,37.5524584,126.9378262,주소: 서울특별시 마포구 신수동 63-14 | 전화번호: 1522-3232
255,상암MBC,서울,37.58094223885055,126.89158543354138,"주소: 서울특별시 마포구 상암동 1603,1604 MBC신사옥 C1 경영센터 | 전화번호: 1522-3232"
256,홍대역,서울,37.557175,126.923654,주소: 서울특별시 마포구 동교동 159-1 상진빌딩 1층 | 전화번호: 1522-3232
257,동교,서울,37.556928,126.919819,주소: 서울특별시 마포구 동교동 205-6 영준빌딩 1층 | 전화번호: 1522-3232
258,애오개역,서울,37.55223744461472,126.95571716513444,주소: 서울특별시 마포구 아현동 738번지 마포트라팰리스II | 전화번호: 1522-3232
259,상암DMC,서울,37.57770031657981,126.8909363638002,"주소: 서울특별시 마포구 상암동 1654번지 DMC 이안상암1단지 102호,202호 | 전화번호: 1522-3232"
260,마포일진빌딩,서울,37.54043451,126.9463168,주소: 서울특별시 마포구 도화동 50-1 일진빌딩 1층 | 전화번호: 1522-3232
261,마포아크로,서울,37.5413348427548,126.948866602054,주소: 서울특별시 마포구 도화동 563 마포아크로타워 | 전화번호: 1522-3232
262,홍대삼거리,서울,37.55026561183446,126.9232087107694,주소: 서울특별시 마포구 상수동 86-22 번지 | 전화번호: 1522-3232
263,망원역,서울,37.555829,126.910637,주소: 서울특별시 마포구 서교동 475-13 | 전화번호: 1522-3232
264,마포이마트,서울,37.542421,126.953341,주소: 서울특별시 마포구 신공덕동 173 | 전화번호: 1522-3232
265,합정메세나몰,서울,37.55005846963587,126.91355876250871,"주소: 서울특별시 마포구 서교동 490 메세나폴리스 지하1층 B161,162,163,164, | 전화번호: 1522-3232"
266,아현역대로,서울,37.55717010065948,126.95490786760611,"주소: 서울특별시 마포구 아현동 330-5외 3필지 아르띠타워 가동 102,103호 | 전화번호: 1522-3232"
267,디지털미디어시티역,서울,37.57614872684475,126.89894785452836,주소: 서울특별시 마포구 상암동 1623 한샘상암사옥 1층 | 전화번호: 1522-3232
268,홍대역8번출구,서울,37.556743503599,126.924166543608,주소: 서울특별시 마포구 동교동 165-1 미래프라자 1층 | 전화번호: 1522-3232
269,마포역뉴매드,서울,37.538988480523095,126.94549072264988,"주소: 서울특별시 마포구 마포동 451, 103, 104호 | 전화번호: 1522-3232"
270,합정푸르지오,서울,37.55094290761422,126.9124826592047,주소: 서울특별시 마포구 합정동 473 마포 한강 2차 푸르지오 227~229호 | 전화번호: 1522-3232
271,홍대동교,서울,37.5583280533329,126.926246501876,주소: 서울특별시 마포구 동교동 173-14 | 전화번호: 1522-3232
272,망원한강공원,서울,37.55397484916793,126.89592784171349,주소: 서울특별시 마포구 망원동 205-5 Mapoint 2층 | 전화번호: 1522-3232
273,마포구청역,서울,37.5649569864623,126.902554646241,주소: 서울특별시 마포구 성산동 591-3 1층 일부 | 전화번호: 1522-3232
274,가재울뉴타운,서울,37.57507214454173,126.91635993282007,주소: 서울특별시 서대문구 남가좌동 385 DMC파크뷰자이2단지별동상가1층 | 전화번호: 1522-3232
275,남가좌사거리,서울,37.577386,126.920815,주소: 서울특별시 서대문구 남가좌동 224-1 DMC에코자이 104동 | 전화번호: 1522-3232
276,신촌역,서울,37.55625738,126.934653,주소: 서울특별시 서대문구 창천동 72-12 거화빌딩 | 전화번호: 1522-3232
277,아현역,서울,37.558245014814666,126.95616914989029,주소: 서울특별시 서대문구 북아현동 136-21 e편한세상신촌 4단지 | 전화번호: 1522-3232
278,홍제역,서울,37.588658,126.943864,주소: 서울특별시 서대문구 홍제동 301-19 홍제빌딩 | 전화번호: 1522-3232
279,연세백양로,서울,37.562874457,126.937440049,주소: 서울특별시 서대문구 신촌동 134 연세대학교 | 전화번호: 1522-3232
280,연희DT,서울,37.5702143,126.9339777,"주소: 서울특별시 서대문구 연희동 87-7 ,87-8 | 전화번호: 1522-3232"
281,경기대,서울,37.56367995,126.9646045,주소: 서울특별시 서대문구 충정로2가 191 | 전화번호: 1522-3232
282,신촌,서울,37.556501906944405,126.93697004216074,"주소: 서울특별시 서대문구 창천동 18-55 즐거운빌딩 1,2,3층 | 전화번호: 1522-3232"
283,이대,서울,37.55848315,126.9459643,주소: 서울특별시 서대문구 대현동 54-4 | 전화번호: 1522-3232
284,연세종합관,서울,37.561468543,126.941119654,주소: 서울특별시 서대문구 신촌동 134번지 성산로 250 연세세브란스 종합관 | 전화번호: 1522-3232
285,이대ECC,서울,37.561631,126.94735,주소: 서울특별시 서대문구 대현동 11-1 이화여자대학교 B415호 | 전화번호: 1522-3232
286,연대,서울,37.558706,126.936727,주소: 서울특별시 서대문구 창천동 33-9번지 | 전화번호: 1522-3232
287,충정로역,서울,37.56137,126.963219,주소: 서울특별시 서대문구 충정로3가 95-1 | 전화번호: 1522-3232
288,연대동문,서울,37.56648507,126.9463253,주소: 서울특별시 서대문구 대신동 115번지 | 전화번호: 1522-3232
289,신촌명물거리,서울,37.557768434,126.938154503,주소: 서울특별시 서대문구 창천동 13-19 번지 1-5층 | 전화번호: 1522-3232
290,충정타워,서울,37.559869,126.96411,주소: 서울특별시 서대문구 충정로3가 464번지 충정타워 1층 | 전화번호: 1522-3232
291,명지대,서울,37.579040898408955,126.92278859674575,"주소: 서울특별시 서대문구 남가좌동 50-3 명지대학교, 지하2층 | 전화번호: 1522-3232"
292,이대역,서울,37.55702459539767,126.94630659955033,주소: 서울특별시 서대문구 대현동 45-8 유인빌딩 | 전화번호: 1522-3232
293,신촌로,서울,37.55580883425132,126.93828627236182,주소: 서울특별시 서대문구 창천동 29-81 신촌르메이에르타운5 | 전화번호: 1522-3232
294,북가좌DT,서울,37.580758,126.911478,주소: 서울특별시 서대문구 북가좌동 309-16 | 전화번호: 1522-3232
295,연세암병원,서울,37.56046655095749,126.93745338050667,주소: 서울특별시 서대문구 신촌동 134 세브란스병원 암센터 | 전화번호: 1522-3232
296,연희동,서울,37.5654550624029,126.929552728948,주소: 서울특별시 서대문구 연희동 193-1 한영빌딩 | 전화번호: 1522-3232
297,현대신촌,서울,37.55592458080376,126.93569449086847,주소: 서울특별시 서대문구 창천동 30-33 현대백화점신촌점 | 전화번호: 1522-3232
298,방배로,서울,37.4793434,126.9994968,주소: 서울특별시 서초구 방배동 1022-5 감정평가사회관 | 전화번호: 1522-3232
299,강남교보타워R,서울,37.5037107773698,127.024335263404,주소: 서울특별시 서초구 서초동 1303-22 교보타워 | 전화번호: 1522-3232
300,방배다이치빌딩,서울,37.48431,126.996075,주소: 서울특별시 서초구 방배동 907-1 다이치빌딩 | 전화번호: 1522-3232
301,센트럴F1,서울,37.505148,127.004395,주소: 서울특별시 서초구 반포동 19-3 센트럴시티빌딩 | 전화번호: 1522-3232
302,서초역이화빌딩,서울,37.488356,127.009058,주소: 서울특별시 서초구 서초동 1538-10 IWHA (이화빌딩) | 전화번호: 1522-3232
303,서초구청,서울,37.484353839,127.030090489,주소: 서울특별시 서초구 서초동 1365-23 | 전화번호: 1522-3232
304,서초우성사거리,서울,37.493545,127.02943,주소: 서울특별시 서초구 서초동 1329-7 신덕빌딩 | 전화번호: 1522-3232
305,이수역사거리,서울,37.48585,126.983027,주소: 서울특별시 서초구 방배동 3001-2 방배디오슈페리움1 | 전화번호: 1522-3232
306,강남대로신사,서울,37.51489,127.019469,주소: 서울특별시 서초구 잠원동 21-7 경승빌딩 | 전화번호: 1522-3232
307,서울고속터미널,서울,37.5045697,127.0061603,주소: 서울특별시 서초구 반포동 19-4 강남고속버스터미널 | 전화번호: 1522-3232
308,방배,서울,37.491914,126.99049739999998,주소: 서울특별시 서초구 방배동 812-2 | 전화번호: 1522-3232
309,방배카페거리,서울,37.4934767,126.9865297,주소: 서울특별시 서초구 방배동 777-11 | 전화번호: 1522-3232
310,서초법원,서울,37.492881,127.01208,주소: 서울특별시 서초구 서초동 1572-4 | 전화번호: 1522-3232
311,청계산입구역,서울,37.447323,127.05625,주소: 서울특별시 서초구 신원동 205-1 | 전화번호: 1522-3232
312,사당로데오,서울,37.4772752,126.98216049999996,주소: 서울특별시 서초구 방배동 444-7 | 전화번호: 1522-3232
313,파미에파크R,서울,37.5030521,127.004362,주소: 서울특별시 서초구 반포동 118-3 센트럴시티 파미에파크돔 BP4-9호 | 전화번호: 1522-3232
314,양재역,서울,37.482379525,127.036853356,주소: 서울특별시 서초구 양재동 14-4 모산빌딩 | 전화번호: 1522-3232
315,이수역,서울,37.4864664,126.98274029999993,주소: 서울특별시 서초구 방배동 3000-1 | 전화번호: 1522-3232
316,내방역,서울,37.490004,126.992455,주소: 서울특별시 서초구 방배동 851-1 대풍빌딩 | 전화번호: 1522-3232
317,서초파라곤,서울,37.49494258899,127.027426341397,주소: 서울특별시 서초구 서초동 1327-29 서초파라곤 | 전화번호: 1522-3232
318,서울아트센터,서울,37.480866,127.012368,주소: 서울특별시 서초구 서초동 1464-22 호경빌딩 | 전화번호: 1522-3232
319,서초중앙로,서울,37.501691,127.01152,주소: 서울특별시 서초구 반포동 52-6 남도빌딩 | 전화번호: 1522-3232
320,센트럴시티,서울,37.504707,127.004459,주소: 서울특별시 서초구 반포동 19-3 | 전화번호: 1522-3232
321,방배역,서울,37.48200755,126.9976438,주소: 서울특별시 서초구 방배동 908-10 | 전화번호: 1522-3232
322,반포역,서울,37.508589,127.011959,주소: 서울특별시 서초구 잠원동 58-24 신반포11차상가 | 전화번호: 1522-3232
323,남부터미널,서울,37.48467334,127.0169464,주소: 서울특별시 서초구 서초동 1445-4 래미안 서초유니빌 1층 101호 | 전화번호: 1522-3232
324,뉴코아강남,서울,37.51031339,127.0069582,주소: 서울특별시 서초구 잠원동 70-1 킴스클럽 | 전화번호: 1522-3232
325,강남서초초교,서울,37.5000875,127.02549090000002,"주소: 서울특별시 서초구 서초동 1307-19 유빌딩 1,2층 | 전화번호: 1522-3232"
326,교대,서울,37.4923611,127.0142207,주소: 서울특별시 서초구 서초동 1657-5 카이스시스템빌딩 | 전화번호: 1522-3232
327,하이브랜드,서울,37.46252023465575,127.03666795290289,주소: 서울특별시 서초구 양재2동 215 번지 리빙관 101호 | 전화번호: 1522-3232
328,영동2교,서울,37.48203954,127.0425748,주소: 서울특별시 서초구 양재동 4-3번지 대흥빌딩 | 전화번호: 1522-3232
329,남부터미널역5번출구,서울,37.48436736,127.0142192,주소: 서울특별시 서초구 서초동 1457-1 | 전화번호: 1522-3232
330,서래마을입구,서울,37.49925284,126.9984801,주소: 서울특별시 서초구 반포동 92-1 | 전화번호: 1522-3232
331,몬테소리,서울,37.4982695,127.026865,주소: 서울특별시 서초구 서초동 1318-8 | 전화번호: 1522-3232
332,서초역,서울,37.49067495,127.0086118,주소: 서울특별시 서초구 서초동 1542-14번지 | 전화번호: 1522-3232
333,교대법원,서울,37.496329,127.013336,주소: 서울특별시 서초구 서초동 1699-3 번지 | 전화번호: 1522-3232
334,강남GT타워,서울,37.4979079083082,127.026162553761,주소: 서울특별시 서초구 서초동 1317-23 GT타워 | 전화번호: 1522-3232
335,서초동,서울,37.485941,127.021525,주소: 서울특별시 서초구 서초동 1439-14 현우빌딩1층 | 전화번호: 1522-3232
336,서울교대,서울,37.4874556,127.0152554,주소: 서울특별시 서초구 서초동 1623-1번지 1층 | 전화번호: 1522-3232
337,강남에비뉴,서울,37.5025778098288,127.024105881331,주소: 서울특별시 서초구 서초동 1303-16번지 강남역아이파크 B102~B105 | 전화번호: 1522-3232
338,서초우면,서울,37.4640476055239,127.02502435253,"주소: 서울특별시 서초구 우면동 725 네이처프라자 103호, 104호 | 전화번호: 1522-3232"
339,강남역7번출구,서울,37.4970606789351,127.02741184949288,주소: 서울특별시 서초구 서초동 1319-9 | 전화번호: 1522-3232
340,반포자이,서울,37.507170475349405,127.0099189083483,주소: 서울특별시 서초구 반포동 20-45 반포자이플라자 | 전화번호: 1522-3232
341,서초태우빌딩,서울,37.48870504886586,127.03158117446388,주소: 서울특별시 서초구 서초동 1357-10 태우빌딩 | 전화번호: 1522-3232
342,교대역3번출구,서울,37.4943456632732,127.014900469688,주소: 서울특별시 서초구 서초동 1692-3 | 전화번호: 1522-3232
343,반포원베일리,서울,37.504657083267006,126.99903302367885,주소: 서울특별시 서초구 반포동 0 원베일리 스퀘어 | 전화번호: 1522-3232
344,양재역신분당역사,서울,37.4839347328908,127.034544193436,주소: 서울특별시 서초구 서초동 1366-9 양재역 지하1층 12호 (7번출구쪽) | 전화번호: 1522-3232
345,강남역우송빌딩,서울,37.4981314601413,127.02527908458,주소: 서울특별시 서초구 서초동 1316-28 | 전화번호: 1522-3232
346,남부순환로방배DT,서울,37.47325689751075,126.99600935915565,"주소: 서울특별시 서초구 방배동 623-4, 1동 | 전화번호: 1522-3232"
347,양재하나로마트,서울,37.462361,127.043181,주소: 서울특별시 서초구 양재동 230 농협하나로클럽 | 전화번호: 1522-3232
348,신논현역,서울,37.5043755164343,127.023102504191,"주소: 서울특별시 서초구 반포동 747-13, 1층 | 전화번호: 1522-3232"
349,강남역5번출구호정빌딩,서울,37.49454215600861,127.0282986178732,주소: 서울특별시 서초구 서초동 1327-35 호정빌딩 | 전화번호: 1522-3232
350,서이초교사거리,서울,37.4918146,127.0252252,주소: 서울특별시 서초구 서초동 1332-4 폭스타운 | 전화번호: 1522-3232
351,동작대로,서울,37.4829997962039,126.982366878842,주소: 서울특별시 서초구 방배동 438-16 | 전화번호: 1522-3232
352,강남르피에드,서울,37.4956746205474,127.025161328523,주소: 서울특별시 서초구 서초동 1321-7 | 전화번호: 1522-3232
353,대륭서초타워,서울,37.492079729366196,127.03001929643271,주소: 서울특별시 서초구 서초동 1337-20 대륭서초타워 | 전화번호: 1522-3232
354,뉴코아강남B1,서울,37.509145,127.007562,주소: 서울특별시 서초구 잠원동 70-2 뉴코아백화점 | 전화번호: 1522-3232
355,서울웨이브아트센터,서울,37.518807,127.00704,주소: 서울특별시 서초구 잠원동 149-2 | 전화번호: 1522-3232
356,논현역,서울,37.5114376142061,127.020548691552,주소: 서울특별시 서초구 잠원동 37-7 1~2층 | 전화번호: 1522-3232
357,길음역,서울,37.602139,127.025271,주소: 서울특별시 성북구 돈암동 625-2 BR빌딩 | 전화번호: 1522-3232
358,미아이마트,서울,37.61054298669914,127.02998756720751,주소: 서울특별시 성북구 길음동 25-2 신세계 이마트 미아점 | 전화번호: 1522-3232
359,종암DT,서울,37.5919525,127.0360401,주소: 서울특별시 성북구 종암동 29-10 | 전화번호: 1522-3232
360,미아,서울,37.607581,127.029303,주소: 서울특별시 성북구 하월곡동 89-7 부영빌딩 | 전화번호: 1522-3232
361,성신여대정문,서울,37.59091,127.0188,주소: 서울특별시 성북구 동선동2가 134 모아빌딩 | 전화번호: 1522-3232
362,종암,서울,37.601095,127.033847,주소: 서울특별시 성북구 종암동 3-686 시원빌딩 | 전화번호: 1522-3232
363,삼선교,서울,37.588696,127.00732070000004,주소: 서울특별시 성북구 동소문동2가 11번지외 1필지 중 가호 1~2층 | 전화번호: 1522-3232
364,월곡역,서울,37.60203,127.040643,주소: 서울특별시 성북구 하월곡동 46-73번지 101-1호 | 전화번호: 1522-3232
365,고대,서울,37.583925,127.029594,주소: 서울특별시 성북구 안암동5가 104-30 0830 | 전화번호: 1522-3232
366,현대미아,서울,37.608513711399176,127.02917698842086,주소: 서울특별시 성북구 길음동 20-1 현대백화점미아점 지하1층 | 전화번호: 1522-3232
367,성신여대,서울,37.593135,127.018379,주소: 서울특별시 성북구 동선동1가 92-1번지 | 전화번호: 1522-3232
368,안암역,서울,37.586319,127.030556,주소: 서울특별시 성북구 안암동5가 92번지 | 전화번호: 1522-3232
369,한성대입구역,서울,37.5890412145186,127.004897965888,주소: 서울특별시 성북구 성북동1가 35-1번지 | 전화번호: 1522-3232
370,길음뉴타운,서울,37.603633,127.023459,주소: 서울특별시 성북구 길음동 542-1 길음역롯데캐슬트윈골드아파트 | 전화번호: 1522-3232
371,고대안암병원,서울,37.586874,127.02811,주소: 서울특별시 성북구 안암동5가 126-1 고려대학교 안암병원 제1주차장 3층(상층부 근린생활시설) | 전화번호: 1522-3232
372,돌곶이역4번출구,서울,37.611697,127.058109,주소: 서울특별시 성북구 장위동 50-46 H하우스 장위 | 전화번호: 1522-3232
373,장위뉴타운,서울,37.618072316295915,127.05152854027804,주소: 서울특별시 성북구 장위동 143-38 타워39 | 전화번호: 1522-3232
374,성신여대입구역,서울,37.59303,127.016755,주소: 서울특별시 성북구 동선동4가 1 (주)하나은행 돈암동지점 | 전화번호: 1522-3232
375,송파나루역DT,서울,37.510976,127.110358,주소: 서울특별시 송파구 송파동 59-9 송봉주유소 | 전화번호: 1522-3232
376,송파헬리오시티,서울,37.4977826892486,127.102851954992,주소: 서울특별시 송파구 가락동 479 헬리오시티 단지상가 3A 16호~21호 | 전화번호: 1522-3232
377,잠실시그마타워,서울,37.51461,127.102774,주소: 서울특별시 송파구 신천동 7-19 잠실시그마타워 | 전화번호: 1522-3232
378,문정법원로R,서울,37.487356272840366,127.11911981125742,주소: 서울특별시 송파구 문정동 642 송파 테라타워2 | 전화번호: 1522-3232
379,송파개롱역,서울,37.49713613426668,127.13631299009975,주소: 서울특별시 송파구 가락동 174-14 한라산업개발빌딩 | 전화번호: 1522-3232
380,문정하비오,서울,37.48211912934925,127.12354072397868,주소: 서울특별시 송파구 문정동 618 파크하비오 204동 104호~107호 | 전화번호: 1522-3232
381,문정역,서울,37.48529649766194,127.12227677436003,"주소: 서울특별시 송파구 문정동 651 테라타워 B동 137호~139호,204호 | 전화번호: 1522-3232"
382,잠실대교남단R,서울,37.515511,127.099006,주소: 서울특별시 송파구 신천동 7-30 타워730 1층 | 전화번호: 1522-3232
383,송파위례,서울,37.478416,127.143161,"주소: 서울특별시 송파구 장지동 884 위례2차아이파크 제상가 3동 1층 C-104, 105, 106, 107호 | 전화번호: 1522-3232"
384,송파방이DT,서울,37.506564,127.120495,"주소: 서울특별시 송파구 방이동 226-10, 226-11 | 전화번호: 1522-3232"
385,올림픽평화의문,서울,37.5156426,127.11648190000005,주소: 서울특별시 송파구 방이동 180-8 해태그린피아빌라트 | 전화번호: 1522-3232
386,송파아이파크,서울,37.47979344097158,127.12242043651425,주소: 서울특별시 송파구 문정동 624 송파아이파크 C-301호 | 전화번호: 1522-3232
387,송파사거리,서울,37.5022788,127.1103904,주소: 서울특별시 송파구 송파동 96-7 | 전화번호: 1522-3232
388,석촌서호,서울,37.5063929,127.0964684,주소: 서울특별시 송파구 삼전동 130-2 | 전화번호: 1522-3232
389,문정로데오,서울,37.491858429761606,127.12623104068281,주소: 서울특별시 송파구 가락동 125-6 | 전화번호: 1522-3232
390,올림픽훼미리,서울,37.491616375205915,127.11626573028454,주소: 서울특별시 송파구 문정동 150-26 훼미리샤르망 101~104호 | 전화번호: 1522-3232
391,올림픽공원남문,서울,37.5133,127.123113,주소: 서울특별시 송파구 방이동 181번지 외 2필지 | 전화번호: 1522-3232
392,방이역,서울,37.5084904076542,127.126776485458,주소: 서울특별시 송파구 오금동 17-8 1~2층 | 전화번호: 1522-3232
393,석촌호수,서울,37.50957859,127.10532641,"주소: 서울특별시 송파구 송파동 7-4, 7-5 (석촌호수로 262) 1~3층 | 전화번호: 1522-3232"
394,잠실푸르지오월드,서울,37.517287,127.103247,주소: 서울특별시 송파구 신천동 11-4 잠실푸르지오월드마크 1층 | 전화번호: 1522-3232
395,잠실새내역,서울,37.511679,127.081062,주소: 서울특별시 송파구 잠실동 181외 3필지 | 전화번호: 1522-3232
396,잠실역,서울,37.515272,127.099231,"주소: 서울특별시 송파구 신천동 7-17 웰리스타워,삼성웰리스아파트 (한빛프라자 1층,2층) | 전화번호: 1522-3232"
397,갤러리아팰리스,서울,37.511561,127.093616,주소: 서울특별시 송파구 잠실동 40번지 갤러리아 팰리스 | 전화번호: 1522-3232
398,아시아선수촌,서울,37.51059,127.079047,주소: 서울특별시 송파구 잠실동 175 | 전화번호: 1522-3232
399,올림픽아파트,서울,37.515315,127.133237,주소: 서울특별시 송파구 방이동 89-12 | 전화번호: 1522-3232
400,가락본동,서울,37.494812392616524,127.11883481297143,주소: 서울특별시 송파구 가락동 97-7 | 전화번호: 1522-3232
401,석촌역,서울,37.50442905864979,127.1062991981057,주소: 서울특별시 송파구 석촌동 286-9번지 1층 | 전화번호: 1522-3232
402,가락시장역,서울,37.49442875605291,127.1217432178345,주소: 서울특별시 송파구 가락동 79번지 롯데캐슬 파인힐 1층 | 전화번호: 1522-3232
403,가든파이브,서울,37.477974676564614,127.12118515527476,주소: 서울특별시 송파구 문정동 292 가든파이브툴 지하1층 | 전화번호: 1522-3232
404,문정역2번출구,서울,37.48629340180307,127.12320273731552,"주소: 서울특별시 송파구 문정동 55-6번지, B102~B103호 | 전화번호: 1522-3232"
405,잠실본동,서울,37.5086445885442,127.07949103207,"주소: 서울특별시 송파구 잠실동 196-8외 1필지, 1층 | 전화번호: 1522-3232"
406,송파NC,서울,37.47790894730962,127.12588253649938,주소: 서울특별시 송파구 문정동 634 가든파이브라이프 패션관1층 | 전화번호: 1522-3232
407,잠실트리지움,서울,37.5109647,127.0861225,주소: 서울특별시 송파구 잠실동 35-2 트리지움 | 전화번호: 1522-3232
408,송파거여역,서울,37.49360000716603,127.14364544756283,주소: 서울특별시 송파구 거여동 21-8 | 전화번호: 1522-3232
409,몽촌토성역,서울,37.516913,127.113127,주소: 서울특별시 송파구 방이동 44-3 현대토픽스 | 전화번호: 1522-3232
410,잠실학원사거리,서울,37.5073157,127.0909887,주소: 서울특별시 송파구 삼전동 1 삼전빌딩 | 전화번호: 1522-3232
411,잠실르엘,서울,37.51595,127.10663,"주소: 서울특별시 송파구 신천동 17-6 104, 105, 106 | 전화번호: 1522-3232"
412,송파KT,서울,37.51394208,127.10699228,"주소: 서울특별시 송파구 신천동 29-1, 오피스빌딩 1층 2~4호 | 전화번호: 1522-3232"
413,송파풍납,서울,37.5290304826608,127.116078617044,주소: 서울특별시 송파구 풍납동 403-2 도원빌딩 | 전화번호: 1522-3232
414,문정법조타운 한양타워,서울,37.485796586165364,127.11781422446037,주소: 서울특별시 송파구 문정동 641-11 한양타워 | 전화번호: 1522-3232
415,잠실래미안아이파크,서울,37.519191562610914,127.10925556203985,주소: 서울특별시 송파구 신천동 20-4 | 전화번호: 1522-3232
416,송파마천사거리DT,서울,37.499829,127.147672,주소: 서울특별시 송파구 마천동 43-1 | 전화번호: 1522-3232
417,목동파리공원,서울,37.535336,126.878852,주소: 서울특별시 양천구 목동 907-18 | 전화번호: 1522-3232
418,등촌역,서울,37.548884,126.86807,주소: 서울특별시 양천구 목동 602-2 | 전화번호: 1522-3232
419,목동행복한,서울,37.52972767740793,126.8759452307731,주소: 서울특별시 양천구 목동 917-6 행복한세상 | 전화번호: 1522-3232
420,신정DT,서울,37.521993,126.858865,주소: 서울특별시 양천구 신정동 981-15 | 전화번호: 1522-3232
421,목동역,서울,37.526684,126.863986,주소: 서울특별시 양천구 신정동 900-10 | 전화번호: 1522-3232
422,목동오목로,서울,37.525923,126.868438,주소: 서울특별시 양천구 목동 406-4 현대프라자 | 전화번호: 1522-3232
423,목동8단지,서울,37.520518,126.868841,주소: 서울특별시 양천구 신정동 319-23 토피아빌딩 | 전화번호: 1522-3232
424,오목교역,서울,37.523855929257174,126.87644987818643,주소: 서울특별시 양천구 목동 404-13 | 전화번호: 1522-3232
425,신월IC DT,서울,37.529502437956104,126.83220232277918,주소: 서울특별시 양천구 신월동 205-49 | 전화번호: 1522-3232
426,목동7단지,서울,37.528012,126.87053,주소: 서울특별시 양천구 목동 923 세신비젼프라자 | 전화번호: 1522-3232
427,목동5단지,서울,37.5363856363692,126.88211754815595,주소: 서울특별시 양천구 목동 908-34 부영그린타운3차 1동 116호 | 전화번호: 1522-3232
428,목동,서울,37.53638383,126.8785597,주소: 서울특별시 양천구 목동 907-4 우성에펠타운(우성에펠타운빌딩) | 전화번호: 1522-3232
429,현대목동,서울,37.526627173612354,126.87494068240842,주소: 서울특별시 양천구 목동 916 현대하이페리온 (현대백화점 목동점 지하2층) | 전화번호: 1522-3232
430,목동SBS,서울,37.52896162444895,126.87363009594164,"주소: 서울특별시 양천구 목동 920, 101호, 201호 | 전화번호: 1522-3232"
431,목동트라팰리스,서울,37.5255,126.8702,주소: 서울특별시 양천구 목동 962 목동트라팰리스 | 전화번호: 1522-3232
432,신정네거리역 1번출구,서울,37.517709929242365,126.85373778304876,"주소: 서울특별시 양천구 신정동 1182-11 103호, 104호 | 전화번호: 1522-3232"
433,목동10단지,서울,37.515425616177,126.859603067999,"주소: 서울특별시 양천구 신정동 324-7 대림아크로빌, 상가A동 101,101-1호 | 전화번호: 1522-3232"
434,신월동DT,서울,37.5382923530559,126.827101409243,주소: 서울특별시 양천구 신월동 52-14 | 전화번호: 1522-3232
435,타임스퀘어R,서울,37.51809815438478,126.90530700269684,주소: 서울특별시 영등포구 영등포동4가 442 타임스퀘어 | 전화번호: 1522-3232
436,샛강역,서울,37.51832551004046,126.93111724189157,주소: 서울특별시 영등포구 여의도동 55-2 | 전화번호: 1522-3232
437,영등포역,서울,37.517020000646795,126.9091910464292,주소: 서울특별시 영등포구 영등포동1가 143-3 영등포 J&amp;S | 전화번호: 1522-3232
438,당산대로,서울,37.533121,126.903804,주소: 서울특별시 영등포구 당산동6가 217-2 | 전화번호: 1522-3232
439,여의도IFC몰(L1)R,서울,37.525386315990104,126.92606524560121,주소: 서울특별시 영등포구 여의도동 23 서울 국제금융 센터 지하1층 178호 | 전화번호: 1522-3232
440,여의도KBS R,서울,37.526596,126.918456,주소: 서울특별시 영등포구 여의도동 17-9 | 전화번호: 1522-3232
441,국회대로,서울,37.53026,126.919549,주소: 서울특별시 영등포구 여의도동 14 B&B타워 | 전화번호: 1522-3232
442,영등포KT,서울,37.526419,126.905314,주소: 서울특별시 영등포구 영등포동8가 35-1 | 전화번호: 1522-3232
443,여의도공원R,서울,37.529129532990446,126.92535729471122,주소: 서울특별시 영등포구 여의도동 12 C.C.M.M빌딩 | 전화번호: 1522-3232
444,국회의사당역,서울,37.52805409993459,126.91711953333622,주소: 서울특별시 영등포구 여의도동 17-3 삼환까뮤빌딩 | 전화번호: 1522-3232
445,여의도역R,서울,37.523328,126.923439,주소: 서울특별시 영등포구 여의도동 23-6   1층 | 전화번호: 1522-3232
446,선유동이레빌딩,서울,37.534277678053385,126.89697631969192,주소: 서울특별시 영등포구 양평동4가 2 이레빌딩 | 전화번호: 1522-3232
447,동여의도,서울,37.52063015571123,126.93168638298106,주소: 서울특별시 영등포구 여의도동 43-4 롯데캐슬 아이비(롯데캐슬IVY) | 전화번호: 1522-3232
448,여의도ABL타워,서울,37.518916067553775,126.92801160607287,주소: 서울특별시 영등포구 여의도동 45-21 알리안츠타워 | 전화번호: 1522-3232
449,영등포신길,서울,37.504566,126.910073,"주소: 서울특별시 영등포구 신길동 252-9, 1,2층 | 전화번호: 1522-3232"
450,문래역,서울,37.517446,126.895258,주소: 서울특별시 영등포구 문래동3가 55-5 1~2층 | 전화번호: 1522-3232
451,당산,서울,37.53510012434575,126.8999253804793,주소: 서울특별시 영등포구 당산동6가 338-1 | 전화번호: 1522-3232
452,여의도한양증권,서울,37.522394620369006,126.92913949791395,주소: 서울특별시 영등포구 여의도동 34-11 한양증권 | 전화번호: 1522-3232
453,여의도일신,서울,37.52774993247095,126.92027623791678,주소: 서울특별시 영등포구 여의도동 15-15 1층 1 | 전화번호: 1522-3232
454,하이테크시티,서울,37.51445587278118,126.89987943038909,주소: 서울특별시 영등포구 문래동3가 55-20 에이스하이테크시티 | 전화번호: 1522-3232
455,여의도,서울,37.524085774422,126.92472598662613,주소: 서울특별시 영등포구 여의도동 23-9 | 전화번호: 1522-3232
456,롯데캐슬여의도,서울,37.52025214,126.9263678,주소: 서울특별시 영등포구 여의도동 36 롯데캐슬엠파이어 1층 104호 | 전화번호: 1522-3232
457,문래동,서울,37.519602,126.889652,주소: 서울특별시 영등포구 문래동3가 77-1번지 대창타운빌 1층 | 전화번호: 1522-3232
458,여의도호성,서울,37.52047777728472,126.92920635496901,주소: 서울특별시 영등포구 여의도동 44-22 호성빌딩1층 | 전화번호: 1522-3232
459,타임스퀘어B2,서울,37.517675204879275,126.90317246795429,주소: 서울특별시 영등포구 영등포동4가 442번지 타임스퀘어 단지 지하2층 | 전화번호: 1522-3232
460,영등포본동,서울,37.518713,126.909559,"주소: 서울특별시 영등포구 영등포동3가 2-21, 2-28 우성타워 | 전화번호: 1522-3232"
461,타임스퀘어2F,서울,37.51760768533779,126.90324042488379,주소: 서울특별시 영등포구 영등포동4가 442 타임스퀘어 | 전화번호: 1522-3232
462,여의도의사당,서울,37.530023,126.92109,주소: 서울특별시 영등포구 여의도동 13-19 국민의힘 | 전화번호: 1522-3232
463,여의도IFC(1F),서울,37.525273,126.924668,주소: 서울특별시 영등포구 여의도동 23 및 23-1 국제금융센터 TWO IFC 1층 | 전화번호: 1522-3232
464,여의도교직원공제회,서울,37.52191490479988,126.92558789987339,주소: 서울특별시 영등포구 여의도동 35-3 한국교직원공제회관 | 전화번호: 1522-3232
465,여의도원센티널,서울,37.52505178939928,126.92424139639176,주소: 서울특별시 영등포구 여의도동 23-2 여의도 신한투자증권타워 1층 | 전화번호: 1522-3232
466,여의도한강공원,서울,37.528930002444795,126.93454108601513,주소: 서울특별시 영등포구 여의도동 85-1 한강버스 여의도선착장 3층 | 전화번호: 1522-3232
467,SSG.COM,서울,37.519509353638526,126.90391668344819,주소: 서울특별시 영등포구 영등포동4가 79 KB영등포타워 | 전화번호: 1522-3232
468,선유도역 1번출구,서울,37.538333,126.893612,주소: 서울특별시 영등포구 양평동5가 64-1 | 전화번호: 1522-3232
469,여의도IFC몰(L2)STREET,서울,37.52392601037006,126.92498350811361,주소: 서울특별시 영등포구 여의도동 23 서울 국제금융 센터 IFC몰 L2 S15 | 전화번호: 1522-3232
470,영등포시장역,서울,37.52348590615082,126.90500324043752,주소: 서울특별시 영등포구 영등포동7가 47-3 에즈파이낸스빌딩 | 전화번호: 1522-3232
471,영등포구청역,서울,37.527967742744615,126.89620438907397,주소: 서울특별시 영등포구 당산동3가 393 외 2필지 1층 | 전화번호: 1522-3232
472,서울양평역,서울,37.523128,126.885809,주소: 서울특별시 영등포구 양평동1가 247 영등포 중흥 S-CLASS | 전화번호: 1522-3232
473,영등포시장교차로,서울,37.5204239,126.904446,주소: 서울특별시 영등포구 영등포동6가 1-14 | 전화번호: 1522-3232
474,63 Sky Picnic,서울,37.51988698321943,126.94028415088952,주소: 서울특별시 영등포구 여의도동 60 63한화생명빌딩 | 전화번호: 1522-3232
475,영등포구청역5호선,서울,37.524600044877666,126.89344593546261,주소: 서울특별시 영등포구 당산동3가 522-3 | 전화번호: 1522-3232
476,더현대서울(B2)R,서울,37.5258834618679,126.928658229468,주소: 서울특별시 영등포구 여의도동 22 파크원 | 전화번호: 1522-3232
477,여의도브라이튼,서울,37.5241006226166,126.929817318958,"주소: 서울특별시 영등포구 여의도동 525 브라이튼 여의도, 1층 | 전화번호: 1522-3232"
478,여의도TP타워,서울,37.52140431074032,126.92320153500103,주소: 서울특별시 영등포구 여의도동 27-2 | 전화번호: 1522-3232
479,보라매역,서울,37.50018761793066,126.91937821414426,"주소: 서울특별시 영등포구 신길동 508-2, 1층 | 전화번호: 1522-3232"
480,당산역사거리,서울,37.534146117725875,126.90117686461821,주소: 서울특별시 영등포구 당산동5가 16-7 | 전화번호: 1522-3232
481,신풍역,서울,37.5003469620528,126.908438384002,주소: 서울특별시 영등포구 신길동 424-3 | 전화번호: 1522-3232
482,불광역,서울,37.609382,126.9303971,주소: 서울특별시 은평구 대조동 15-9 WB은평타워 | 전화번호: 1522-3232
483,구파발사거리,서울,37.639617,126.91881,주소: 서울특별시 은평구 진관3로 21 은평엘크루 101동 105-108호 | 전화번호: 1522-3232
484,연신내역사거리,서울,37.618773940257306,126.92179889674078,주소: 서울특별시 은평구 불광동 308-1 범서빌딩 | 전화번호: 1522-3232
485,연신내,서울,37.6202305,126.9198973,주소: 서울특별시 은평구 갈현동 395-6 | 전화번호: 1522-3232
486,구파발역,서울,37.63446,126.918881,주소: 서울특별시 은평구 진관동 100-6 | 전화번호: 1522-3232
487,은평구청입구,서울,37.601042,126.926789,주소: 서울특별시 은평구 응암동 96-1 외 3필지 (은평로 170) | 전화번호: 1522-3232
488,은평이마트,서울,37.60037923,126.9202735,주소: 서울특별시 은평구 응암동 90-1 | 전화번호: 1522-3232
489,구산역,서울,37.611745,126.917678,주소: 서울특별시 은평구 대조동 224-14외 2필지 | 전화번호: 1522-3232
490,불광역8번출구,서울,37.61199,126.9289,주소: 서울특별시 은평구 불광동 267 | 전화번호: 1522-3232
491,응암역2번출구,서울,37.6006318,126.915779,"주소: 서울특별시 은평구 역촌동 85-1, 102호 | 전화번호: 1522-3232"
492,수색,서울,37.58006406944348,126.89956239090266,주소: 서울특별시 은평구 수색동 30-2 | 전화번호: 1522-3232
493,새절역,서울,37.5894266730207,126.912863456524,주소: 서울특별시 은평구 신사동 338-4 | 전화번호: 1522-3232
494,더북한산,서울,37.6554576593266,126.947556374345,주소: 서울특별시 은평구 진관동 277-11 | 전화번호: 1522-3232
495,녹번역,서울,37.603307621312325,126.93528567756574,주소: 서울특별시 은평구 녹번동 19-121 은평 미드스퀘어 | 전화번호: 1522-3232
496,진관DT,서울,37.6501787,126.9361968,주소: 서울특별시 은평구 진관동 2-8 스타벅스진관DT | 전화번호: 1522-3232
497,연신내역5번출구,서울,37.6181353632704,126.920381333406,주소: 서울특별시 은평구 대조동 198-4 유니온빌딩 | 전화번호: 1522-3232
498,연합뉴스,서울,37.57462713751161,126.98047541991131,주소: 서울특별시 종로구 수송동 110 연합뉴스빌딩 | 전화번호: 1522-3232
499,혜화역,서울,37.5824779,127.002185,주소: 서울특별시 종로구 동숭동 1-31 동덕빌딩 1~2층 | 전화번호: 1522-3232
500,경희궁로,서울,37.571759,126.972343,주소: 서울특별시 종로구 당주동 128-27 동원빌딩 | 전화번호: 1522-3232
501,강북삼성병원,서울,37.568377,126.967484,주소: 서울특별시 종로구 평동 108-1외 19필지 강북삼성병원 C동 미래의학관 5층 | 전화번호: 1522-3232
502,종로평창동,서울,37.60614770769474,126.96736414444057,주소: 서울특별시 종로구 평창동 182-11 나라빌딩 | 전화번호: 1522-3232
503,광화문우체국,서울,37.57000686119245,126.9780599046084,주소: 서울특별시 종로구 서린동 154-1 광화문우체국 | 전화번호: 1522-3232
504,종로R,서울,37.57079158478462,126.98330067566137,주소: 서울특별시 종로구 종로2가 6 종로타워 | 전화번호: 1522-3232
505,독립문역,서울,37.571432,126.961269,주소: 서울특별시 종로구 교북동 126 경희궁자이 4단지 1층 팰리스애비뉴 4114~4119호 | 전화번호: 1522-3232
506,정부서울청사R,서울,37.574621312530724,126.97367761929036,주소: 서울특별시 종로구 적선동 156 광화문플래티넘 | 전화번호: 1522-3232
507,북촌로,서울,37.579419015932245,126.98648560012543,주소: 서울특별시 종로구 계동 101-14 1~3층 | 전화번호: 1522-3232
508,종로수송,서울,37.57165162614545,126.98062335393885,주소: 서울특별시 종로구 청진동 19 1~3층 | 전화번호: 1522-3232
509,새문안로,서울,37.569914,126.975131,주소: 서울특별시 종로구 신문로1가 163 광화문오피시아빌딩(광화문오피시아) | 전화번호: 1522-3232
510,삼청동,서울,37.58541226323984,126.98191331140823,주소: 서울특별시 종로구 삼청동 112 | 전화번호: 1522-3232
511,적선,서울,37.57527012561527,126.97411605389239,"주소: 서울특별시 종로구 적선동 66, 노스게이트빌딩 1층 | 전화번호: 1522-3232"
512,인사,서울,37.57220884263517,126.98679819956659,주소: 서울특별시 종로구 인사동 39 | 전화번호: 1522-3232
513,광화문,서울,37.571254401637304,126.97631064081757,주소: 서울특별시 종로구 세종로 185-2 현대빌딩 (현대해상본사사옥 별관내) | 전화번호: 1522-3232
514,스페이스본,서울,37.575106,126.969267,주소: 서울특별시 종로구 사직동 9 광화문 풍림스페이스본 | 전화번호: 1522-3232
515,주얼리시티,서울,37.571491020417625,126.99801055162897,주소: 서울특별시 종로구 인의동 48-2 효성주얼리시티 | 전화번호: 1522-3232
516,종각,서울,37.57001689280663,126.98450354974084,주소: 서울특별시 종로구 종로2가 84-10 | 전화번호: 1522-3232
517,동숭로아트,서울,37.582969,127.003876,주소: 서울특별시 종로구 동숭동 30번지 | 전화번호: 1522-3232
518,종로관철,서울,37.56913634091145,126.98586772067681,주소: 서울특별시 종로구 관철동 12-15번지 2층 | 전화번호: 1522-3232
519,경복궁역,서울,37.5771508,126.97274530000004,주소: 서울특별시 종로구 통의동 35-41 1층 | 전화번호: 1522-3232
520,이마빌딩,서울,37.5738637,126.97897149999994,주소: 서울특별시 종로구 수송동 146-1번지 | 전화번호: 1522-3232
521,마로니에공원,서울,37.58154296,127.0023412,주소: 서울특별시 종로구 동숭동 1-115번지 1-2층 | 전화번호: 1522-3232
522,종로3가,서울,37.57056485920516,126.99021701586494,주소: 서울특별시 종로구 종로3가 9-3번지 1-4층 | 전화번호: 1522-3232
523,대학로,서울,37.5764916392943,127.001470988378,주소: 서울특별시 종로구 연건동 128-8 홍익대학교 대학로캠퍼스 內 | 전화번호: 1522-3232
524,경복궁사거리,서울,37.575615939508076,126.9802374336133,주소: 서울특별시 종로구 중학동 14번지 트윈트리타워B동 101호 | 전화번호: 1522-3232
525,종로관수,서울,37.56971102439499,126.98863522829858,주소: 서울특별시 종로구 관수동 3-5번지 | 전화번호: 1522-3232
526,그랑서울,서울,37.57078676546426,126.98120937021599,주소: 서울특별시 종로구 청진동 70 그랑서울 | 전화번호: 1522-3232
527,광화문교보문고,서울,37.571017,126.977937,주소: 서울특별시 종로구 종로1가 1 교보생명빌딩 지하1층 | 전화번호: 1522-3232
528,광장마켓,서울,37.57020711871311,127.00020658213106,주소: 서울특별시 종로구 예지동 2-1 | 전화번호: 1522-3232
529,성대입구,서울,37.582751,126.998191,주소: 서울특별시 종로구 명륜4가 196-1 | 전화번호: 1522-3232
530,KT광화문웨스트B1F,서울,37.5721422,126.9779548,주소: 서울특별시 종로구 세종로 100 KT 광화문 빌딩 West | 전화번호: 1522-3232
531,정동,서울,37.568846,126.970163,주소: 서울특별시 종로구 신문로2가 89-27 피어선빌딩 | 전화번호: 1522-3232
532,종로플레이스,서울,37.57305,126.9979,주소: 서울특별시 종로구 인의동 28-2 종로플레이스 | 전화번호: 1522-3232
533,강북삼성병원1층,서울,37.568546,126.96756,주소: 서울특별시 종로구 평동 108-1외 12필지 강북삼성병원 효석관(본관) 1층 | 전화번호: 1522-3232
534,동숭길입구,서울,37.584191,127.001859,주소: 서울특별시 종로구 혜화동 90-18 혜화동씨티밸리 101호 | 전화번호: 1522-3232
535,서울대치과병원,서울,37.577331,127.000348,주소: 서울특별시 종로구 연건동 275-1 서울대학교 치과병원 신관1층 | 전화번호: 1522-3232
536,서대문적십자,서울,37.56678781817199,126.96730492051981,주소: 서울특별시 종로구 평동 164 서울적십자병원 별관 상가동 1층 B호 | 전화번호: 1522-3232
537,리저브광화문,서울,37.57242596212652,126.97767997816725,주소: 서울특별시 종로구 세종로 100 KT 광화문 빌딩 West | 전화번호: 1522-3232
538,서대문역,서울,37.566875328512566,126.96611072100501,주소: 서울특별시 종로구 평동 222 디타워(돈의문) | 전화번호: 1522-3232
539,숭례문북창,서울,37.561725,126.976838,주소: 서울특별시 중구 남대문로4가 17-19 | 전화번호: 1522-3232
540,을지로4가역,서울,37.56634407411786,126.99753246143462,"주소: 서울특별시 중구 을지로4가 323 118호,119호,202호 일부 | 전화번호: 1522-3232"
541,동대문두타,서울,37.5691,127.0088,주소: 서울특별시 중구 을지로6가 18-12 두산타워빌딩 | 전화번호: 1522-3232
542,대한상공회의소R,서울,37.560938,126.973702,주소: 서울특별시 중구 남대문로4가 45 대한서울상공회의소 1층 | 전화번호: 1522-3232
543,국립중앙의료원,서울,37.566516,127.0062376,주소: 서울특별시 중구 을지로6가 18-131 을지회관 | 전화번호: 1522-3232
544,동국대,서울,37.561542,126.998437,주소: 서울특별시 중구 충무로5가 90 | 전화번호: 1522-3232
545,동대문공원,서울,37.565133,127.007191,주소: 서울특별시 중구 광희동1가 185-1 | 전화번호: 1522-3232
546,을지로국제빌딩,서울,37.566952,126.982219,주소: 서울특별시 중구 다동 111 국제빌딩 | 전화번호: 1522-3232
547,동대입구역,서울,37.5596804372304,127.006202929994,주소: 서울특별시 중구 장충동1가 62-35 종이나라빌딩 | 전화번호: 1522-3232
548,신당역사거리,서울,37.565807,127.01643,주소: 서울특별시 중구 흥인동 86 KT 동대문지사 | 전화번호: 1522-3232
549,연세세브란스,서울,37.557207,126.97354,주소: 서울특별시 중구 남대문로5가 84-11 연세세브란스빌딩 | 전화번호: 1522-3232
550,회현역,서울,37.55947242829924,126.98072554032831,"주소: 서울특별시 중구 회현동1가 206 리더스뷰남산 107,108호 | 전화번호: 1522-3232"
551,을지로경기빌딩,서울,37.56707721942303,126.98322227123015,주소: 서울특별시 중구 삼각동 115 경기빌딩 | 전화번호: 1522-3232
552,을지로2가,서울,37.566347,126.988066,주소: 서울특별시 중구 을지로2가 88-5 | 전화번호: 1522-3232
553,신세계본점6F,서울,37.560381,126.980758,주소: 서울특별시 중구 충무로1가 52-5 신세계백화점건물 | 전화번호: 1522-3232
554,서울중앙우체국,서울,37.561678,126.982117,주소: 서울특별시 중구 충무로1가 21-1 서울중앙우체국 | 전화번호: 1522-3232
555,한국프레스센터,서울,37.56724756017782,126.9780493948243,주소: 서울특별시 중구 태평로1가 25 프레스센터 | 전화번호: 1522-3232
556,명동중앙로,서울,37.5637485,126.9857723,주소: 서울특별시 중구 명동2가 2-16 | 전화번호: 1522-3232
557,약수역,서울,37.555437,127.0107253,주소: 서울특별시 중구 신당동 374-27 | 전화번호: 1522-3232
558,중구저동,서울,37.5643686,126.9903382,주소: 서울특별시 중구 저동2가 24-1 | 전화번호: 1522-3232
559,명동길,서울,37.5620695,126.9858669,주소: 서울특별시 중구 충무로2가 7-1 | 전화번호: 1522-3232
560,서소문로,서울,37.563006,126.974546,주소: 서울특별시 중구 서소문동 75 대한빌딩 | 전화번호: 1522-3232
561,신당역,서울,37.5654033985295,127.014352404697,주소: 서울특별시 중구 흥인동 132번지 1층 | 전화번호: 1522-3232
562,숭례문,서울,37.55874473,126.9730952,주소: 서울특별시 중구 남대문로5가 6-1번지 그레이츠 숭례 1층 | 전화번호: 1522-3232
563,순화동더샵,서울,37.56006304299174,126.97181526611799,주소: 서울특별시 중구 순화동 151번지  1층 | 전화번호: 1522-3232
564,환구단,서울,37.56448620899717,126.97916226763292,주소: 서울특별시 중구 소공동 87-10 | 전화번호: 1522-3232
565,무교동,서울,37.567928021468916,126.9792065857694,주소: 서울특별시 중구 무교동 45 코오롱빌딩 | 전화번호: 1522-3232
566,문화일보,서울,37.56712291,126.9686642,주소: 서울특별시 중구 충정로1가 68 문화일보(문화일보사건물) | 전화번호: 1522-3232
567,태평로,서울,37.56248285,126.9767928,주소: 서울특별시 중구 태평로2가 69-7 대영빌딩 1층 | 전화번호: 1522-3232
568,퍼시픽타워,서울,37.56132157,126.9730264,주소: 서울특별시 중구 서소문동 135 퍼시픽타워 1층 | 전화번호: 1522-3232
569,남산단암,서울,37.55853622,126.9754585,주소: 서울특별시 중구 남대문로5가 단암빌딩 120번지 | 전화번호: 1522-3232
570,황학캐슬,서울,37.5714,127.0231,주소: 서울특별시 중구 황학동 2545 롯데캐슬베네치아 | 전화번호: 1522-3232
571,을지로삼화타워,서울,37.566902,126.984707,주소: 서울특별시 중구 을지로2가 204 삼화타워 1층 | 전화번호: 1522-3232
572,소공로,서울,37.563883,126.980849,주소: 서울특별시 중구 소공동 70번지 삼영빌딩 1층일부 | 전화번호: 1522-3232
573,을지로한국빌딩,서울,37.565722,126.98329,주소: 서울특별시 중구 을지로2가 198번지 1층 | 전화번호: 1522-3232
574,시청,서울,37.56629,126.979808,주소: 서울특별시 중구 을지로1가 50 삼성화재 삼성빌딩1층 | 전화번호: 1522-3232
575,명동역,서울,37.5608622201549,126.983105390255,주소: 서울특별시 중구 충무로1가 25-52 건물전체 | 전화번호: 1522-3232
576,장충라운지R,서울,37.561036913264,127.007334747398,"주소: 서울특별시 중구 장충동1가 48-16,48-17,48-46,48-15,48-49,48-14 | 전화번호: 1522-3232"
577,충무로,서울,37.5614959808102,126.992823097196,주소: 서울특별시 중구 필동1가 43-1 | 전화번호: 1522-3232
578,이마트타워,서울,37.5607434636967,126.972528391958,주소: 서울특별시 중구 순화동 53 신한L서울타워 | 전화번호: 1522-3232
579,동호로,서울,37.553478403261,127.011305155237,주소: 서울특별시 중구 신당동 372-3 | 전화번호: 1522-3232
580,무교로,서울,37.56722071682264,126.97907661254084,주소: 서울특별시 중구 무교동 32-2 남강건설회관빌딩 | 전화번호: 1522-3232
581,순화동경찰청앞,서울,37.56402669741036,126.9689048841808,주소: 서울특별시 중구 순화동 1-152 | 전화번호: 1522-3232
582,청계크리스탈스퀘어,서울,37.5679,126.98933,주소: 서울특별시 중구 수표동 47-1 | 전화번호: 1522-3232
583,그랜드센트럴,서울,37.5581293,126.9742637,주소: 서울특별시 중구 남대문로5가 253 | 전화번호: 1522-3232
584,세종대로,서울,37.5685951382056,126.97643316578,주소: 서울특별시 중구 태평로1가 62-12 조흥금융박물관 | 전화번호: 1522-3232
585,시청역11번출구,서울,37.56377593074396,126.97530565406971,주소: 서울특별시 중구 서소문동 26 경서빌딩 | 전화번호: 1522-3232
586,동대문디자인플라자,서울,37.5675,127.0094,"주소: 서울특별시 중구 을지로7가 2-1, B2층 F1호 | 전화번호: 1522-3232"
587,우리은행본점B1F,서울,37.55958972504453,126.98177808060248,주소: 서울특별시 중구 회현동1가 203 (주)우리은행본점 | 전화번호: 1522-3232
588,별다방,서울,37.5602013,126.9829327,주소: 서울특별시 중구 회현동2가 88 스테이트타워 남산 | 전화번호: 1522-3232
589,동대문역사문화공원역,서울,37.5648779123195,127.007939206321,주소: 서울특별시 중구 광희동2가 37 | 전화번호: 1522-3232
590,포포인츠명동,서울,37.5657211,126.9893426,주소: 서울특별시 중구 저동2가 89 포포인츠바이쉐라톤서울명동 | 전화번호: 1522-3232
591,한국은행교차로,서울,37.562263,126.981169,주소: 서울특별시 중구 남대문로2가 111-1 프리즈마111 1층 | 전화번호: 1522-3232
592,명동남산,서울,37.560809,126.986397,주소: 서울특별시 중구 남산동3가 13-31 경양빌딩 | 전화번호: 1522-3232
593,명동메트로,서울,37.565118,126.983681,주소: 서울특별시 중구 을지로2가 199-33 메트로호텔 | 전화번호: 1522-3232
594,명일역,서울,37.55255451856903,127.14388583677322,주소: 서울특별시 강동구 명일동 312-28 | 전화번호: 1522-3232
595,강동구청DT,서울,37.52938776679806,127.12384773690836,주소: 서울특별시 강동구 성내동 550 | 전화번호: 1522-3232
596,강동암사DT,서울,37.555073228709134,127.12992233765308,주소: 서울특별시 강동구 암사동 441-12 | 전화번호: 1522-3232
597,굽은다리역,서울,37.54526203653031,127.14298353027375,주소: 서울특별시 강동구 명일동 353-2 원일타워 | 전화번호: 1522-3232
598,강동역,서울,37.536047,127.133086,주소: 서울특별시 강동구 천호동 447-17 강동 헤르셔 | 전화번호: 1522-3232
599,둔촌동,서울,37.52264171306811,127.13398661016132,주소: 서울특별시 강동구 성내동 441-2 평원빌딩 | 전화번호: 1522-3232
600,천호이마트,서울,37.538984278389535,127.125179,주소: 서울특별시 강동구 천호동 455-4 이마트별관 | 전화번호: 1522-3232
601,길동역,서울,37.53870166831661,127.14013947484787,주소: 서울특별시 강동구 길동 378-3 | 전화번호: 1522-3232
602,상일동,서울,37.550948358388766,127.17409536001483,"주소: 서울특별시 강동구 상일동 501, 1~2층 | 전화번호: 1522-3232"
603,명일이마트,서울,37.55417877236837,127.15613409848525,주소: 서울특별시 강동구 명일동 47-7 명일이마트별관주차장 | 전화번호: 1522-3232
604,상일동역,서울,37.55756654027894,127.17076356349716,주소: 서울특별시 강동구 고덕동 210-1 고덕센트럴푸르지오 | 전화번호: 1522-3232
605,천호사거리,서울,37.539702,127.123542,주소: 서울특별시 강동구 천호동 431-4 예경빌딩 | 전화번호: 1522-3232
606,강동그란츠,서울,37.536825,127.12861,"주소: 서울특별시 강동구 성내동 15 근생 1-6, 1-7 | 전화번호: 1522-3232"
607,강일역,서울,37.55747468801038,127.17351070838723,"주소: 서울특별시 강동구 강일동 723, 1층 | 전화번호: 1522-3232"
608,올림픽공원북2문,서울,37.5241832,127.1286775,주소: 서울특별시 강동구 성내동 448-8 다성빌딩 1층 | 전화번호: 1522-3232
609,둔촌포레온스테이션5,서울,37.52670891095929,127.13667223334721,"주소: 서울특별시 강동구 둔촌동 170-1 포레온스테이션5 1063, 1064 | 전화번호: 1522-3232"
610,둔촌포레온9,서울,37.5200613967404,127.13892250372439,주소: 서울특별시 강동구 둔촌동 174-1 올림픽파크포레온 | 전화번호: 1522-3232
611,암사역,서울,37.55128201526835,127.1281050846303,주소: 서울특별시 강동구 암사동 501 암사역 | 전화번호: 1522-3232
612,이케아강동,서울,37.5662615261099,127.157531058814,주소: 서울특별시 강동구 고덕동 353-23 | 전화번호: 1522-3232
613,강동강일,서울,37.57219483916046,127.17494002529294,주소: 서울특별시 강동구 강일동 75-12 경서프라자 | 전화번호: 1522-3232
614,천호대로길동,서울,37.534651,127.13721,주소: 서울특별시 강동구 길동 457-4 서울특별시 강동구 천호대로 1131 (길동) | 전화번호: 1522-3232
615,구로디지털타워,서울,37.483472189,126.896856737,주소: 서울특별시 구로구 구로동 222-7 코오롱디지털타워빌란트 101호 | 전화번호: 1522-3232
616,오류동역,서울,37.4962155,126.8448614,주소: 서울특별시 구로구 오류동 55-50 | 전화번호: 1522-3232
617,구로디지털로,서울,37.485699173,126.895991532,주소: 서울특별시 구로구 구로동 191-7번지 에이스테크노타워8차 1층 | 전화번호: 1522-3232
618,구로에이스,서울,37.484233766,126.894560454,주소: 서울특별시 구로구 구로동 212-1 에이스트윈타워1 103호 | 전화번호: 1522-3232
619,구로하이엔드,서울,37.481618,126.893136,주소: 서울특별시 구로구 구로동 235-2 에이스하이엔드타워 103호 | 전화번호: 1522-3232
620,포포인츠구로,서울,37.4831293,126.89885909999998,주소: 서울특별시 구로구 구로동 1128-1 포포인츠바이쉐라톤 구로 1층 | 전화번호: 1522-3232
621,신도림센터포인트,서울,37.5077416944406,126.89035113542973,"주소: 서울특별시 구로구 구로동 3-25 신도림테크노마트웨스트 지하1층 오01호, 오02호 | 전화번호: 1522-3232"
622,구로고척,서울,37.49706,126.86315,주소: 서울특별시 구로구 고척동 72-59 외 6필지 | 전화번호: 1522-3232
623,구로NC,서울,37.501219,126.882798,주소: 서울특별시 구로구 구로동 573 구로NC | 전화번호: 1522-3232
624,구로오류DT,서울,37.4881292318832,126.834491889841,주소: 서울특별시 구로구 오류동 271 | 전화번호: 1522-3232
625,구로구청,서울,37.49395067031256,126.88676120707717,"주소: 서울특별시 구로구 구로동 81-1, 81-2,81-,3 스페스큐브, B101호 | 전화번호: 1522-3232"
626,고척아이파크,서울,37.49930562934076,126.8582208923581,"주소: 서울특별시 구로구 고척동 100-7 고척아이파크, 1층 D-101호 | 전화번호: 1522-3232"
627,신도림힐스테이트,서울,37.506860026202624,126.88463805193277,주소: 서울특별시 구로구 신도림동 433-24 힐스테이트 신도림역 센트럴 | 전화번호: 1522-3232
628,답십리역,서울,37.568466,127.051106,주소: 서울특별시 동대문구 답십리동 497-67 | 전화번호: 1522-3232
629,경희대삼거리,서울,37.591531,127.052017,주소: 서울특별시 동대문구 회기동 60-40 | 전화번호: 1522-3232
630,신설동역,서울,37.5767228,127.0255446,주소: 서울특별시 동대문구 신설동 76-10 | 전화번호: 1522-3232
631,회기역사거리,서울,37.590784,127.056098,"주소: 서울특별시 동대문구 회기동 346-18, 36 | 전화번호: 1522-3232"
632,장한평역,서울,37.562337,127.065511,주소: 서울특별시 동대문구 장안동 433-7 | 전화번호: 1522-3232
633,경희대,서울,37.5928812,127.05280849999997,주소: 서울특별시 동대문구 회기동 16-41 지하1층~지상3층 | 전화번호: 1522-3232
634,청량리역롯데캐슬스카이,서울,37.579249267,127.045331071,주소: 서울특별시 동대문구 전농동 620-47 청량리역 롯데캐슬 SKY-L65 | 전화번호: 1522-3232
635,경희의료원,서울,37.5935445,127.052009,주소: 서울특별시 동대문구 회기동 1-5 경희의료원 | 전화번호: 1522-3232
636,경동1960,서울,37.5796141021494,127.038684963773,주소: 서울특별시 동대문구 제기동 1036경동시장 3~4층 | 전화번호: 1522-3232
637,사이버한국외대,서울,37.5960508006499,127.060761238087,주소: 서울특별시 동대문구 이문동 288-50 | 전화번호: 1522-3232
638,청량리역사,서울,37.580565324,127.048564845,주소: 서울특별시 동대문구 전농동 588-1 청량리역사 Connect Place 6층 | 전화번호: 1522-3232
639,답십리초교사거리,서울,37.5682540295405,127.057240883237,주소: 서울특별시 동대문구 답십리동 266-1 | 전화번호: 1522-3232
640,장안사거리,서울,37.5727209002351,127.070092668638,주소: 서울특별시 동대문구 장안동 295-6 1층 전제 | 전화번호: 1522-3232
641,서울숲역,서울,37.541868967552624,127.04489904228213,주소: 서울특별시 성동구 성수동1가 656-335 메가박스 스퀘어 1층 | 전화번호: 1522-3232
642,금호역,서울,37.54795819607987,127.01576347145759,주소: 서울특별시 성동구 금호동4가 1483 | 전화번호: 1522-3232
643,뚝섬역,서울,37.546432,127.049042,주소: 서울특별시 성동구 성수동1가 14-33 정명빌딩 | 전화번호: 1522-3232
644,황학사거리,서울,37.567598,127.023713,주소: 서울특별시 성동구 하왕십리동 700 센트라스 | 전화번호: 1522-3232
645,성수역,서울,37.543193,127.056943,주소: 서울특별시 성동구 성수동2가 317-20 세림빌딩 | 전화번호: 1522-3232
646,상왕십리역,서울,37.565169,127.028155,주소: 서울특별시 성동구 하왕십리동 1070-3 서울동인병원 | 전화번호: 1522-3232
647,왕십리역,서울,37.5627541,127.0339072,주소: 서울특별시 성동구 도선동 58-1 | 전화번호: 1522-3232
648,한양대,서울,37.55726984,127.0421649,"주소: 서울특별시 성동구 행당동 31-11 경희빌딩 1,2층 | 전화번호: 1522-3232"
649,엔터식스,서울,37.561863,127.037852,주소: 서울특별시 성동구 행당동 168-1 엔터식스몰 B1 | 전화번호: 1522-3232
650,신금호역,서울,37.55495378704588,127.02011077314177,주소: 서울특별시 성동구 금호동1가 122 1~5층 전체 | 전화번호: 1522-3232
651,왕십리역사3F,서울,37.560986,127.038237,주소: 서울특별시 성동구 행당동 168-151 왕십리민자역사 | 전화번호: 1522-3232
652,뚝섬역교차로,서울,37.547754922352,127.045142362137,주소: 서울특별시 성동구 성수동1가 656-1731 누디트 서울숲 | 전화번호: 1522-3232
653,한양대복지관,서울,37.556350643189596,127.0438976453535,주소: 서울특별시 성동구 사근동 110 한양대학교 복지관 | 전화번호: 1522-3232
654,왕십리역9번출구,서울,37.5605427226347,127.035267332652,주소: 서울특별시 성동구 행당동 267-23 | 전화번호: 1522-3232
655,성수,서울,37.5444620830457,127.055413311106,주소: 서울특별시 성동구 성수동2가 315-71 1층 103호 | 전화번호: 1522-3232
656,옥수,서울,37.5430298,127.0133661,주소: 서울특별시 성동구 옥수동 262-1 | 전화번호: 1522-3232
657,성수낙낙,서울,37.547326,127.066367,주소: 서울특별시 성동구 성수동2가 281-20 성수낙낙 1층 101~107호 | 전화번호: 1522-3232
658,효창공원앞역,서울,37.53896610475044,126.96339365009875,주소: 서울특별시 용산구 효창동 13-2 용산 롯데캐슬 센터포레 | 전화번호: 1522-3232
659,서울역서부,서울,37.555165,126.968446,주소: 서울특별시 용산구 서계동 219-17 서울역풍림아이원플러스 | 전화번호: 1522-3232
660,이태원역,서울,37.534273,126.994789,"주소: 서울특별시 용산구 이태원동 127-6, 127-29 | 전화번호: 1522-3232"
661,용산역써밋R,서울,37.527433970745435,126.965653421687,주소: 서울특별시 용산구 한강로2가 391 용산푸르지오써밋 | 전화번호: 1522-3232
662,이촌,서울,37.518605,126.977271,"주소: 서울특별시 용산구 이촌동 300-20 101호, 102호, 201호, 202호 | 전화번호: 1522-3232"
663,신용산역,서울,37.52862590003661,126.96689450786394,주소: 서울특별시 용산구 한강로2가 342 래미안용산 | 전화번호: 1522-3232
664,용산파크타워,서울,37.523818,126.970389,주소: 서울특별시 용산구 용산동5가 24 파크타워 | 전화번호: 1522-3232
665,남영동,서울,37.54289238266093,126.97229415081613,주소: 서울특별시 용산구 갈월동 90-8 | 전화번호: 1522-3232
666,한남동R,서울,37.53485,127.010919,주소: 서울특별시 용산구 한남동 36-7  1층 ~ 2층 | 전화번호: 1522-3232
667,서울타워,서울,37.551102,126.988317,주소: 서울특별시 용산구 용산동2가 산1-3 YTN서울타워 | 전화번호: 1522-3232
668,서울역동자동,서울,37.551752,126.972694,주소: 서울특별시 용산구 동자동 45 센트레빌아스테리움서울 KDB생명타워 D동 | 전화번호: 1522-3232
669,순천향입구,서울,37.533394,127.00563,주소: 서울특별시 용산구 한남동 657-104 | 전화번호: 1522-3232
670,동빙고,서울,37.5290045288412,126.991762757458,"주소: 서울특별시 용산구 동빙고동 10-8, 7-33 | 전화번호: 1522-3232"
671,숙대입구역,서울,37.544270832879455,126.97195982914543,주소: 서울특별시 용산구 갈월동 69-5 지하1~3층 | 전화번호: 1522-3232
672,용산아이파크몰6F,서울,37.5295804832797,126.964026132479,"주소: 서울특별시 용산구 한강로3가 40-999 현대아이파크몰(용산역민자역사), 6층 | 전화번호: 1522-3232"
673,동부이촌동,서울,37.52111,126.96905,주소: 서울특별시 용산구 이촌동 302-60번지 | 전화번호: 1522-3232
674,숙명여대정문,서울,37.54493793442227,126.9648900666431,주소: 서울특별시 용산구 청파동2가 53-12 숙명여자대학교 | 전화번호: 1522-3232
675,용산해링턴스퀘어,서울,37.5265379583476,126.967362090447,주소: 서울특별시 용산구 한강로3가 63-70(용산해링턴스퀘어 상가) | 전화번호: 1522-3232
676,경리단길,서울,37.53854,126.98737,주소: 서울특별시 용산구 이태원동 658 | 전화번호: 1522-3232
677,서울역사,서울,37.55415699928705,126.97179361292847,주소: 서울특별시 용산구 동자동 43-205 서울역(철도역) | 전화번호: 1522-3232
678,용산리첸시아,서울,37.538356807073306,126.9672409635899,주소: 서울특별시 용산구 원효로1가 133-3 리첸시아 용산 | 전화번호: 1522-3232
679,용산전자랜드,서울,37.53283405969833,126.96109143672263,주소: 서울특별시 용산구 한강로3가 16-9 전자랜드 c139호 | 전화번호: 1522-3232
680,용산이마트,서울,37.52970001276223,126.96573157676767,주소: 서울특별시 용산구 한강로3가 40-999 용산이마트 지하2층 | 전화번호: 1522-3232
681,용산아이파크몰1F,서울,37.52886848739016,126.96454123040294,주소: 서울특별시 용산구 한강로3가 40-999 1층 | 전화번호: 1522-3232
682,상봉,서울,37.597842,127.092509,주소: 서울특별시 중랑구 상봉동 79 상봉 듀오트리스 주상복합 | 전화번호: 1522-3232
683,중랑역,서울,37.5930326,127.07473579999998,주소: 서울특별시 중랑구 상봉동 130-3 | 전화번호: 1522-3232
684,중랑구청,서울,37.60538908,127.0957558,주소: 서울특별시 중랑구 신내동 563-3 | 전화번호: 1522-3232
685,사가정역,서울,37.579594,127.087966,주소: 서울특별시 중랑구 면목동 617-2 | 전화번호: 1522-3232
686,상봉역,서울,37.59689,127.08647,"주소: 서울특별시 중랑구 상봉동 100-2,3,4번지 | 전화번호: 1522-3232"
687,면목역,서울,37.5878801304033,127.087609029257,주소: 서울특별시 중랑구 면목동 115-2 | 전화번호: 1522-3232
688,묵동,서울,37.615368,127.076633,주소: 서울특별시 중랑구 묵동 169-12 로프트원 태릉입구역 1층 | 전화번호: 1522-3232
689,망우동,서울,37.5995083771241,127.097538751682,주소: 서울특별시 중랑구 망우동 488-5 | 전화번호: 1522-3232
690,양원역,서울,37.6066536267232,127.106359790053,"주소: 서울특별시 중랑구 망우동 618 B1~1층일부 B101,B102,101,102  4개호실 | 전화번호: 1522-3232"
691,중화역,서울,37.60170912407773,127.07841136432036,"주소: 서울특별시 중랑구 중화동 306-68 중화동 HS빌딩 1,2층 | 전화번호: 1522-3232"
692,리버사이드대성리DT,경기,37.69825440707157,127.3852165854917,주소: 경기도 가평군 청평면 대성리 344-22 | 전화번호: 1522-3232
693,가평설악IC DT,경기,37.67905252127808,127.48638178238548,"주소: 경기도 가평군 설악면 신천리 554-5, 6, 9, 10 | 전화번호: 1522-3232"
694,남이섬,경기,37.806624,127.52527,"주소: 경기도 가평군 가평읍 달전리 113-4, 11 | 전화번호: 1522-3232"
695,소노캄고양,경기,37.662855441267716,126.75051316953129,주소: 경기도 고양시 일산동구 장항동 1755 소노캄고양웨스트타워 | 전화번호: 1522-3232
696,일산애니골DT,경기,37.67487449705626,126.79364390723381,주소: 경기도 고양시 일산동구 풍동 609 | 전화번호: 1522-3232
697,동국대일산병원,경기,37.67645946275437,126.80648567004755,주소: 경기도 고양시 일산동구 식사동 814 동국대학교 일산병원(일산한방병원) | 전화번호: 1522-3232
698,일산풍동DT,경기,37.662091,126.8009,주소: 경기도 고양시 일산동구 풍동 879 | 전화번호: 1522-3232
699,백석중앙로,경기,37.6411,126.790987,주소: 경기도 고양시 일산동구 백석동 1237 | 전화번호: 1522-3232
700,일산식사,경기,37.67817354351826,126.81203866075508,주소: 경기도 고양시 일산동구 식사동 1531 | 전화번호: 1522-3232
701,풍산이마트,경기,37.673769,126.786883,주소: 경기도 고양시 일산동구 중산동 1809 | 전화번호: 1522-3232
702,백석역DT,경기,37.6439377,126.7873856,주소: 경기도 고양시 일산동구 백석동 1296-3번지 1층 | 전화번호: 1522-3232
703,백석,경기,37.6439259305766,126.786164251855,주소: 경기도 고양시 일산동구 백석동 1332 | 전화번호: 1522-3232
704,라페스타광장,경기,37.659671,126.770161,주소: 경기도 고양시 일산동구 장항동 770-1번지 | 전화번호: 1522-3232
705,일산백마,경기,37.6570742,126.7880695,주소: 경기도 고양시 일산동구 마두동 751 | 전화번호: 1522-3232
706,웨스턴돔B,경기,37.654405198942015,126.77330239554712,"주소: 경기도 고양시 일산동구 장항동 868 웨스텀 돔2 1층119호, 120호, 121호, 122호 | 전화번호: 1522-3232"
707,마두역,경기,37.652965,126.776768,주소: 경기도 고양시 일산동구 장항동 890-5번지 | 전화번호: 1522-3232
708,일산동구청,경기,37.65665,126.772598,주소: 경기도 고양시 일산동구 장항동 855 장항동이스턴시티 | 전화번호: 1522-3232
709,고양대로DT,경기,37.677601,126.7961618,주소: 경기도 고양시 일산동구 풍동 699-2 창일주유소 | 전화번호: 1522-3232
710,일산하늘마을,경기,37.677568477730844,126.78239696017053,주소: 경기도 고양시 일산동구 중산동 1836-3 | 전화번호: 1522-3232
711,과천DT,경기,37.43929087256856,126.99381334849441,주소: 경기도 과천시 중앙동 79 | 전화번호: 1522-3232
712,과천이마트,경기,37.4264940536451,126.991639556541,주소: 경기도 과천시 별양동 1-19 이마트 1층 | 전화번호: 1522-3232
713,과천,경기,37.428210445654,126.99101514264228,주소: 경기도 과천시 중앙동 40-10 고려빌딩 1층 | 전화번호: 1522-3232
714,과천지식정보타운,경기,37.413536064557476,126.98030268718213,주소: 경기도 과천시 갈현동 산32 프리즘스퀘어2 | 전화번호: 1522-3232
715,과천메가존,경기,37.417218425137236,126.97721495342817,"주소: 경기도 과천시 갈현동 470-1, 1층 105-1호 | 전화번호: 1522-3232"
716,광명하안대로,경기,37.4616837,126.8783697,주소: 경기도 광명시 하안동 35 국민은행 | 전화번호: 1522-3232
717,철산역,경기,37.476426639601286,126.86779457770173,주소: 경기도 광명시 철산동 245-9 웅진빌딩 | 전화번호: 1522-3232
718,광명역,경기,37.41674051514128,126.88200879701506,주소: 경기도 광명시 일직동 513 광명역써밋플레이스 | 전화번호: 1522-3232
719,광명소하DT,경기,37.4348391789342,126.8792685970431,주소: 경기도 광명시 소하동 1077 | 전화번호: 1522-3232
720,광명소하,경기,37.44866,126.883959,주소: 경기도 광명시 소하동 1335 | 전화번호: 1522-3232
721,광명사거리역,경기,37.479895,126.854325,주소: 경기도 광명시 광명동 158-86 광명빌딩 | 전화번호: 1522-3232
722,철산로데오,경기,37.4739663,126.86935070000004,주소: 경기도 광명시 철산동 425 가림빌딩 | 전화번호: 1522-3232
723,광명하안,경기,37.462605,126.880577,주소: 경기도 광명시 하안동 53-3 | 전화번호: 1522-3232
724,광명철산,경기,37.47538,126.865899,주소: 경기도 광명시 철산동 482 | 전화번호: 1522-3232
725,광명AK,경기,37.418831962659624,126.8831012995512,"주소: 경기도 광명시 일직동 512-3, 1층 일부 | 전화번호: 1522-3232"
726,광명센트럴,경기,37.484342,126.857117,주소: 경기도 광명시 광명동 57-2 | 전화번호: 1522-3232
727,광명롯데몰,경기,37.42311336574412,126.88469887231989,주소: 경기도 광명시 일직동 500 롯데아울렛 1층 | 전화번호: 1522-3232
728,경기광주쌍령DT,경기,37.3987506,127.2733178,주소: 경기도 광주시 쌍령동 168 | 전화번호: 1522-3232
729,경기광주신현DT,경기,37.3598817267976,127.15315140478435,"주소: 경기도 광주시 신현동 701-5, 701-6,, 701-3 | 전화번호: 1522-3232"
730,경기광주송정DT,경기,37.416384,127.27257,주소: 경기도 광주시 송정동 12-12 | 전화번호: 1522-3232
731,경기광주,경기,37.4097851,127.26021279999998,주소: 경기도 광주시 경안동 20-14 | 전화번호: 1522-3232
732,경기광주초월역DT,경기,37.374402,127.298258,주소: 경기도 광주시 초월읍 쌍동리 261-3 | 전화번호: 1522-3232
733,경기광주IC DT,경기,37.4056810278331,127.231238126345,주소: 경기도 광주시 장지동 586-2 | 전화번호: 1522-3232
734,곤지암IC DT,경기,37.355682,127.325248,주소: 경기도 광주시 곤지암읍 삼리 399-6 스타벅스 곤지암 IC DT점 | 전화번호: 1522-3232
735,경기광주태전,경기,37.3825343644297,127.233160845091,주소: 경기도 광주시 태전동 122 태전센트럴타워 | 전화번호: 1522-3232
736,구리갈매역,경기,37.633967,127.115944,주소: 경기도 구리시 갈매동 596 갈매역아이파크 | 전화번호: 1522-3232
737,구리돌다리,경기,37.600585,127.141922,주소: 경기도 구리시 수택동 526-3번지 우진빌딩 | 전화번호: 1522-3232
738,구리갈매DT,경기,37.63237,127.1226,주소: 경기도 구리시 갈매동 553 | 전화번호: 1522-3232
739,구리시청DT,경기,37.5902774,127.1306118,주소: 경기도 구리시 교문동 102-5 외 3필지 | 전화번호: 1522-3232
740,구리장자호수,경기,37.587252,127.139874,주소: 경기도 구리시 수택동 874-5 리필B/D | 전화번호: 1522-3232
741,구리인창DT,경기,37.60568,127.13928,주소: 경기도 구리시 인창동 344-6 | 전화번호: 1522-3232
742,구리수택,경기,37.588465,127.138136,주소: 경기도 구리시 수택동 854-2 | 전화번호: 1522-3232
743,구리토평DT,경기,37.584632,127.147385,주소: 경기도 구리시 토평동 567-1 스타벅스 구리토평DT | 전화번호: 1522-3232
744,산본사거리,경기,37.372658,126.935735,주소: 경기도 군포시 산본동111 | 전화번호: 1522-3232
745,산본,경기,37.36061352,126.9317436,주소: 경기도 군포시 산본동 1132-3 성진빌딩 1층 | 전화번호: 1522-3232
746,산본역,경기,37.3584131,126.9321916,주소: 경기도 군포시 산본동 1142-5 금화프라자1층 | 전화번호: 1522-3232
747,산본동,경기,37.365491,126.929426,주소: 경기도 군포시 산본동 1099-1번지 태주빌딩 2층 | 전화번호: 1522-3232
748,금정AK,경기,37.372279107122,126.94486272941,주소: 경기도 군포시 금정동 916 힐스테이트 금정역 AK플라자 4층 일부 | 전화번호: 1522-3232
749,산본이마트,경기,37.361079,126.931414,주소: 경기도 군포시 산본동 1123 이마트백화점 | 전화번호: 1522-3232
750,산본역서부사거리,경기,37.3578052964351,126.93066890189,주소: 경기도 군포시 산본동 1145-6 롯데피트인산본 1층 일부 | 전화번호: 1522-3232
751,다산지금,경기,37.6005424,127.174302,주소: 경기도 남양주시 다산동 6216-4 101-106호 | 전화번호: 1522-3232
752,남양주연평DT,경기,37.71152699000976,127.18552784928377,주소: 경기도 남양주시 진접읍 연평리 59-3 | 전화번호: 1522-3232
753,다산진건,경기,37.624813,127.152582,주소: 경기도 남양주시 다산동 6058-2 | 전화번호: 1522-3232
754,도농역,경기,37.611129,127.164199,주소: 경기도 남양주시 다산동 6176-1 광장프라자 101-106호 | 전화번호: 1522-3232
755,남양주진접DT,경기,37.72288064054035,127.19029743229571,주소: 경기도 남양주시 진접읍 장현리 230-6 | 전화번호: 1522-3232
756,리버사이드팔당DT,경기,37.567114,127.228362,주소: 경기도 남양주시 와부읍 도곡리 504-15 | 전화번호: 1522-3232
757,별내불암로,경기,37.650317,127.112364,주소: 경기도 남양주시 별내동 1097-1 신성프라자 | 전화번호: 1522-3232
758,평내DT,경기,37.6477605,127.23469380000006,주소: 경기도 남양주시 평내동 246-2 | 전화번호: 1522-3232
759,별내,경기,37.6479682,127.1233987,주소: 경기도 남양주시 별내동 1015 | 전화번호: 1522-3232
760,평내호평역,경기,37.6540359,127.24287989999993,주소: 경기도 남양주시 호평동 638번지 성보빌딩 | 전화번호: 1522-3232
761,진접역,경기,37.7209,127.2033,주소: 경기도 남양주시 진접읍 금곡리 1018 | 전화번호: 1522-3232
762,더북한강R,경기,37.61247933285255,127.34202120989393,주소: 경기도 남양주시 화도읍 금남리 806-1 건물전체 | 전화번호: 1522-3232
763,남양주화도DT,경기,37.6389955,127.3033633,"주소: 경기도 남양주시 화도읍 차산리 97-3, 97-5, 97-7, 97-12, 97-15, 97-17 | 전화번호: 1522-3232"
764,다산DT,경기,37.61424,127.15537,주소: 경기도 남양주시 다산동 6147-2 | 전화번호: 1522-3232
765,남양주묵현DT,경기,37.6631,127.30263,주소: 경기도 남양주시 화도읍 묵현리 62-25 | 전화번호: 1522-3232
766,남양주이마트,경기,37.65515,127.2431,주소: 경기도 남양주시 호평동 637 남양주 호평이마트 | 전화번호: 1522-3232
767,다산이마트,경기,37.60868,127.15842,주소: 경기도 남양주시 다산동 4001-29 부영애시앙 지하1층 이마트내 | 전화번호: 1522-3232
768,별내별가람역,경기,37.66795353026899,127.11705030428506,주소: 경기도 남양주시 별내동 824 1층 104~107호 | 전화번호: 1522-3232
769,남양주삼패,경기,37.59187625063271,127.19956229624582,주소: 경기도 남양주시 삼패동 146-26 | 전화번호: 1522-3232
770,남양주호평,경기,37.65575,127.244,주소: 경기도 남양주시 호평동 639 호평프라자 | 전화번호: 1522-3232
771,남양주행정타운,경기,37.6107558,127.1681919,주소: 경기도 남양주시 다산동 6193 1층 101~105 | 전화번호: 1522-3232
772,판교유스페이스,경기,37.40127,127.107533,주소: 경기도 성남시 분당구 삼평동 670 유스페이스1 | 전화번호: 1522-3232
773,판교알파돔타워,경기,37.3941783,127.1106448,주소: 경기도 성남시 분당구 백현동 537 | 전화번호: 1522-3232
774,판교아비뉴프랑R,경기,37.3972109045547,127.113392362314,주소: 경기도 성남시 분당구 삼평동 740 판교 호반 써밋 플레이스 | 전화번호: 1522-3232
775,야탑터미널,경기,37.413494,127.128425,주소: 경기도 성남시 분당구 야탑동 341 분당종합터미널 | 전화번호: 1522-3232
776,분당이매,경기,37.394868119238936,127.12255321744587,주소: 경기도 성남시 분당구 이매동 146-2 중일빌딩 | 전화번호: 1522-3232
777,분당율동공원,경기,37.383857375786135,127.15012322349186,주소: 경기도 성남시 분당구 율동 300 | 전화번호: 1522-3232
778,정자동,경기,37.36329,127.114074,주소: 경기도 성남시 분당구 정자동 126-3 평림빌딩 | 전화번호: 1522-3232
779,판교알파돔시티,경기,37.394457574463,127.109362231264,"주소: 경기도 성남시 분당구 백현동 530번지 타워2동 1층, 138~142호 | 전화번호: 1522-3232"
780,서판교,경기,37.39142336810393,127.07766773828763,주소: 경기도 성남시 분당구 운중동 943 | 전화번호: 1522-3232
781,판교브릿지타워,경기,37.403323671,127.099085906,주소: 경기도 성남시 분당구 삼평동 617 브릿지타워 | 전화번호: 1522-3232
782,판교역로,경기,37.39731,127.111294,주소: 경기도 성남시 분당구 삼평동 663 리치투게더센터 1~2층 | 전화번호: 1522-3232
783,서현,경기,37.38600976659212,127.12593763355153,주소: 경기도 성남시 분당구 서현동 246-1 금화빌딩 | 전화번호: 1522-3232
784,수내로,경기,37.380487064162686,127.11659357638696,주소: 경기도 성남시 분당구 수내동 8-1 코아빌딩 | 전화번호: 1522-3232
785,정자역,경기,37.36682377,127.1067347,"주소: 경기도 성남시 분당구 정자동 19-6, 1~2층 | 전화번호: 1522-3232"
786,분당구청,경기,37.38411236228278,127.12016448946295,주소: 경기도 성남시 분당구 서현동 267-3 | 전화번호: 1522-3232
787,뉴코아야탑,경기,37.41041291,127.1273,주소: 경기도 성남시 분당구 야탑동 357-1 뉴코아 야탑점 아울렛 1층 | 전화번호: 1522-3232
788,미금역,경기,37.350318,127.106655,주소: 경기도 성남시 분당구 금곡동 168 메디파크빌딩 | 전화번호: 1522-3232
789,수내,경기,37.379601356964855,127.11475179628877,주소: 경기도 성남시 분당구 수내동 10-1 분당트라팰리스 | 전화번호: 1522-3232
790,정자상떼뷰,경기,37.3700972411991,127.105680374927,주소: 경기도 성남시 분당구 정자동 12-2 성원상떼뷰리젠시 201-101 | 전화번호: 1522-3232
791,서현미래에셋,경기,37.388005960455075,127.12339460130116,주소: 경기도 성남시 분당구 서현동 254-1 미래에셋빌딩 1층 | 전화번호: 1522-3232
792,야탑글라스,경기,37.410845,127.129806,주소: 경기도 성남시 분당구 야탑동 366-4번지 | 전화번호: 1522-3232
793,정자,경기,37.36487523071937,127.10631085942872,주소: 경기도 성남시 분당구 정자동 159-3번지 SPG센터 | 전화번호: 1522-3232
794,분당서울대병원4,경기,37.35104056947326,127.12417774553253,주소: 경기도 성남시 분당구 구미동 300 분당서울대병원 신관 4층 | 전화번호: 1522-3232
795,분당서울대병원1,경기,37.35104056947326,127.12417774553253,주소: 경기도 성남시 분당구 구미동 300 분당서울대병원 신관 1층 | 전화번호: 1522-3232
796,서현N타운,경기,37.38591695629877,127.12207568328725,"주소: 경기도 성남시 분당구 서현동 261-5,6 | 전화번호: 1522-3232"
797,서현역,경기,37.38599378076569,127.12401235325072,주소: 경기도 성남시 분당구 서현동 248-5 1층 | 전화번호: 1522-3232
798,오리역,경기,37.338617,127.109225,주소: 경기도 성남시 분당구 구미동 185-4 1층 | 전화번호: 1522-3232
799,분당정자,경기,37.37190496701959,127.10688526376882,주소: 경기도 성남시 분당구 정자동 7번지 두산파빌리온 1층 | 전화번호: 1522-3232
800,수내역,경기,37.37775755935278,127.1136650918293,주소: 경기도 성남시 분당구 수내동 17-1번지 1-2층 | 전화번호: 1522-3232
801,정자아데나,경기,37.3603282545579,127.107743660786,주소: 경기도 성남시 분당구 정자동 169-1 | 전화번호: 1522-3232
802,분당이마트,경기,37.35906170927517,127.12006527833034,주소: 경기도 성남시 분당구 정자동 211번지 | 전화번호: 1522-3232
803,판교H스퀘어,경기,37.4012201420784,127.108925941221,주소: 경기도 성남시 분당구 삼평동 680번지 H스퀘어 | 전화번호: 1522-3232
804,오리역삼거리,경기,37.339973519618624,127.10829010736299,주소: 경기도 성남시 분당구 구미동 157번지 | 전화번호: 1522-3232
805,판교HIPEX,경기,37.401209,127.110666,주소: 경기도 성남시 분당구 삼평동 679번지 판교 삼환 HIPEX | 전화번호: 1522-3232
806,판교도서관,경기,37.38955136653922,127.09090905712297,"주소: 경기도 성남시 분당구 판교동 592, 1~2층 일부 | 전화번호: 1522-3232"
807,미금역6번출구,경기,37.349676,127.108513,주소: 경기도 성남시 분당구 구미동 9-1 분당엠코헤리츠 | 전화번호: 1522-3232
808,네이버1784,경기,37.359164509,127.105020923,"주소: 경기도 성남시 분당구 정자동 178-4, 네이버1784 2층 | 전화번호: 1522-3232"
809,미금역2001아울렛,경기,37.3490444,127.1074534,주소: 경기도 성남시 분당구 구미동 11-4외 3필지 지하1층 일부 | 전화번호: 1522-3232
810,분당서현역AK R,경기,37.38463872535156,127.12307009531234,주소: 경기도 성남시 분당구 서현동 263 AK플라자 | 전화번호: 1522-3232
811,판교역힐스테이트,경기,37.39234765225062,127.11100508639963,"주소: 경기도 성남시 분당구 백현동 540,  판교힐테이트 1092~1095호 | 전화번호: 1522-3232"
812,수내역1번출구,경기,37.378515,127.11579,"주소: 경기도 성남시 분당구 수내동 6-8, 1~2층 | 전화번호: 1522-3232"
813,HD현대R&D센터,경기,37.376477723639674,127.10430060894166,"주소: 경기도 성남시 분당구 정자동 4-5, 1층 | 전화번호: 1522-3232"
814,수내양지마을,경기,37.373902337772996,127.11934378838681,주소: 경기도 성남시 분당구 수내동 28-2 양지프라임 | 전화번호: 1522-3232
815,분당궁내DT,경기,37.370636,127.102071,주소: 경기도 성남시 분당구 궁내동 255-5 | 전화번호: 1522-3232
816,야탑역사거리,경기,37.40969287889087,127.13030621693153,주소: 경기도 성남시 분당구 야탑동 514-2 뉴젠빌원룸텔 | 전화번호: 1522-3232
817,남한산성입구역,경기,37.449705,127.159463,"주소: 경기도 성남시 중원구 금광동 4608, 4609, 4610번지 101호, 102호, 103호, 104호, 105호, 106호 | 전화번호: 1522-3232"
818,단대오거리역,경기,37.4433283,127.15457659999993,주소: 경기도 성남시 중원구 중앙동 208 1~2층 | 전화번호: 1522-3232
819,성남모란DT,경기,37.42916075591734,127.13344319390397,주소: 경기도 성남시 중원구 성남동 3968 | 전화번호: 1522-3232
820,수원금곡,경기,37.27491,126.954432,주소: 경기도 수원시 권선구 금곡동 1114-1 리더스빌딩 | 전화번호: 1522-3232
821,수원세류DT,경기,37.262923,127.011208,"주소: 경기도 수원시 권선구 세류동 325-1, 325, 325-8 | 전화번호: 1522-3232"
822,수원호매실,경기,37.274375,126.941263,"주소: 경기도 수원시 권선구 금곡동 1077 수원모아미래도센트럴타운2단지 B232,233,234호 | 전화번호: 1522-3232"
823,수원권선DT,경기,37.246345,126.964025,주소: 경기도 수원시 권선구 오목천동 321-20 | 전화번호: 1522-3232
824,수원권선,경기,37.246668,127.030958,주소: 경기도 수원시 권선구 권선동 1364 수원아이파크시티8단지 | 전화번호: 1522-3232
825,수원이마트,경기,37.25007961039053,127.02128059777506,"주소: 경기도 수원시 권선구 권선동 1189 터미널동, 할인점동 (수원이마트 2층) | 전화번호: 1522-3232"
826,수원세류역DT,경기,37.243791,127.017207,주소: 경기도 수원시 권선구 세류동 1163-2 | 전화번호: 1522-3232
827,타임빌라스수원,경기,37.2648676309542,126.998455502179,주소: 경기도 수원시 권선구 서둔동 381 롯데몰 수원점 | 전화번호: 1522-3232
828,수원고색동DT,경기,37.239320254017244,126.98871882924855,주소: 경기도 수원시 권선구 고색동 547-1 | 전화번호: 1522-3232
829,수원탑동DT,경기,37.26711903511241,126.9713639327551,주소: 경기도 수원시 권선구 탑동 437-2 | 전화번호: 1522-3232
830,수원연무DT,경기,37.29217464098265,127.02887111657206,주소: 경기도 수원시 장안구 연무동 247-16 | 전화번호: 1522-3232
831,북수원IC DT,경기,37.307776,126.99833,"주소: 경기도 수원시 장안구 파장동 469-4, 469-47, 469-48, 469-49번지(총4필지) 중 일부 (건물 1~3층) | 전화번호: 1522-3232"
832,수원천천,경기,37.297286,126.982671,주소: 경기도 수원시 장안구 천천동 524-4 해든타워 | 전화번호: 1522-3232
833,수원성균관대,경기,37.298935,126.971577,"주소: 경기도 수원시 장안구 율전동 285-6번지 1층4,5,6호 2층1,2호 | 전화번호: 1522-3232"
834,스타필드수원6F,경기,37.28757355541144,126.99155345711115,주소: 경기도 수원시 장안구 정자동 111-14 | 전화번호: 1522-3232
835,스타필드수원1F,경기,37.28712303932181,126.99159861557195,주소: 경기도 수원시 장안구 정자동 111-14 | 전화번호: 1522-3232
836,수원정자사거리DT,경기,37.2911959629684,127.004005026146,주소: 경기도 수원시 장안구 정자동 79-7 | 전화번호: 1522-3232
837,수원이목동DT,경기,37.3098935891378,126.976745401806,주소: 경기도 수원시 장안구 이목동 488 | 전화번호: 1522-3232
838,수원종합운동장,경기,37.30131434532604,127.00888796594907,주소: 경기도 수원시 장안구 송죽동 506-2 | 전화번호: 1522-3232
839,수원조원DT,경기,37.2952372155505,127.015769907921,주소: 경기도 수원시 장안구 조원동 917 | 전화번호: 1522-3232
840,수원경수인계DT,경기,37.270568,127.027566,주소: 경기도 수원시 팔달구 인계동 963-11 | 전화번호: 1522-3232
841,수원KBS DT,경기,37.271122,127.035213,주소: 경기도 수원시 팔달구 인계동 363-5 | 전화번호: 1522-3232
842,수원인계DT,경기,37.267938,127.027948,주소: 경기도 수원시 팔달구 인계동 1019 1~2층 | 전화번호: 1522-3232
843,수원이비스,경기,37.2593568,127.0313287,주소: 경기도 수원시 팔달구 인계동 1132-12 | 전화번호: 1522-3232
844,수원매산,경기,37.2673815171216,127.002694505473,주소: 경기도 수원시 팔달구 매산로1가 53-9 | 전화번호: 1522-3232
845,동수원DT,경기,37.2781099,127.03394960000003,주소: 경기도 수원시 팔달구 우만동 153-20 | 전화번호: 1522-3232
846,수원인계,경기,37.2654063,127.0331459,주소: 경기도 수원시 팔달구 인계동 1038-2번지 | 전화번호: 1522-3232
847,아주대,경기,37.279696,127.04334,"주소: 경기도 수원시 팔달구 우만동 58-32,36번지 | 전화번호: 1522-3232"
848,수원성빈센트병원,경기,37.27786636322684,127.02795232371084,주소: 경기도 수원시 팔달구 지동 93-6 성빈센트병원 | 전화번호: 1522-3232
849,수원화성행궁,경기,37.283349,127.015668,주소: 경기도 수원시 팔달구 신풍동 224 | 전화번호: 1522-3232
850,수원나혜석거리,경기,37.264255680068,127.034163000188,주소: 경기도 수원시 팔달구 인계동 1119-9 | 전화번호: 1522-3232
851,수원역AK B1,경기,37.266287,127.00071,주소: 경기도 수원시 팔달구 매산로1가 18 AK플라자 지하1층 | 전화번호: 1522-3232
852,수원경인일보,경기,37.2614640249992,127.03463081706,주소: 경기도 수원시 팔달구 인계동 1122-11 | 전화번호: 1522-3232
853,수원역AK R,경기,37.2668319123291,127.000067643997,주소: 경기도 수원시 팔달구 매산로1가 18 AK플라자 1층 | 전화번호: 1522-3232
854,시흥대야DT,경기,37.441713,126.787757,주소: 경기도 시흥시 대야동 501-3 | 전화번호: 1522-3232
855,배곧아브뉴프랑,경기,37.36811,126.72921,주소: 경기도 시흥시 정왕동 2526 시흥배곧 아브뉴프랑 센트럴 옐로우 | 전화번호: 1522-3232
856,시흥대야동,경기,37.44174,126.791869,"주소: 경기도 시흥시 대야동 546-1 대명프라자 103,104호 | 전화번호: 1522-3232"
857,배곧신도시,경기,37.36926945415259,126.73036074295075,주소: 경기도 시흥시 정왕동 2519 | 전화번호: 1522-3232
858,시흥대야,경기,37.444229754297965,126.79042553543216,주소: 경기도 시흥시 대야동 532-1 104호 | 전화번호: 1522-3232
859,시흥P.아울렛 3F,경기,37.3799059122297,126.73580928923205,주소: 경기도 시흥시 정왕동 1772-7 | 전화번호: 1522-3232
860,시흥P.아울렛 1F,경기,37.37931238616435,126.73580928923205,주소: 경기도 시흥시 정왕동 1772-7 | 전화번호: 1522-3232
861,시화로데오,경기,37.344630634101044,126.73724279219881,주소: 경기도 시흥시 정왕동 1738-6 | 전화번호: 1522-3232
862,시흥월곶,경기,37.389462,126.73886,주소: 경기도 시흥시 월곶동 1008 | 전화번호: 1522-3232
863,물왕호수,경기,37.382917,126.840701,"주소: 경기도 시흥시 물왕동 79-1, 79-8 | 전화번호: 1522-3232"
864,시흥장현,경기,37.3782498,126.7890783,주소: 경기도 시흥시 장곡동 932-5 센터프라자 | 전화번호: 1522-3232
865,시흥능곡역,경기,37.37064104024727,126.80749692444117,주소: 경기도 시흥시 능곡동 235-1 장현지구 상업6BL | 전화번호: 1522-3232
866,시흥목감DT,경기,37.37809739693793,126.84973018926857,주소: 경기도 시흥시 조남동 651 | 전화번호: 1522-3232
867,시흥은계,경기,37.43758361943802,126.8014978492903,주소: 경기도 시흥시 은행동 646-4 | 전화번호: 1522-3232
868,안산고잔센트럴타워,경기,37.31905063872096,126.83445383032479,주소: 경기도 안산시 단원구 고잔동 533-1 | 전화번호: 1522-3232
869,안산상공회의소,경기,37.318601652961206,126.82609788533867,주소: 경기도 안산시 단원구 고잔동 519-1 안산상공회의소 B동 1층 | 전화번호: 1522-3232
870,고잔이마트,경기,37.303062006685224,126.8119780385466,주소: 경기도 안산시 단원구 초지동 742-6 이마트 | 전화번호: 1522-3232
871,안산문화광장,경기,37.30993328883379,126.83046363347107,"주소: 경기도 안산시 단원구 고잔동 771-3,771-4 로데오타운1층 | 전화번호: 1522-3232"
872,안산중앙,경기,37.318631543239576,126.83762209223218,주소: 경기도 안산시 단원구 고잔동 539-1 스타타워 1층 | 전화번호: 1522-3232
873,안산중앙역,경기,37.317081782690096,126.83763388713413,주소: 경기도 안산시 단원구 고잔동 541 | 전화번호: 1522-3232
874,안산트레이더스,경기,37.33083975339962,126.78489040336497,주소: 경기도 안산시 단원구 신길동 1687 | 전화번호: 1522-3232
875,안산선부역,경기,37.333896208588186,126.80692215171311,"주소: 경기도 안산시 단원구 선부동 1071 한영타워, 114~118호 면적 선택 | 전화번호: 1522-3232"
876,대부도DT,경기,37.26842580152328,126.57015106385668,주소: 경기도 안산시 단원구 대부북동 1836-10 | 전화번호: 1522-3232
877,안산물의광장,경기,37.31320948847559,126.8295509836967,주소: 경기도 안산시 단원구 고잔동 706-3 장은타워 | 전화번호: 1522-3232
878,안성석정DT,경기,37.010463177925295,127.26208837463214,주소: 경기도 안성시 석정동 254-3 | 전화번호: 1522-3232
879,안성공도DT,경기,37.009411,127.200801,주소: 경기도 안성시 공도읍 마정리 147-8 | 전화번호: 1522-3232
880,안성서동대로DT,경기,37.0048167672848,127.182089433237,"주소: 경기도 안성시 공도읍 만정리 302-9,302-47,302-15 3필지 | 전화번호: 1522-3232"
881,안성계동DT,경기,36.9860648687646,127.26783707510754,주소: 경기도 안성시 계동 161 | 전화번호: 1522-3232
882,스타필드안성R,경기,36.99395105711111,127.14692972071028,주소: 경기도 안성시 공도읍 진사리 354 스타필드 안성 | 전화번호: 1522-3232
883,스타필드안성3F,경기,36.9950263,127.1458553,"주소: 경기도 안성시 공도읍 진사리 354 스타필드 안성 L3층, 3205 | 전화번호: 1522-3232"
884,호계지식산업센터,경기,37.3725193,126.9487254,주소: 경기도 안양시 동안구 호계동 555-45 호계 데시앙플렉스  데시앙플렉스 118~123호 | 전화번호: 1522-3232
885,평촌역DT,경기,37.396509,126.971235,"주소: 경기도 안양시 동안구 관양동 902, 901-2 | 전화번호: 1522-3232"
886,안양범계,경기,37.3916919774004,126.953778645045,주소: 경기도 안양시 동안구 호계동 1042-1 | 전화번호: 1522-3232
887,안양운동장사거리DT,경기,37.40111,126.949208,주소: 경기도 안양시 동안구 비산동 1054 | 전화번호: 1522-3232
888,범계역,경기,37.389849,126.949818,주소: 경기도 안양시 동안구 호계동 1039 G.SQUARE | 전화번호: 1522-3232
889,안양호계DT,경기,37.366561,126.956011,주소: 경기도 안양시 동안구 호계동 714-5 | 전화번호: 1522-3232
890,평촌호계,경기,37.38308987215936,126.9598478484914,주소: 경기도 안양시 동안구 호계동 1065-2 태양프라자 | 전화번호: 1522-3232
891,평촌역사거리,경기,37.39594913421712,126.96509237874383,주소: 경기도 안양시 동안구 관양동 1746 금강스마트빌딩 1F | 전화번호: 1522-3232
892,안양비산DT,경기,37.3925432775419,126.942881814476,주소: 경기도 안양시 동안구 비산동 580-6 | 전화번호: 1522-3232
893,평촌아크로,경기,37.39254935682436,126.95629686455614,주소: 경기도 안양시 동안구 관양동 1591 평촌아크로타워 상가동 2층8호 | 전화번호: 1522-3232
894,범계로데오,경기,37.391494,126.955122,주소: 경기도 안양시 동안구 호계동 1044-8 번지 | 전화번호: 1522-3232
895,인덕원역,경기,37.40026330315309,126.9763137476872,주소: 경기도 안양시 동안구 관양동 1502-6 아이퍼스트 타워 1~2층 | 전화번호: 1522-3232
896,안양덕현DT,경기,37.3713017997558,126.960219576803,"주소: 경기도 안양시 동안구 호계동 1002-6, 7 | 전화번호: 1522-3232"
897,평촌트리지아,경기,37.38279,126.952498,"주소: 경기도 안양시 동안구 호계동 926-4 (호계동, 평촌트리지아아파트 2단지) | 전화번호: 1522-3232"
898,평촌한림대병원,경기,37.392812684079196,126.96218875037164,주소: 경기도 안양시 동안구 관양동 1606 평촌주공공이 | 전화번호: 1522-3232
899,안양이마트,경기,37.398521,126.935224,주소: 경기도 안양시 동안구 비산동 411-8 부방유통 | 전화번호: 1522-3232
900,안양역R,경기,37.401964,126.922661,주소: 경기도 안양시 만안구 안양동 88-1외 2필지 안양민자역사 1층 001호 | 전화번호: 1522-3232
901,명학역,경기,37.3837071172439,126.93468729534386,"주소: 경기도 안양시 만안구 안양동 1410 128,129,130,132,133,134,135,136호 | 전화번호: 1522-3232"
902,안양역,경기,37.4002845,126.92216770000005,주소: 경기도 안양시 만안구 안양동 674-81 | 전화번호: 1522-3232
903,안양석수DT,경기,37.4312614,126.9033382,주소: 경기도 안양시 만안구 석수동 385-3 | 전화번호: 1522-3232
904,안양일번가,경기,37.39919046,126.9236856,주소: 경기도 안양시 만안구 안양동 674-170 | 전화번호: 1522-3232
905,양주옥정타운,경기,37.8184494348896,127.09398222750495,주소: 경기도 양주시 옥정동 963-18 | 전화번호: 1522-3232
906,양주송추DT,경기,37.717529,126.973093,주소: 경기도 양주시 장흥면 교현리 112-2 | 전화번호: 1522-3232
907,양주덕정역DT,경기,37.83821453673251,127.06297637407076,주소: 경기도 양주시 덕정동 286-28 223-8 | 전화번호: 1522-3232
908,양주고읍DT,경기,37.8035448078233,127.079391925805,주소: 경기도 양주시 고읍동 109 | 전화번호: 1522-3232
909,양주광사DT,경기,37.7907464236245,127.072790578691,주소: 경기도 양주시 광사동 342-7 | 전화번호: 1522-3232
910,가나아트파크,경기,37.7263808,126.9500801,주소: 경기도 양주시 장흥면 일영리 6-7 장흥아트파크 | 전화번호: 1522-3232
911,양주덕계역,경기,37.818959286229806,127.05295977942902,주소: 경기도 양주시 덕계동 892-4 | 전화번호: 1522-3232
912,양주옥정공원,경기,37.8212148140616,127.09744134144607,주소: 경기도 양주시 옥정동 1036-7 | 전화번호: 1522-3232
913,양주광적DT,경기,37.8162222,126.9874055,"주소: 경기도 양주시 광적면 가납리 657-13, 14, 658-8 | 전화번호: 1522-3232"
914,양주회정DT,경기,37.83958361508239,127.0547041749784,주소: 경기도 양주시 회정동 130-13 | 전화번호: 1522-3232
915,연천전곡DT,경기,38.01188568455483,127.06873283590522,주소: 경기도 연천군 전곡읍 전곡리 159-4 | 전화번호: 1522-3232
916,북오산IC DT,경기,37.189809,127.058997,주소: 경기도 오산시 외삼미동 327-29 | 전화번호: 1522-3232
917,오산세교,경기,37.176779,127.045583,주소: 경기도 오산시 금암동 516-4 P&P세교프라자 | 전화번호: 1522-3232
918,오산갈곶DT,경기,37.129185998855284,127.07131092131328,"주소: 경기도 오산시 갈곶동 244-3, 245, 245-1, 245-5번지 | 전화번호: 1522-3232"
919,오산IC DT,경기,37.14269620513025,127.07685288946868,주소: 경기도 오산시 원동 119-137번지 | 전화번호: 1522-3232
920,오산시청,경기,37.1486248,127.0741288,주소: 경기도 오산시 원동 231-16 | 전화번호: 1522-3232
921,오산부산동DT,경기,37.15899425341184,127.09242788878642,주소: 경기도 오산시 부산동 82-6 | 전화번호: 1522-3232
922,오산원동DT,경기,37.1441810626901,127.073876453349,주소: 경기도 오산시 원동 767-4 | 전화번호: 1522-3232
923,서동탄DT,경기,37.197476,127.065097,주소: 경기도 오산시 외삼미동 119-5 | 전화번호: 1522-3232
924,오산수청DT,경기,37.16298068889096,127.0666928732513,"주소: 경기도 오산시 수청동 78-5,77-5, 77-1, 79, 76 | 전화번호: 1522-3232"
925,용인세브란스병원,경기,37.271092,127.147639,주소: 경기도 용인시 기흥구 중동 724-7 | 전화번호: 1522-3232
926,용인상하DT,경기,37.259778,127.142453,주소: 경기도 용인시 기흥구 상하동 246-1 | 전화번호: 1522-3232
927,용인언남,경기,37.29262880835632,127.12206858068447,주소: 경기도 용인시 기흥구 언남동 239 | 전화번호: 1522-3232
928,기흥역AK R,경기,37.2746544,127.1165616,주소: 경기도 용인시 기흥구 구갈동 234 기흥역 힐스테이트 | 전화번호: 1522-3232
929,용인고매동,경기,37.22317532265088,127.1141622136813,주소: 경기도 용인시 기흥구 고매동 271 리빙파워센터 지하1층 | 전화번호: 1522-3232
930,용인보라DT,경기,37.255575,127.104577,주소: 경기도 용인시 기흥구 보라동 376-6 | 전화번호: 1522-3232
931,용인동백DT,경기,37.274595,127.141221,주소: 경기도 용인시 기흥구 상하동 461-2 | 전화번호: 1522-3232
932,용인마북DT,경기,37.2947324,127.11029259999998,주소: 경기도 용인시 기흥구 마북동 502-152 | 전화번호: 1522-3232
933,용인기흥구청,경기,37.2808075,127.1108768,주소: 경기도 용인시 기흥구 신갈동 733 기흥더샵프라임뷰 상가동 1~2층 | 전화번호: 1522-3232
934,수원IC DT,경기,37.2672407380298,127.074871029992,주소: 경기도 용인시 기흥구 영덕동 522-2 LG동광주유소 | 전화번호: 1522-3232
935,용인보정,경기,37.320017,127.11084,주소: 경기도 용인시 기흥구 보정동 1263번지 죽전누리에뜰상가 | 전화번호: 1522-3232
936,구성트레이더스,경기,37.305434,127.105468,주소: 경기도 용인시 기흥구 보정동 1019-237 | 전화번호: 1522-3232
937,강남대,경기,37.2710542,127.1259993,주소: 경기도 용인시 기흥구 구갈동 581-1 강남&플러스 1층 | 전화번호: 1522-3232
938,용인하갈DT,경기,37.2492977286623,127.087735450111,주소: 경기도 용인시 기흥구 하갈동 453-4 | 전화번호: 1522-3232
939,흥덕IT밸리,경기,37.27072,127.0681,주소: 경기도 용인시 기흥구 영덕동 1005 흥덕IT밸리 Complex동 B0117호 | 전화번호: 1522-3232
940,용인흥덕DT,경기,37.274840655549575,127.07182016022024,주소: 경기도 용인시 기흥구 영덕동 986-3 | 전화번호: 1522-3232
941,수지롯데캐슬하이브엘,경기,37.320934171200285,127.09861379268473,주소: 경기도 용인시 기흥구 보정동 1404 수지구청역 롯데캐슬 하이브엘 | 전화번호: 1522-3232
942,삼성디스플레이SDR,경기,37.225417,127.087317,주소: 경기도 용인시 기흥구 농서동 산24 삼성전자(주)기흥캠퍼스 | 전화번호: 1522-3232
943,기흥테라타워,경기,37.230764,127.071,"주소: 경기도 용인시 기흥구 농서동 452 기흥 테라타워 125, 126, 127, 128호 | 전화번호: 1522-3232"
944,용인보정DT,경기,37.321478238,127.104160923,주소: 경기도 용인시 기흥구 보정동 381-1 | 전화번호: 1522-3232
945,한국민속촌DT,경기,37.255933,127.116911,주소: 경기도 용인시 기흥구 보라동 145-3 | 전화번호: 1522-3232
946,동백이마트,경기,37.2781451,127.1514253,주소: 경기도 용인시 기흥구 중동 833 쥬네브썬월드빌딩 | 전화번호: 1522-3232
947,용인신갈DT,경기,37.27277694332577,127.11031628466871,주소: 경기도 용인시 기흥구 신갈동 64-11 | 전화번호: 1522-3232
948,용인김량장DT,경기,37.239640424,127.21056759,주소: 경기도 용인시 처인구 김량장동 177-1 | 전화번호: 1522-3232
949,용인에버랜드,경기,37.294988424,127.203199216,주소: 경기도 용인시 처인구 포곡읍 전대리 310 삼성에버랜드 | 전화번호: 1522-3232
950,용인시청DT,경기,37.240436087764024,127.17112462853773,주소: 경기도 용인시 처인구 삼가동 197-7 | 전화번호: 1522-3232
951,용인처인구청,경기,37.234764,127.202928,주소: 경기도 용인시 처인구 김량장동 295-10 | 전화번호: 1522-3232
952,용인양지IC DT,경기,37.23332323108787,127.2917092047991,"주소: 경기도 용인시 처인구 양지면 양지리 165-5 양지면 양지리 165-5, 165-1, 165-2, 165-6, 163-2 | 전화번호: 1522-3232"
953,용인한숲시티,경기,37.152464,127.173575,주소: 경기도 용인시 처인구 남사읍 아곡리 700-1 | 전화번호: 1522-3232
954,용인남동DT,경기,37.2211071966979,127.209029807878,주소: 경기도 용인시 처인구 남동 402-16 | 전화번호: 1522-3232
955,용인마평DT,경기,37.2336627,127.2168107,"주소: 경기도 용인시 처인구 마평동 637-2, 637-4 | 전화번호: 1522-3232"
956,용인처인휴게소,경기,37.340406,127.219305,주소: 경기도 용인시 처인구 모현읍 매산리 284-21외 50필지 | 전화번호: 1522-3232
957,용인역북,경기,37.232254,127.188747,주소: 경기도 용인시 처인구 역북동 504-13 | 전화번호: 1522-3232
958,용인고림DT,경기,37.243914,127.217972,주소: 경기도 용인시 처인구 고림동 759-19외  3필지 | 전화번호: 1522-3232
959,용인모현DT,경기,37.349014,127.249316,주소: 경기도 용인시 처인구 모현읍 왕산리 734-2 | 전화번호: 1522-3232
960,용인IC DT,경기,37.25140976,127.212133287,"주소: 경기도 용인시 처인구 유방동 476-1, 5 | 전화번호: 1522-3232"
961,의왕청계DT,경기,37.3883721704744,126.998385219178,주소: 경기도 의왕시 청계동 829-4 스타벅스 | 전화번호: 1522-3232
962,의왕포일,경기,37.3960433533346,126.98435027585214,주소: 경기도 의왕시 포일동 664-2 | 전화번호: 1522-3232
963,의왕백운호수,경기,37.3748675899528,127.003097903933,주소: 경기도 의왕시 학의동 634-2 | 전화번호: 1522-3232
964,의왕현대모비스,경기,37.32469579167545,126.95196981011368,"주소: 경기도 의왕시 삼동 46-23, 현대자동차그룹 의왕연구소 | 전화번호: 1522-3232"
965,의왕내손,경기,37.389126752962,126.976737889453,주소: 경기도 의왕시 내손동 416-3번지 벨포레스퀘어 G111~116호 | 전화번호: 1522-3232
966,의왕롯데몰,경기,37.37526646974715,127.00863136446662,"주소: 경기도 의왕시 학의동 1039, GF층 일부 | 전화번호: 1522-3232"
967,의왕삼동DT,경기,37.316653,126.957363,"주소: 경기도 의왕시 삼동 105-2, 105-8, 105-10, 105-11, 107, 107-2 | 전화번호: 1522-3232"
968,의정부예술의전당DT,경기,37.7330525,127.0388483,주소: 경기도 의정부시 의정부동 543-6 | 전화번호: 1522-3232
969,의정부신곡DT,경기,37.726826,127.064015,주소: 경기도 의정부시 신곡동 263-17 | 전화번호: 1522-3232
970,의정부용현DT,경기,37.73038983553,127.084245521194,"주소: 경기도 의정부시 용현동 189-3, 4, 20, 21, 22(5필지) | 전화번호: 1522-3232"
971,의정부공원,경기,37.740103,127.047531,"주소: 경기도 의정부시 의정부동 196-12, 196-27 퍼시픽타워 | 전화번호: 1522-3232"
972,의정부민락,경기,37.7454512032732,127.093963593616,주소: 경기도 의정부시 민락동 805 | 전화번호: 1522-3232
973,의정부회룡역DT,경기,37.722373,127.047477,주소: 경기도 의정부시 호원동 433-1 | 전화번호: 1522-3232
974,의정부녹양DT,경기,37.758477,127.040289,"주소: 경기도 의정부시 가능동 93-1, 92-2 (2필지) | 전화번호: 1522-3232"
975,의정부금오,경기,37.7530086961915,127.070461426623,주소: 경기도 의정부시 금오동 474-2 대송프라자 | 전화번호: 1522-3232
976,신세계의정부2F,경기,37.73828755664889,127.04635329209178,주소: 경기도 의정부시 의정부동 168-54 신세계백화점 2층 | 전화번호: 1522-3232
977,신세계의정부6F,경기,37.737483674150624,127.04575717895149,주소: 경기도 의정부시 의정부동 168-54 신세계백화점 6층 | 전화번호: 1522-3232
978,의정부송산역DT,경기,37.740164230224,127.085685890206,주소: 경기도 의정부시 용현동 313-3 | 전화번호: 1522-3232
979,의정부민락타운,경기,37.744429,127.098713,주소: 경기도 의정부시 민락동 803 민락2지구 제일풍경채 센텀-애비뉴모나코 | 전화번호: 1522-3232
980,의정부장암DT,경기,37.69925,127.05465,"주소: 경기도 의정부시 장암동 214-49,50 | 전화번호: 1522-3232"
981,의정부경의교차로,경기,37.732692811929,127.04768672495,주소: 경기도 의정부시 의정부동 369-5 | 전화번호: 1522-3232
982,의정부이마트,경기,37.7432268,127.1025002,주소: 경기도 의정부시 민락동 849 이마트 | 전화번호: 1522-3232
983,이천증포DT,경기,37.29660399999999,127.45729200000005,"주소: 경기도 이천시 증포동 216-3, 216-8, 216-10, 216-13, 217-5, 217-7 | 전화번호: 1522-3232"
984,이천사음DT,경기,37.299106,127.407841,주소: 경기도 이천시 사음동 572-1 | 전화번호: 1522-3232
985,이천하이닉스,경기,37.25251,127.489933,"주소: 경기도 이천시 부발읍 아미리 726-5외 101호, 102호, 201호 | 전화번호: 1522-3232"
986,이천터미널,경기,37.278191,127.446323,주소: 경기도 이천시 중리동 218-5 | 전화번호: 1522-3232
987,이천IC DT,경기,37.2579899398962,127.48292859491757,주소: 경기도 이천시 부발읍 신하리 547 | 전화번호: 1522-3232
988,이천진리DT,경기,37.27388826062976,127.4516463057358,"주소: 경기도 이천시 진리동 10-1, 9-15, 10 | 전화번호: 1522-3232"
989,이천마장DT,경기,37.2563624,127.3498181,주소: 경기도 이천시 마장면 양촌리 128-1 | 전화번호: 1522-3232
990,이천송정DT,경기,37.296100682031,127.439629554001,주소: 경기도 이천시 송정동 346-62 (송정동) | 전화번호: 1522-3232
991,포천DT,경기,37.84842935479925,127.16181992045676,주소: 경기도 포천시 선단동 557 | 전화번호: 1522-3232
992,광릉수목원,경기,37.7765034236257,127.165247073124,주소: 경기도 포천시 소흘읍 직동리 330 | 전화번호: 1522-3232
993,포천호국로DT,경기,37.79612836454277,127.12735725447881,주소: 경기도 포천시 소흘읍 이동교리 400-4 | 전화번호: 1522-3232
994,포천내촌DT,경기,37.7632407781611,127.225236251822,"주소: 경기도 포천시 내촌면 음현리 551-2,551-3,551-4,552-3 | 전화번호: 1522-3232"
995,하남미사DT,경기,37.55997203406607,127.1857908767236,주소: 경기도 하남시 망월동 1066-3 | 전화번호: 1522-3232
996,하남황산사거리,경기,37.55078301,127.18603343,주소: 경기도 하남시 풍산동 527-1 미사강변 노르웨이숲 오피스텔 101호~106호 | 전화번호: 1522-3232
997,스타필드위례1FR,경기,37.480412900538155,127.147995622009,주소: 경기도 하남시 학암동 660 스타필드시티 위례점 | 전화번호: 1522-3232
998,미사역효성,경기,37.56724938447274,127.19030829457851,"주소: 경기도 하남시 망월동 1081 미사역 효성해링턴 타워 더 퍼스트 1001~1003,1011~1013 | 전화번호: 1522-3232"
999,하남덕풍,경기,37.55215262070143,127.20928781667027,주소: 경기도 하남시 덕풍동 741-2 태석오피스텔하남풍산메트하임 | 전화번호: 1522-3232
1000,하남미사,경기,37.56961189042407,127.1834150926398,주소: 경기도 하남시 망월동 990 | 전화번호: 1522-3232
1001,스타필드하남1F(티바나),경기,37.54477874715479,127.2236041950884,주소: 경기도 하남시 신장동 616 스타필드 하남 | 전화번호: 1522-3232
1002,신세계하남2F,경기,37.545993831702795,127.22188498102277,주소: 경기도 하남시 신장동 616 스타필드 하남 | 전화번호: 1522-3232
1003,스타필드하남2FR,경기,37.545214483818086,127.22426181100775,주소: 경기도 하남시 신장동 616 스타필드 하남 | 전화번호: 1522-3232
1004,하남시청,경기,37.54058517543721,127.21603603472239,주소: 경기도 하남시 신장동 524-4 1~2층 | 전화번호: 1522-3232
1005,북위례,경기,37.487760731969956,127.15833350438928,주소: 경기도 하남시 학암동 647-2 경서타워1 | 전화번호: 1522-3232
1006,하남시청역,경기,37.5414173926204,127.20802671231,주소: 경기도 하남시 신장동 564-5 주원빌딩 | 전화번호: 1522-3232
1007,하남풍산역,경기,37.55355158819783,127.20534208530016,주소: 경기도 하남시 덕풍동 735 빌리브하남 101~106호 | 전화번호: 1522-3232
1008,하남감일,경기,37.50741144793323,127.15510073391985,"주소: 경기도 하남시 감이동 512, 현대타워, 1층 105~111호 | 전화번호: 1522-3232"
1009,미사역그랑파사쥬,경기,37.56421331111887,127.19152864407452,주소: 경기도 하남시 망월동 1100 힐스테이트 미사역 그랑파사쥬 1층 1056~1059호 | 전화번호: 1522-3232
1010,미사역파라곤스퀘어,경기,37.56431706804952,127.19282489639798,"주소: 경기도 하남시 망월동 1125, 미사역 파라곤스퀘어 1층 1011~1016호 | 전화번호: 1522-3232"
1011,화성시청,경기,37.20087822769405,126.8260472922631,주소: 경기도 화성시 남양읍 남양리 2072-7 | 전화번호: 1522-3232
1012,화성봉담,경기,37.2186558750552,126.95538618707329,주소: 경기도 화성시 봉담읍 동화리 564 | 전화번호: 1522-3232
1013,화성향남,경기,37.131572,126.922767,주소: 경기도 화성시 향남읍 행정리 474-8 | 전화번호: 1522-3232
1014,동탄카림,경기,37.19921081770612,127.11294627624395,"주소: 경기도 화성시 청계동 536 시범 반도유보라 아이비파크4.0 0024,0025,0026,0027,1021,1022,1023,1024호 | 전화번호: 1522-3232"
1015,동탄능동DT,경기,37.212139,127.053557,주소: 경기도 화성시 능동 471-7 | 전화번호: 1522-3232
1016,동탄역,경기,37.19779562354546,127.0984027054538,"주소: 경기도 화성시 오산동 969-2 리치안타워 1,2층 | 전화번호: 1522-3232"
1017,화성병점DT,경기,37.212704,127.038292,"주소: 경기도 화성시 진안동 873-4, 873-18 | 전화번호: 1522-3232"
1018,동탄영천,경기,37.2067360762558,127.11138038332655,주소: 경기도 화성시 영천동 681-6 | 전화번호: 1522-3232
1019,신영통DT,경기,37.234379,127.062955,주소: 경기도 화성시 반월동 163-3 | 전화번호: 1522-3232
1020,동탄센트럴파크,경기,37.2082443,127.0638898,주소: 경기도 화성시 반송동 42-2 | 전화번호: 1522-3232
1021,동탄,경기,37.201742,127.072973,주소: 경기도 화성시 반송동 106-1 동탄파라곤II 1층 | 전화번호: 1522-3232
1022,동탄광장,경기,37.205275,127.07186,주소: 경기도 화성시 반송동 93-1번지 풍성 위버폴리스 | 전화번호: 1522-3232
1023,스타필드마켓동탄,경기,37.21417,127.079398,주소: 경기도 화성시 석우동 44 동탄이마트 2층 | 전화번호: 1522-3232
1024,송산마도IC DT,경기,37.20721733691775,126.77769416965663,"주소: 경기도 화성시 마도면 두곡리 312-4, 312-5 | 전화번호: 1522-3232"
1025,동탄북광장,경기,37.206887,127.074505,"주소: 경기도 화성시 반송동 86-8, 1층 일부 | 전화번호: 1522-3232"
1026,동탄산단DT,경기,37.16444559525663,127.08653493054737,주소: 경기도 화성시 방교동 844-1 | 전화번호: 1522-3232
1027,동탄라크몽,경기,37.16724647044769,127.10500600289996,주소: 경기도 화성시 송동 726-1 라크몽 | 전화번호: 1522-3232
1028,화성봉담2지구,경기,37.22345976347896,126.94756086840334,"주소: 경기도 화성시 봉담읍 수영리 650-5, 650-4, 650-67 | 전화번호: 1522-3232"
1029,화성남양DT,경기,37.2069639382399,126.819198917853,주소: 경기도 화성시 남양읍 남양리 2283 | 전화번호: 1522-3232
1030,화성봉담DT,경기,37.22832461050121,126.97157862066766,주소: 경기도 화성시 기안동 333-5 | 전화번호: 1522-3232
1031,동탄목동,경기,37.1825,127.12466,주소: 경기도 화성시 목동 우성스타파크 A | 전화번호: 1522-3232
1032,화성반월DT,경기,37.220273,127.058281,주소: 경기도 화성시 반월동 633-10 | 전화번호: 1522-3232
1033,동탄여울공원,경기,37.20125564665495,127.08991959567788,주소: 경기도 화성시 오산동 976-2 | 전화번호: 1522-3232
1034,화성보통저수지,경기,37.1924950796762,126.9784870007,주소: 경기도 화성시 정남면 단독 건물 | 전화번호: 1522-3232
1035,삼성전자DSR,경기,37.226129,127.070494,주소: 경기도 화성시 반월동 948 | 전화번호: 1522-3232
1036,동탄트레이더스,경기,37.19340616742762,127.09728759646569,주소: 경기도 화성시 오산동 1022 이마트트레이더스 동탄점 | 전화번호: 1522-3232
1037,동탄신리천공원,경기,37.18381931548709,127.10731223960644,주소: 경기도 화성시 오산동 1039-5 | 전화번호: 1522-3232
1038,화성향남DT,경기,37.131948556839525,126.91000210775724,주소: 경기도 화성시 향남읍 평리 81-19 | 전화번호: 1522-3232
1039,송산그린시티,경기,37.284793,126.818368,주소: 경기도 화성시 새솔동 76-7 | 전화번호: 1522-3232
1040,동탄타임테라스,경기,37.204292,127.069308,주소: 경기도 화성시 반송동 96 메타폴리스 | 전화번호: 1522-3232
1041,동탄IX타워,경기,37.21111373899295,127.08912861119589,주소: 경기도 화성시 영천동 281 동탄금강펜테리움IX타워 M8~M11호 | 전화번호: 1522-3232
1042,동탄역롯데R,경기,37.199829040652936,127.09652425307661,주소: 경기도 화성시 오산동 967-157 경기도 화성시 동탄역로 160(오산동) | 전화번호: 1522-3232
1043,화성안녕DT,경기,37.2026342484652,127.012915698922,주소: 경기도 화성시 안녕동 37-3 | 전화번호: 1522-3232
1044,동탄디엠시티,경기,37.209675052899826,127.09951369757151,주소: 경기도 화성시 영천동 동탄역 대방디엠시티 더 센텀 | 전화번호: 1522-3232
1045,화성향남2지구,경기,37.1163585032065,126.91078567528949,"주소: 경기도 화성시 향남읍 하길리 1465-2  센트럴프라자1동 108호,204호 | 전화번호: 1522-3232"
1046,남양화성로DT,경기,37.21105630237535,126.81320358546414,주소: 경기도 화성시 남양읍 남양리 622 | 전화번호: 1522-3232
1047,화성향남발안DT,경기,37.1334903068842,126.941212522437,주소: 경기도 화성시 향남읍 관리 295-9 | 전화번호: 1522-3232
1048,동탄호수공원,경기,37.17215165644,127.10620071092708,주소: 경기도 화성시 송동 694 | 전화번호: 1522-3232
1049,삼송역,경기,37.65226186576663,126.89623844379987,주소: 경기도 고양시 덕양구 삼송동 291 힐스테이트 삼송역 | 전화번호: 1522-3232
1050,원흥역,경기,37.64941846846435,126.87668693504605,주소: 경기도 고양시 덕양구 원흥동 630 | 전화번호: 1522-3232
1051,스타필드고양3F,경기,37.647216,126.895577,주소: 경기도 고양시 덕양구 동산동 370 스타필드 고양 3층 | 전화번호: 1522-3232
1052,스타필드고양1FR,경기,37.64697,126.895523,주소: 경기도 고양시 덕양구 동산동 370 스타필드 고양 | 전화번호: 1522-3232
1053,고양삼송,경기,37.66367284776591,126.8912923843844,주소: 경기도 고양시 덕양구 신원동 628-2 | 전화번호: 1522-3232
1054,고양DT,경기,37.7095394,126.90529470000001,주소: 경기도 고양시 덕양구 고양동 568 | 전화번호: 1522-3232
1055,행신역,경기,37.61411330095322,126.83433142731232,주소: 경기도 고양시 덕양구 행신동 762 | 전화번호: 1522-3232
1056,원당DT,경기,37.658155,126.837639,주소: 경기도 고양시 덕양구 주교동 620-1 | 전화번호: 1522-3232
1057,화정,경기,37.63353224,126.8314538,주소: 경기도 고양시 덕양구 화정동 970-5 | 전화번호: 1522-3232
1058,화정역,경기,37.633450960563216,126.83290635099,"주소: 경기도 고양시 덕양구 화정동 973번지 111,119호 | 전화번호: 1522-3232"
1059,고양덕은,경기,37.579508396875966,126.87023899255668,주소: 경기도 고양시 덕양구 덕은동 0 위프라임트윈타워 | 전화번호: 1522-3232
1060,고양행신,경기,37.623898,126.834287,주소: 경기도 고양시 덕양구 행신동 999 | 전화번호: 1522-3232
1061,고양원흥DT,경기,37.636819,126.869261,주소: 경기도 고양시 덕양구 원흥동 332-1 | 전화번호: 1522-3232
1062,고양향동,경기,37.598841426922625,126.8926607166853,주소: 경기도 고양시 덕양구 향동동 529 | 전화번호: 1522-3232
1063,지축역,경기,37.649902287279666,126.91431004232291,주소: 경기도 고양시 덕양구 지축동 0 성산타워 | 전화번호: 1522-3232
1064,화정호국로,경기,37.641816368002175,126.82959613089209,"주소: 경기도 고양시 덕양구 화정동 689-24,689-25,674-37 | 전화번호: 1522-3232"
1065,고양원당역,경기,37.6538042589537,126.841456821015,주소: 경기도 고양시 덕양구 성사동 877 | 전화번호: 1522-3232
1066,신흥역,경기,37.440935,127.146642,"주소: 경기도 성남시 수정구 신흥동 4124 신흥동롯데시네마타워 120호, 120-1호, 121호, 121-1호, 121-2호 | 전화번호: 1522-3232"
1067,성남위례,경기,37.472839,127.141062,주소: 경기도 성남시 수정구 창곡동 505 위례 한화오벨리스크 센트럴스퀘어 | 전화번호: 1522-3232
1068,성남이마트,경기,37.4442471,127.14145710000003,주소: 경기도 성남시 수정구 태평동 7336 신세계쉐덴 | 전화번호: 1522-3232
1069,가천대학교,경기,37.44941,127.1272,주소: 경기도 성남시 수정구 복정동 620-2 가천대학교 비전타워 1층 | 전화번호: 1522-3232
1070,수진역,경기,37.4389903651714,127.14224989005,주소: 경기도 성남시 수정구 신흥동 6910 일문파이낸스빌딩 1층 일부 | 전화번호: 1522-3232
1071,위례창곡,경기,37.472159,127.150206,주소: 경기도 성남시 수정구 창곡동 513-3 신성위캐슬타워 | 전화번호: 1522-3232
1072,성남태평,경기,37.442561275669,127.136588869764,"주소: 경기도 성남시 수정구 태평동 3496-2, 1~2층 | 전화번호: 1522-3232"
1073,판교아이스퀘어,경기,37.41291102051743,127.09848855739168,주소: 경기도 성남시 수정구 시흥동 296-3외 4필지 판교아이스퀘어 제1층 106호 | 전화번호: 1522-3232
1074,판교위든타워,경기,37.406853849128,127.090099780526,주소: 경기도 성남시 수정구 금토동 690 | 전화번호: 1522-3232
1075,성남모란삼성,경기,37.43359712142669,127.12801723528008,"주소: 경기도 성남시 수정구 수진동 4789, 1층일부 | 전화번호: 1522-3232"
1076,남위례역,경기,37.4646,127.14142,주소: 경기도 성남시 수정구 창곡동 560-1 위례우남역 퍼스트푸르지오시티 | 전화번호: 1522-3232
1077,판교놀유니버스,경기,37.405652966500696,127.08746383906066,주소: 경기도 성남시 수정구 금토동 717 | 전화번호: 1522-3232
1078,위례중앙광장,경기,37.473711672971596,127.1424768773468,주소: 경기도 성남시 수정구 창곡동 509 창곡동 509번지 | 전화번호: 1522-3232
1079,판교제2테크노밸리,경기,37.41108510155048,127.09463155093412,주소: 경기도 성남시 수정구 시흥동 294-2 판교제2테크노밸리기업성장센터 | 전화번호: 1522-3232
1080,여주DT,경기,37.26613937,127.638535833,주소: 경기도 여주시 점봉동 429-1 | 전화번호: 1522-3232
1081,여주P.아울렛입구,경기,37.24051058,127.611900111,주소: 경기도 여주시 상거동 460 여주프리미엄아울렛 2004호 | 전화번호: 1522-3232
1082,여주P.아울렛,경기,37.242436232,127.612394662,주소: 경기도 여주시 상거동 460 여주프리미엄아울렛 2400호 | 전화번호: 1522-3232
1083,여주프리미엄빌리지,경기,37.2426426001696,127.615343156492,주소: 경기도 여주시 상거동 375-54 | 전화번호: 1522-3232
1084,여주남한강DT,경기,37.3004139931102,127.648161642318,"주소: 경기도 여주시 천송동 565-8, 572 | 전화번호: 1522-3232"
1085,여주자유CC,경기,37.20895593135141,127.5704623911116,주소: 경기도 여주시 가남읍 삼군리 468-4 | 전화번호: 1522-3232
1086,서여주IC DT,경기,37.298135321397,127.602933616704,주소: 경기도 여주시 세종대왕면 번도리 887-30 | 전화번호: 1522-3232
1087,평택비전,경기,36.99882806023261,127.11426413898153,"주소: 경기도 평택시 비전동 1103-1, 2 1층 113, 114, 115, 116, 117, 138호 | 전화번호: 1522-3232"
1088,평택서정DT,경기,37.066066,127.063519,주소: 경기도 평택시 서정동 813-2 | 전화번호: 1522-3232
1089,평택안중DT,경기,36.99081604230166,126.91337572053996,"주소: 경기도 평택시 안중읍 현화리 649-4, 649-8, 649-10, 652, 652-1 | 전화번호: 1522-3232"
1090,평택로데오,경기,36.99183,127.0884,주소: 경기도 평택시 평택동 291-11 | 전화번호: 1522-3232
1091,평택AK플라자,경기,36.99189,127.085398,주소: 경기도 평택시 평택동 185-1 평택역 | 전화번호: 1522-3232
1092,평택송탄,경기,37.06659128238811,127.06304394773584,주소: 경기도 평택시 서정동 847-5번지 | 전화번호: 1522-3232
1093,평택용이DT,경기,37.003104285808426,127.12906975162551,주소: 경기도 평택시 죽백동 646-2 | 전화번호: 1522-3232
1094,평택독곡DT,경기,37.08708158627897,127.06311996274557,"주소: 경기도 평택시 독곡동 386-1, 385, 386-9, 451-7 | 전화번호: 1522-3232"
1095,평택이충DT,경기,37.052009,127.077063,주소: 경기도 평택시 이충동 76-3 | 전화번호: 1522-3232
1096,평택죽백DT,경기,37.013806597867,127.113461238319,주소: 경기도 평택시 죽백동 479-7 | 전화번호: 1522-3232
1097,평택청북DT,경기,37.0201732740776,126.915001051696,주소: 경기도 평택시 청북읍 옥길리 1157-1 | 전화번호: 1522-3232
1098,평택고덕에듀타운,경기,37.036367066190806,127.02738305260856,주소: 경기도 평택시 고덕동 2696-3 | 전화번호: 1522-3232
1099,평택대DT,경기,36.9933627,127.1346334,주소: 경기도 평택시 용이동 606-2 | 전화번호: 1522-3232
1100,평택고덕,경기,37.04023606708466,127.05118600287514,주소: 경기도 평택시 고덕면 여염리 4501-2번지 | 전화번호: 1522-3232
1101,평택이마트,경기,37.020788,127.075967,주소: 경기도 평택시 지제동 50 이마트 | 전화번호: 1522-3232
1102,평택안중서동대로DT,경기,36.9907209035009,126.941388744278,"주소: 경기도 평택시 안중읍 안중리 60-29, 60-30, 60-31 | 전화번호: 1522-3232"
1103,평택세교DT,경기,37.007340586669855,127.07879779759615,"주소: 경기도 평택시 세교동 425, 425-15, 425-51 | 전화번호: 1522-3232"
1104,평택팽성DT,경기,36.95483635792418,127.05995668670255,주소: 경기도 평택시 팽성읍 남산리 466 | 전화번호: 1522-3232
1105,평택비전DT,경기,37.011055723008184,127.10449579512307,주소: 경기도 평택시 비전동 17-1 | 전화번호: 1522-3232
1106,주엽강선,경기,37.6663259773628,126.76678869014238,주소: 경기도 고양시 일산서구 주엽동 81 강선마을13단지아파트 | 전화번호: 1522-3232
1107,일산가로수길,경기,37.6657119408568,126.75717935238349,주소: 경기도 고양시 일산서구 대화동 1050-185 | 전화번호: 1522-3232
1108,일산가구단지,경기,37.69956957737873,126.75667208933966,주소: 경기도 고양시 일산서구 덕이동 373-9 | 전화번호: 1522-3232
1109,일산덕이DT,경기,37.692057815057964,126.75672498232095,주소: 경기도 고양시 일산서구 덕이동 469. 469-1 | 전화번호: 1522-3232
1110,일산후곡,경기,37.6773867,126.76756990000001,주소: 경기도 고양시 일산서구 일산동 1084-1 | 전화번호: 1522-3232
1111,스타필드마켓일산,경기,37.661585014852534,126.74418205003751,주소: 경기도 고양시 일산서구 대화동 2703번지 1층 | 전화번호: 1522-3232
1112,일산탄현제니스,경기,37.694119053291224,126.76349574920467,주소: 경기도 고양시 일산서구 탄현동 1640 (일산위브더제니스스퀘어1동147~151) | 전화번호: 1522-3232
1113,대화역,경기,37.6753761,126.7481894,주소: 경기도 고양시 일산서구 대화동 2222-3 씨티타워 1~2층 | 전화번호: 1522-3232
1114,일산주엽,경기,37.669903,126.762657,주소: 경기도 고양시 일산서구 주엽동 71-1 1층 | 전화번호: 1522-3232
1115,현대킨텍스,경기,37.668128,126.751207,주소: 경기도 고양시 일산서구 대화동 2602 | 전화번호: 1522-3232
1116,문촌사거리,경기,37.672648304725364,126.75661266760486,주소: 경기도 고양시 일산서구 주엽동 17 문촌마을 복합상가 | 전화번호: 1522-3232
1117,일산탄현동,경기,37.6951672,126.7644783,주소: 경기도 고양시 일산서구 탄현동 142-84 | 전화번호: 1522-3232
1118,풍무역DT,경기,37.610369792,126.737528226,주소: 경기도 김포시 풍무동 326-3 326-4 | 전화번호: 1522-3232
1119,풍무사거리DT,경기,37.60783812341018,126.7227973266091,"주소: 경기도 김포시 풍무동 57-1, 57-2, 52-9, 52-21, 52-23, 58-3 | 전화번호: 1522-3232"
1120,김포아이앤씨,경기,37.638769,126.680464,주소: 경기도 김포시 장기동 2083-2 신세계그룹 데이터센터 | 전화번호: 1522-3232
1121,김포장기커낼,경기,37.63960023453895,126.67764807769912,주소: 경기도 김포시 장기동 2031 e편한세상 캐널시티 | 전화번호: 1522-3232
1122,김포감정DT,경기,37.624786,126.696429,주소: 경기도 김포시 감정동 502-20 | 전화번호: 1522-3232
1123,김포운양,경기,37.6543091,126.6841727,주소: 경기도 김포시 운양동 1298-1번지 | 전화번호: 1522-3232
1124,김포이마트,경기,37.644436737352,126.628229553273,주소: 경기도 김포시 구래동 6880-9 | 전화번호: 1522-3232
1125,김포풍무DT,경기,37.59993119799736,126.72056468901913,주소: 경기도 김포시 풍무동 620-11 | 전화번호: 1522-3232
1126,김포시청,경기,37.6184109302165,126.71793284527337,주소: 경기도 김포시 사우동 246-6 | 전화번호: 1522-3232
1127,김포장기,경기,37.644239,126.667908,주소: 경기도 김포시 장기동 1608번지 홍우프라자 102~105호 | 전화번호: 1522-3232
1128,김포통진DT,경기,37.682933887288634,126.61909971571191,주소: 경기도 김포시 통진읍 도사리 640-25 | 전화번호: 1522-3232
1129,김포현대아울렛3층,경기,37.598553606371226,126.78560545361132,주소: 경기도 김포시 고촌읍 전호리 654 현대프리미엄아울렛 3층 | 전화번호: 1522-3232
1130,김포구래DT,경기,37.63477683875019,126.627616055273,주소: 경기도 김포시 양촌읍 구래리 774-4 | 전화번호: 1522-3232
1131,고촌역1번출구,경기,37.60249686555899,126.76962951213959,주소: 경기도 김포시 고촌읍 신곡리 533-30 (신곡리 1069-1) 1층 일부 | 전화번호: 1522-3232
1132,김포석모DT,경기,37.651278880898836,126.64987998921725,"주소: 경기도 김포시 양촌읍 석모리 917, 921-3, 919-2번지 총 3필지 | 전화번호: 1522-3232"
1133,김포걸포,경기,37.631833081161055,126.7022426140163,주소: 경기도 김포시 걸포동 264-4 한강메트로자이1단지 파인스타 161~167호 | 전화번호: 1522-3232
1134,김포애기봉생태공원,경기,37.75543683447103,126.59539467459582,주소: 경기도 김포시 월곶면 조강리 1-9 | 전화번호: 1522-3232
1135,김포양촌역DT,경기,37.64778288069669,126.61927363670462,주소: 경기도 김포시 양촌읍 구래리 262-1 외 6개 필지 | 전화번호: 1522-3232
1136,김포한강로DT,경기,37.65075236331756,126.65465311919966,"주소: 경기도 김포시 양촌읍 석모리 296-3, 297-6, 297-13 | 전화번호: 1522-3232"
1137,부천상동역,경기,37.50621,126.75427,주소: 경기도 부천시 원미구 상동 535-5 드림모아 | 전화번호: 1522-3232
1138,스타필드부천,경기,37.461162409103956,126.8135100661429,주소: 경기도 부천시 소사구 옥길동 768 스타필드시티 부천 | 전화번호: 1522-3232
1139,부천옥길,경기,37.467655743678904,126.82331717690282,주소: 경기도 부천시 소사구 옥길동 745-3 문영 퀸즈파크 B | 전화번호: 1522-3232
1140,부천심곡DT,경기,37.4930435100127,126.784391021731,주소: 경기도 부천시 원미구 심곡동 110-5 심곡동110-5 근린생활시설 | 전화번호: 1522-3232
1141,뉴코아부천,경기,37.50456053172636,126.75710283686365,주소: 경기도 부천시 원미구 상동 539-1 소풍(부천터미널) | 전화번호: 1522-3232
1142,중동이마트,경기,37.50406453617466,126.76354523210647,주소: 경기도 부천시 원미구 중동 1157 (주)신세계이마트중동점 | 전화번호: 1522-3232
1143,부천중동DT,경기,37.4963743,126.76420000000007,주소: 경기도 부천시 원미구 중동 628-14 | 전화번호: 1522-3232
1144,부천신중동역,경기,37.5037646,126.77414390000001,주소: 경기도 부천시 원미구 중동 1058-5 동화빌딩 | 전화번호: 1522-3232
1145,역곡역DT,경기,37.4835239,126.8093104,주소: 경기도 부천시 소사구 괴안동 112-25 | 전화번호: 1522-3232
1146,부천중동,경기,37.497976,126.77702,주소: 경기도 부천시 원미구 중동 1131-5 CDS빌딩 | 전화번호: 1522-3232
1147,부천시청역,경기,37.50515528927381,126.7626907359831,주소: 경기도 부천시 원미구 중동 1031-2 골든벨타워 | 전화번호: 1522-3232
1148,현대중동,경기,37.50451371486611,126.76065138080334,주소: 경기도 부천시 원미구 중동 1164-1 현대백화점 중동점 | 전화번호: 1522-3232
1149,부천플레이도시,경기,37.50030232896319,126.74385119789906,주소: 경기도 부천시 원미구 상동 572-1 부천체육문화센타 | 전화번호: 1522-3232
1150,송내역,경기,37.488389,126.752604,주소: 경기도 부천시 원미구 상동 464 루치올라 빌딩 | 전화번호: 1522-3232
1151,부천상동,경기,37.50549707139006,126.75251934809228,주소: 경기도 부천시 원미구 상동 544-4 가나베스트타운 쓰리 | 전화번호: 1522-3232
1152,부천상일로,경기,37.49123838780798,126.7556251093875,주소: 경기도 부천시 원미구 상동 447 송내리더스텔 | 전화번호: 1522-3232
1153,중동삼성,경기,37.5031811685761,126.770616064676,주소: 경기도 부천시 원미구 중동 1149-3 삼성전자 부천중동점 | 전화번호: 1522-3232
1154,부천역,경기,37.483920745347426,126.78253018250501,주소: 경기도 부천시 소사구 심곡본동 316-2 부천역사 쇼핑몰 | 전화번호: 1522-3232
1155,부천옥길DT,경기,37.4720219,126.8160956,주소: 경기도 부천시 소사구 옥길동 784-2 | 전화번호: 1522-3232
1156,부천상동DT,경기,37.5156818312932,126.758575497719,주소: 경기도 부천시 원미구 상동 499-10 | 전화번호: 1522-3232
1157,부천원종DT,경기,37.5297339526141,126.80545118712158,주소: 경기도 부천시 오정구 원종동 173 | 전화번호: 1522-3232
1158,부천중동센트럴,경기,37.501698,126.768647,주소: 경기도 부천시 원미구 중동 1300 센트럴파크 푸르지오 | 전화번호: 1522-3232
1159,춘의역DT,경기,37.50308,126.78546,주소: 경기도 부천시 원미구 춘의동 168-3 스타벅스 춘의역 DT | 전화번호: 1522-3232
1160,신중동,경기,37.5003106,126.7764634,주소: 경기도 부천시 원미구 중동 1132 부천농업협동조합 | 전화번호: 1522-3232
1161,소사역,경기,37.48157573481657,126.79505290327361,주소: 경기도 부천시 소사구 소사본동 70-16 부천 한신더휴 메트로 | 전화번호: 1522-3232
1162,광교갤러리아9F,경기,37.285343464162516,127.05723519552484,주소: 경기도 수원시 영통구 하동 1017-2 9층 | 전화번호: 1522-3232
1163,수원법조타운,경기,37.29184,127.067164,"주소: 경기도 수원시 영통구 하동 989 원희캐슬광교, 에이동 105호, 106호, 107호, 108호 | 전화번호: 1522-3232"
1164,광교역,경기,37.30058563335636,127.04410102879643,"주소: 경기도 수원시 영통구 이의동 1257 106~108호, 203~205호 | 전화번호: 1522-3232"
1165,광교엘포트R,경기,37.2869954,127.05778150000003,주소: 경기도 수원시 영통구 이의동 1336-1 광교엘포트아이파크 | 전화번호: 1522-3232
1166,영통R,경기,37.2456050375822,127.062158661007,주소: 경기도 수원시 영통구 영통동 981-2 | 전화번호: 1522-3232
1167,수원망포DT,경기,37.24582770000001,127.05133999999998,주소: 경기도 수원시 영통구 망포동 38-23 GS칼텍스삼신주유소 | 전화번호: 1522-3232
1168,수원광교,경기,37.29026200648969,127.04976194305105,주소: 경기도 수원시 영통구 이의동 1332 광교c1호반베르디움 | 전화번호: 1522-3232
1169,수원트레이더스,경기,37.245803,127.047795,주소: 경기도 수원시 영통구 신동 941 | 전화번호: 1522-3232
1170,경희대국제캠퍼스,경기,37.247951,127.076749,주소: 경기도 수원시 영통구 영통동 1024-4 | 전화번호: 1522-3232
1171,수원망포역,경기,37.2452115522263,127.056207367864,주소: 경기도 수원시 영통구 망포동 322-3번지 외 12필지 | 전화번호: 1522-3232
1172,광교이마트,경기,37.29661973601996,127.04754991685652,주소: 경기도 수원시 영통구 이의동 1240 | 전화번호: 1522-3232
1173,수원영통,경기,37.2556084236876,127.074645342368,주소: 경기도 수원시 영통구 영통동 958-2번지 훼미리타워 1층 | 전화번호: 1522-3232
1174,수원매탄,경기,37.2580532633873,127.045423420223,주소: 경기도 수원시 영통구 매탄동 1276 레몬스포렉스 | 전화번호: 1522-3232
1175,광교갤러리아6F,경기,37.28539753464783,127.05721832132485,주소: 경기도 수원시 영통구 하동 1017-2 갤러리아 광교 | 전화번호: 1522-3232
1176,광교더샵레이크시티,경기,37.2709141105943,127.06016412494562,주소: 경기도 수원시 영통구 원천동 605 | 전화번호: 1522-3232
1177,수원청명,경기,37.25446,127.078069,주소: 경기도 수원시 영통구 영통동 1046-4 | 전화번호: 1522-3232
1178,광교SK뷰레이크41F,경기,37.28749328769524,127.0600730093509,주소: 경기도 수원시 영통구 하동 1016-1 광교 SK VIEW Lake 41층 | 전화번호: 1522-3232
1179,안산한양대,경기,37.30076926817003,126.83815395983675,주소: 경기도 안산시 상록구 사동 1569-1번지 제비동 1층 | 전화번호: 1522-3232
1180,안산한대앞역,경기,37.30851298179862,126.85137186824745,주소: 경기도 안산시 상록구 이동 715-2 한남빌딩 1~2층 | 전화번호: 1522-3232
1181,한양대에리카,경기,37.29801825719638,126.83446328003538,"주소: 경기도 안산시 상록구 사동 1271, 2F 102동 학생복지관 | 전화번호: 1522-3232"
1182,안산삼성,경기,37.306449509095856,126.8477466214952,"주소: 경기도 안산시 상록구 이동 721 삼성전자판매 디지털프라자 안산본점, 1층 일부 | 전화번호: 1522-3232"
1183,경기양평,경기,37.491066224,127.499953233,주소: 경기도 양평군 양평읍 공흥리 494 | 전화번호: 1522-3232
1184,더양평DT,경기,37.497005095,127.481752371,주소: 경기도 양평군 양평읍 양근리 501-3 외1필지 | 전화번호: 1522-3232
1185,용인죽전,경기,37.3313521,127.1091828,주소: 경기도 용인시 수지구 죽전동 887 죽전 효성해링턴 플레이스 | 전화번호: 1522-3232
1186,죽전단국대,경기,37.3244016,127.12494279999999,주소: 경기도 용인시 수지구 죽전동 1335-1 | 전화번호: 1522-3232
1187,수지동천,경기,37.335988,127.09101,주소: 경기도 용인시 수지구 동천동 946-2 1~3층 | 전화번호: 1522-3232
1188,죽전,경기,37.331506,127.12479,주소: 경기도 용인시 수지구 죽전동 1191-2 1~2층 | 전화번호: 1522-3232
1189,수지성복DT,경기,37.314048,127.079162,"주소: 경기도 용인시 수지구 성복동 83-2,76-2,77-2 1~2층 | 전화번호: 1522-3232"
1190,스타필드마켓죽전,경기,37.3253735,127.1099255,주소: 경기도 용인시 수지구 죽전동 1282 스타필드마켓 죽전점 1층 | 전화번호: 1522-3232
1191,신세계사우스시티3F,경기,37.32500393,127.1081332,주소: 경기도 용인시 수지구 죽전동 1285 (주)신세계백화점경기점 3층 | 전화번호: 1522-3232
1192,수지이마트,경기,37.31965,127.083677,주소: 경기도 용인시 수지구 신봉동 909 번지 | 전화번호: 1522-3232
1193,수지풍덕천,경기,37.3220699777533,127.09524752767386,주소: 경기도 용인시 수지구 풍덕천동 1080-11번지 비즈마루빌딩1층 101호 | 전화번호: 1522-3232
1194,광교상현역,경기,37.298992,127.06876,주소: 경기도 용인시 수지구 상현동 1119 삼중프라자 | 전화번호: 1522-3232
1195,수지메디파크,경기,37.329489,127.092583,"주소: 경기도 용인시 수지구 풍덕천동 659-14 B113, B114호 | 전화번호: 1522-3232"
1196,용인고기동유원지,경기,37.359607,127.055438,"주소: 경기도 용인시 수지구 고기동 216-5, 216-12, 216-27, 216-41, 216-11, 755-13 | 전화번호: 1522-3232"
1197,신세계사우스시티9F,경기,37.32535878075988,127.10830297962583,주소: 경기도 용인시 수지구 죽전동 1285 (주)신세계 사우스시티 | 전화번호: 1522-3232
1198,수지구청역,경기,37.323104564866,127.09488475046,"주소: 경기도 용인시 수지구 풍덕천동 1078 로얄스포츠센터 111,112,113,206,207호 | 전화번호: 1522-3232"
1199,수지성복역,경기,37.312915362450646,127.08020703247816,주소: 경기도 용인시 수지구 성복동 63-1 | 전화번호: 1522-3232
1200,파주P.아울렛B1,경기,37.76958489426627,126.69428817646062,주소: 경기도 파주시 탄현면 법흥리 1790-8 파주프리미엄아울렛 | 전화번호: 1522-3232
1201,파주야당역,경기,37.712142,126.759475,주소: 경기도 파주시 야당동 1066-3 | 전화번호: 1522-3232
1202,파주금촌역,경기,37.76392263134737,126.77434176724738,주소: 경기도 파주시 금촌동 59-10 | 전화번호: 1522-3232
1203,파주금릉역,경기,37.752207,126.765613,주소: 경기도 파주시 금촌동 986-1 청원센트럴타워 1층 | 전화번호: 1522-3232
1204,파주운정,경기,37.71203,126.744499,주소: 경기도 파주시 동패동 1758 | 전화번호: 1522-3232
1205,파주P.아울렛2F,경기,37.76895084392401,126.69646710229402,주소: 경기도 파주시 탄현면 법흥리 1790-8 파주프리미엄아울렛 715호 | 전화번호: 1522-3232
1206,파주해오름,경기,37.735287340848956,126.73320516430914,주소: 경기도 파주시 다율동 1044-9 신운정프라자Ⅳ | 전화번호: 1522-3232
1207,파주동패,경기,37.71351393656551,126.72089004654049,주소: 경기도 파주시 동패동 1661 | 전화번호: 1522-3232
1208,파주문산DT,경기,37.84646191760853,126.78908784887997,주소: 경기도 파주시 파주읍 봉서리 489-16 통일로주유소 | 전화번호: 1522-3232
1209,파주가람,경기,37.735972140257,126.759841042896,주소: 경기도 파주시 와동동 1538-1 | 전화번호: 1522-3232
1210,스타필드빌리지운정,경기,37.72727176856669,126.76422126590704,주소: 경기도 파주시 와동동 1471-2 | 전화번호: 1522-3232
1211,파주산내,경기,37.728707,126.735514,주소: 경기도 파주시 목동동 933-2 | 전화번호: 1522-3232
1212,파주LGD GATE G,경기,37.81040820088395,126.76090235902679,주소: 경기도 파주시 월롱면 덕은리 1239 파주LCD산업단지 | 전화번호: 1522-3232
1213,파주교하,경기,37.7246852217901,126.717740601475,주소: 경기도 파주시 동패동 1694-2 교하일번가빌딩 | 전화번호: 1522-3232
1214,파주LGD,경기,37.809288231633765,126.76738737468025,주소: 경기도 파주시 월롱면 덕은리 1239 파주LCD산업단지 | 전화번호: 1522-3232
1215,파주야당DT,경기,37.70346,126.75964,주소: 경기도 파주시 야당동 921 | 전화번호: 1522-3232
1216,파주운정이마트,경기,37.710647,126.74545,주소: 경기도 파주시 동패동 1763 이마트운정점 | 전화번호: 1522-3232
1217,지행역,경기,37.89270418557808,127.05348152566178,"주소: 경기도 동두천시 지행동 693-6 크라운732, 102호, 103호, 202호 | 전화번호: 1522-3232"
1218,동두천DT,경기,37.88902441625757,127.0570115323236,주소: 경기도 동두천시 지행동 475-1 | 전화번호: 1522-3232
1219,동두천송내DT,경기,37.880808446841186,127.05561559032506,주소: 경기도 동두천시 송내동 573-1 | 전화번호: 1522-3232
1220,광주운남DT,광주,35.175136,126.818062,"주소: 광주광역시 광산구 운남동 414-31, 414-84, 414-22 | 전화번호: 1522-3232"
1221,광주선운DT,광주,35.1468918132751,126.777527653198,주소: 광주광역시 광산구 선암동 572 | 전화번호: 1522-3232
1222,광주산정DT,광주,35.173524,126.804191,"주소: 광주광역시 광산구 산정동 917-11,12,13 | 전화번호: 1522-3232"
1223,광주흑석DT,광주,35.1769635314888,126.807928873416,주소: 광주광역시 광산구 산정동 909-3 | 전화번호: 1522-3232
1224,광주송정역,광주,35.138103277072865,126.79130592428749,주소: 광주광역시 광산구 송정동 1427 | 전화번호: 1522-3232
1225,광주수완DT,광주,35.2030951514752,126.819068502713,주소: 광주광역시 광산구 수완동 670-11 | 전화번호: 1522-3232
1226,광주신가DT,광주,35.1790467,126.8301259,주소: 광주광역시 광산구 신가동 706-1 | 전화번호: 1522-3232
1227,광주쌍암,광주,35.2193113953075,126.842304220026,주소: 광주광역시 광산구 쌍암동 656-3 | 전화번호: 1522-3232
1228,광주장덕,광주,35.191134393942896,126.8191965866953,주소: 광주광역시 광산구 장덕동 1302 | 전화번호: 1522-3232
1229,광주하남,광주,35.1625996806446,126.81032250012,주소: 광주광역시 광산구 우산동 1585-5번지 1~2층 | 전화번호: 1522-3232
1230,광주첨단,광주,35.2147182718094,126.843466326152,주소: 광주광역시 광산구 월계동 889-1 | 전화번호: 1522-3232
1231,광산수완,광주,35.1905205771604,126.8247180482,주소: 광주광역시 광산구 수완동 1426번지 1~2층 | 전화번호: 1522-3232
1232,광주신창,광주,35.19613,126.83796,주소: 광주광역시 광산구 신창동 1129-4 | 전화번호: 1522-3232
1233,광주신창강변DT,광주,35.188844789779,126.857649994301,주소: 광주광역시 광산구 신창동 79-8 | 전화번호: 1522-3232
1234,광주첨단DT,광주,35.2062384857051,126.847734037212,주소: 광주광역시 광산구 산월동 852-2 | 전화번호: 1522-3232
1235,광주비아DT,광주,35.2232057,126.8348789,주소: 광주광역시 광산구 비아동 780 | 전화번호: 1522-3232
1236,광주송정로,광주,35.13714620828514,126.79167046372748,주소: 광주광역시 광산구 송정동 1464 | 전화번호: 1522-3232
1237,광주시리단길,광주,35.216064750383524,126.84975989378465,"주소: 광주광역시 광산구 쌍암동 694-50 101호, 102호, 103호, 104호 | 전화번호: 1522-3232"
1238,광주월산DT,광주,35.14561145257798,126.89083817211923,주소: 광주광역시 남구 월산동 963-3 | 전화번호: 1522-3232
1239,광주주월DT,광주,35.134253849378254,126.89809502958025,주소: 광주광역시 남구 주월동 960-13 | 전화번호: 1522-3232
1240,광주효천DT,광주,35.099967465919526,126.87130256725226,"주소: 광주광역시 남구 임암동 141-3, 143-2 | 전화번호: 1522-3232"
1241,광주봉선로,광주,35.12422731162313,126.90796215110494,주소: 광주광역시 남구 봉선동 1095번지  202동 B102호 | 전화번호: 1522-3232
1242,광주서문대로,광주,35.119448,126.898595,주소: 광주광역시 남구 진월동 264 | 전화번호: 1522-3232
1243,광주방림DT,광주,35.13501455676516,126.9175974703926,주소: 광주광역시 남구 방림동 343-20 | 전화번호: 1522-3232
1244,광주봉선중앙,광주,35.12552096573952,126.91124653946989,주소: 광주광역시 남구 봉선동 473-19 | 전화번호: 1522-3232
1245,광주진월,광주,35.12572422634623,126.89753789944244,주소: 광주광역시 남구 주월동 408-1번지 외 7필지 | 전화번호: 1522-3232
1246,광주봉선,광주,35.12300369505621,126.91408246890394,"주소: 광주광역시 남구 봉선동 109-8번지 1층 101,111호 | 전화번호: 1522-3232"
1247,봉선이마트,광주,35.1224129503302,126.916025777436,주소: 광주광역시 남구 봉선동 1064 이마트 | 전화번호: 1522-3232
1248,광주지산DT,광주,35.149728,126.92907,"주소: 광주광역시 동구 동명동 12-3, 12-6 | 전화번호: 1522-3232"
1249,광주동명,광주,35.150362,126.9236181,주소: 광주광역시 동구 동명동 197-7 | 전화번호: 1522-3232
1250,광주지원DT,광주,35.1185225125972,126.9333452904421,주소: 광주광역시 동구 용산동 168-1 | 전화번호: 1522-3232
1251,광주지산유원지입구,광주,35.154459,126.940912,주소: 광주광역시 동구 산수동 5 | 전화번호: 1522-3232
1252,광주황금,광주,35.1473572,126.9145683,주소: 광주광역시 동구 황금동 107 | 전화번호: 1522-3232
1253,충장서림,광주,35.14808817,126.9173077,주소: 광주광역시 동구 금남로2가 35 무등맨션 | 전화번호: 1522-3232
1254,광주계림,광주,35.1573521660869,126.917437759501,"주소: 광주광역시 동구 계림동 483-8 101호, 102호, 103호 | 전화번호: 1522-3232"
1255,조선대국제관,광주,35.14268276554809,126.93189905789139,주소: 광주광역시 동구 서석동 359-1 국제관 | 전화번호: 1522-3232
1256,광주문화전당,광주,35.1465578441714,126.918385615933,주소: 광주광역시 동구 광산동 77-3 1~2층 | 전화번호: 1522-3232
1257,광주충장DT,광주,35.144342,126.9149709,주소: 광주광역시 동구 불로동 178 | 전화번호: 1522-3232
1258,광주오치,광주,35.187452736868266,126.89890250470113,주소: 광주광역시 북구 오치동 783-3 | 전화번호: 1522-3232
1259,광주연제DT,광주,35.197688,126.866803,주소: 광주광역시 북구 연제동 1088 | 전화번호: 1522-3232
1260,광주신안DT,광주,35.171678,126.894998,"주소: 광주광역시 북구 신안동 333, 333-1, 335-1, 335-3, 335-6 | 전화번호: 1522-3232"
1261,광주매곡DT,광주,35.189836,126.898698,주소: 광주광역시 북구 매곡동 15 | 전화번호: 1522-3232
1262,광주두암타운,광주,35.162112,126.937388,주소: 광주광역시 북구 두암동 969-7 101호 | 전화번호: 1522-3232
1263,광주일곡,광주,35.205463,126.898114,주소: 광주광역시 북구 일곡동 821-1 | 전화번호: 1522-3232
1264,광주북구청,광주,35.17483,126.914469,주소: 광주광역시 북구 중흥동 276-1 | 전화번호: 1522-3232
1265,광주첨단신용,광주,35.20701,126.864115,주소: 광주광역시 북구 신용동 734 | 전화번호: 1522-3232
1266,광주용두DT,광주,35.212837,126.868485,주소: 광주광역시 북구 신용동 산41-19 | 전화번호: 1522-3232
1267,전남대,광주,35.17719867,126.9124787,"주소: 광주광역시 북구 용봉동 152-1 1,2,3층 | 전화번호: 1522-3232"
1268,광주용봉,광주,35.178664,126.895196,주소: 광주광역시 북구 용봉동 1383-4 | 전화번호: 1522-3232
1269,광주각화DT,광주,35.1886443441194,126.93359912845,주소: 광주광역시 북구 문흥동 96 | 전화번호: 1522-3232
1270,동광주DT,광주,35.175874,126.927584,주소: 광주광역시 북구 두암동 821-9 | 전화번호: 1522-3232
1271,광주운암,광주,35.17726,126.8787,"주소: 광주광역시 북구 운암동 1792, 147, 148, 149호 | 전화번호: 1522-3232"
1272,광주양산DT,광주,35.208888,126.87419,주소: 광주광역시 북구 양산동 267-2 | 전화번호: 1522-3232
1273,광주신세계DT,광주,35.156282894754526,126.8828860890317,주소: 광주광역시 서구 화정동 177-2 | 전화번호: 1522-3232
1274,광주상무DT,광주,35.14993173,126.85482276,주소: 광주광역시 서구 쌍촌동 973-9 | 전화번호: 1522-3232
1275,광주화정DT,광주,35.15231182042463,126.87998623054321,주소: 광주광역시 서구 화정동 769-1 | 전화번호: 1522-3232
1276,광주상무중앙로,광주,35.151021,126.848815,주소: 광주광역시 서구 치평동 1251-1 | 전화번호: 1522-3232
1277,광주상무시민로,광주,35.15505080404853,126.85427863014205,주소: 광주광역시 서구 치평동 1223 | 전화번호: 1522-3232
1278,광주풍암,광주,35.1268447,126.8796486,주소: 광주광역시 서구 풍암동 1119 한아름빌딩 101호 | 전화번호: 1522-3232
1279,광주금호DT,광주,35.1421126,126.85766460000002,주소: 광주광역시 서구 쌍촌동 902-13 스타벅스 광주금호DT점 | 전화번호: 1522-3232
1280,광주상무대교,광주,35.1551,126.848788,주소: 광주광역시 서구 치평동 1216 눈높이상무센터 1층 | 전화번호: 1522-3232
1281,광주동림,광주,35.171734,126.86618,주소: 광주광역시 서구 동천동 596 1층 | 전화번호: 1522-3232
1282,상무치평,광주,35.151968,126.853423,주소: 광주광역시 서구 치평동 1240-6번지 1층 | 전화번호: 1522-3232
1283,상무역,광주,35.1475664524442,126.84811358436447,주소: 광주광역시 서구 치평동 1176-3번지 1층 | 전화번호: 1522-3232
1284,신세계광주신관B1,광주,35.158806,126.882069,주소: 광주광역시 서구 화정동 12-13 패션스트리트 B1 | 전화번호: 1522-3232
1285,광주시청,광주,35.15862749430153,126.8510234942622,"주소: 광주광역시 서구 치평동 1203 제갈량빌딩, B동 102호 | 전화번호: 1522-3232"
1286,광주풍암호수공원,광주,35.1252752078873,126.869198235695,주소: 광주광역시 서구 풍암동 1018-2 | 전화번호: 1522-3232
1287,서광주DT,광주,35.129468,126.847401,주소: 광주광역시 서구 매월동 296 | 전화번호: 1522-3232
1288,광주유스퀘어,광주,35.160457338435506,126.87946389352189,주소: 광주광역시 서구 광천동 49-1 유스퀘어(광천터미널) | 전화번호: 1522-3232
1289,광주염주,광주,35.142071401469,126.875287018219,주소: 광주광역시 서구 화정동 835-2 가우디움56 1층 | 전화번호: 1522-3232
1290,광주광천,광주,35.159037105,126.883463848,"주소: 광주광역시 서구 농성동 417-31, 417-32 | 전화번호: 1522-3232"
1291,대구영대병원역DT,대구,35.845522,128.593536,주소: 대구광역시 남구 봉덕동 595-7 | 전화번호: 1522-3232
1292,대구앞산DT,대구,35.835516,128.579871,"주소: 대구광역시 남구 대명동 493-38, 493-37, 493-26 | 전화번호: 1522-3232"
1293,영남대학교의료원영의관,대구,35.84594789200674,128.58521684051493,"주소: 대구광역시 남구 대명동 317-1 영남대학교(병원), 영남이공대학교 | 전화번호: 1522-3232"
1294,대구가톨릭대학교병원,대구,35.84339006877753,128.56742153199514,주소: 대구광역시 남구 대명동 3056-6 대구가톨릭의과대학병원 | 전화번호: 1522-3232
1295,영남대학교의료원,대구,35.8473627403431,128.585110856193,"주소: 대구광역시 남구 대명동 317-1 영남대학교(병원), 영남이공대학교 | 전화번호: 1522-3232"
1296,대구교대DT,대구,35.852366,128.590946,주소: 대구광역시 남구 대명동 2008-1 | 전화번호: 1522-3232
1297,대구앞산스카이타운,대구,35.8323609810316,128.566888601875,주소: 대구광역시 남구 대명동 585-4 | 전화번호: 1522-3232
1298,계명대동산병원,대구,35.85380673262872,128.47990235377299,주소: 대구광역시 달서구 신당동 1000-2 계명대학교동산의료원 | 전화번호: 1522-3232
1299,대구죽전역,대구,35.8487448364573,128.536579252122,주소: 대구광역시 달서구 감삼동 461 월드마크웨스트엔드 | 전화번호: 1522-3232
1300,대구월곡DT,대구,35.814866,128.541057,주소: 대구광역시 달서구 상인동 620 | 전화번호: 1522-3232
1301,대구광장,대구,35.85577,128.552811,"주소: 대구광역시 달서구 두류동 493-2, 3 | 전화번호: 1522-3232"
1302,대구월촌역,대구,35.824025,128.545226,주소: 대구광역시 달서구 송현동 1914-11 | 전화번호: 1522-3232
1303,대구진천역,대구,35.814395,128.524377,주소: 대구광역시 달서구 진천동 581-1 | 전화번호: 1522-3232
1304,대구도원DT,대구,35.807812417,128.548116483,주소: 대구광역시 달서구 도원동 577 | 전화번호: 1522-3232
1305,대구월성,대구,35.82432,128.525727,"주소: 대구광역시 달서구 월성동 1838번지, 101,102,103,201호 | 전화번호: 1522-3232"
1306,대구수목원,대구,35.807252081,128.520264479,주소: 대구광역시 달서구 대곡동 1018 | 전화번호: 1522-3232
1307,대구성서IC DT,대구,35.8507998,128.52026039999998,"주소: 대구광역시 달서구 용산동 410-9, 12 | 전화번호: 1522-3232"
1308,대구감삼DT,대구,35.8443842,128.5366553,주소: 대구광역시 달서구 감삼동 490-1 | 전화번호: 1522-3232
1309,대구두류DT,대구,35.85894914827019,128.56183032940754,"주소: 대구광역시 달서구 두류동 135-14,15 | 전화번호: 1522-3232"
1310,대구상인DT,대구,35.8227353989327,128.533730264967,주소: 대구광역시 달서구 상인동 54-3 1~2층 | 전화번호: 1522-3232
1311,대구계명대,대구,35.85580417581447,128.4938069750369,주소: 대구광역시 달서구 신당동 1721-12 | 전화번호: 1522-3232
1312,대구성서,대구,35.85513719771702,128.51021333131936,주소: 대구광역시 달서구 이곡동 1248-1 이곡메디컬빌딩 | 전화번호: 1522-3232
1313,대구서부정류장역,대구,35.83773798869855,128.55682156250407,주소: 대구광역시 달서구 성당동 성당동 261-7번지 | 전화번호: 1522-3232
1314,대구이월드,대구,35.85326957268543,128.5651254433671,주소: 대구광역시 달서구 두류동 산302-11 | 전화번호: 1522-3232
1315,대구대천,대구,35.8172418265049,128.517839365084,주소: 대구광역시 달서구 대천동 444 | 전화번호: 1522-3232
1316,대구감삼빌리브스카이,대구,35.8494020127818,128.537990459441,주소: 대구광역시 달서구 감삼동 707 빌리브 스카이 주상복합 | 전화번호: 1522-3232
1317,대구월성네거리,대구,35.825419,128.529254,주소: 대구광역시 달서구 월성동 1858 | 전화번호: 1522-3232
1318,신세계대구3F(티바나),대구,35.877767,128.628498,주소: 대구광역시 동구 신천동 329-3번지 | 전화번호: 1522-3232
1319,신세계대구8FR,대구,35.877812,128.628453,주소: 대구광역시 동구 신천동 329-3번지 | 전화번호: 1522-3232
1320,동대구로DT,대구,35.868133,128.627219,주소: 대구광역시 동구 신천동 300-2 | 전화번호: 1522-3232
1321,대구팔공산,대구,35.9878685,128.636347,"주소: 대구광역시 동구 중대동 665-2, 665-5 | 전화번호: 1522-3232"
1322,대구봉무,대구,35.921942,128.639708,주소: 대구광역시 동구 봉무동 1539-8 | 전화번호: 1522-3232
1323,동대구터미널,대구,35.87627938661981,128.62873447909175,주소: 대구광역시 동구 신천동 330-6번지 | 전화번호: 1522-3232
1324,대구동촌유원지,대구,35.88011,128.653159,주소: 대구광역시 동구 효목동 1105번지 | 전화번호: 1522-3232
1325,반야월이마트,대구,35.870899,128.727397,주소: 대구광역시 동구 신서동 520-1 반야월이마트1층 | 전화번호: 1522-3232
1326,대구방촌DT,대구,35.8773584999377,128.666495317362,"주소: 대구광역시 동구 방촌동 1084-716, 1084-717, 1084-762 | 전화번호: 1522-3232"
1327,대구신천DT,대구,35.874974,128.621066,주소: 대구광역시 동구 신천동 283-2 | 전화번호: 1522-3232
1328,대구팔공로DT,대구,35.9284602,128.6418299,주소: 대구광역시 동구 봉무동 262-1 | 전화번호: 1522-3232
1329,대구용계DT,대구,35.8795198987524,128.67195799975,주소: 대구광역시 동구 방촌동 857-59 | 전화번호: 1522-3232
1330,대구율하,대구,35.8635367,128.6939265,주소: 대구광역시 동구 율하동 1445 | 전화번호: 1522-3232
1331,대구각산역DT,대구,35.868908,128.7261214,주소: 대구광역시 동구 신서동 695 대구광역시 동구 안심로 383 (신서동) | 전화번호: 1522-3232
1332,대구연경DT,대구,35.942906865,128.630979003,주소: 대구광역시 동구 지묘동 1371 | 전화번호: 1522-3232
1333,대구파티마병원,대구,35.884143519304644,128.62428347319263,주소: 대구광역시 동구 신암동 576-31 파티마병원 | 전화번호: 1522-3232
1334,대구평리DT,대구,35.8659449872571,128.555319851164,주소: 대구광역시 서구 평리동 1407-7 | 전화번호: 1522-3232
1335,대구두류역,대구,35.8578944050804,128.556313472538,주소: 대구광역시 서구 내당동 469-5 | 전화번호: 1522-3232
1336,대구수성도서관DT,대구,35.872886,128.638935,"주소: 대구광역시 수성구 만촌동 1329-17, 1, 33, 34 | 전화번호: 1522-3232"
1337,대구그랜드호텔R,대구,35.857762109,128.625325193,주소: 대구광역시 수성구 범어동 563-1 대구그랜드호텔 | 전화번호: 1522-3232
1338,국립대구박물관DT,대구,35.845491,128.639059,"주소: 대구광역시 수성구 황금동 69-3, 64-5 | 전화번호: 1522-3232"
1339,대구수성네거리DT,대구,35.86058,128.617977,주소: 대구광역시 수성구 수성동4가 1021-8 | 전화번호: 1522-3232
1340,대구중동DT,대구,35.847384,128.612529,주소: 대구광역시 수성구 중동 316-3 | 전화번호: 1522-3232
1341,대구중동네거리DT,대구,35.840917,128.613963,주소: 대구광역시 수성구 중동 184-4 | 전화번호: 1522-3232
1342,대구상동DT,대구,35.8296424,128.6116932,주소: 대구광역시 수성구 상동 415-1 | 전화번호: 1522-3232
1343,대구황금DT,대구,35.839069,128.625797,주소: 대구광역시 수성구 지산동 941 | 전화번호: 1522-3232
1344,대구삼성화재,대구,35.86609597321095,128.62628141735826,주소: 대구광역시 수성구 범어동 2-1 삼성화재사옥(삼성화재빌딩) | 전화번호: 1522-3232
1345,대구시지,대구,35.8394934,128.7080427,주소: 대구광역시 수성구 신매동 567-43 | 전화번호: 1522-3232
1346,대구만촌DT,대구,35.85633663569519,128.65023282237482,주소: 대구광역시 수성구 만촌동 853-3번지 | 전화번호: 1522-3232
1347,대구수성하이츠,대구,35.860423356,128.613581613,주소: 대구광역시 수성구 수성동4가 1090-8 수성하이츠 1층 | 전화번호: 1522-3232
1348,동아수성,대구,35.82116608776404,128.64012716345886,주소: 대구광역시 수성구 범물동 1273 동아백화점 1층 | 전화번호: 1522-3232
1349,수성레이크,대구,35.825764,128.621814,주소: 대구광역시 수성구 두산동 840-1번지 | 전화번호: 1522-3232
1350,대구범어제니스,대구,35.858974,128.629542,주소: 대구광역시 수성구 범어동 179번지 두산위브더제니스 상가 1층 110호 | 전화번호: 1522-3232
1351,대구두산DT,대구,35.82728289340839,128.62584861733438,주소: 대구광역시 수성구 두산동 728 | 전화번호: 1522-3232
1352,대구들안길DT,대구,35.837524,128.61636,주소: 대구광역시 수성구 상동 47-6 | 전화번호: 1522-3232
1353,대구만촌이마트,대구,35.87096,128.637546,주소: 대구광역시 수성구 만촌동 1356-5 이마트만촌점 | 전화번호: 1522-3232
1354,대구알파시티,대구,35.83897039708517,128.68762802398777,"주소: 대구광역시 수성구 대흥동 877, 877-1 | 전화번호: 1522-3232"
1355,대구월드컵대로DT,대구,35.829090666343625,128.70652346485585,주소: 대구광역시 수성구 욱수동 118-1 | 전화번호: 1522-3232
1356,대구신매역,대구,35.8397152350583,128.704901867932,주소: 대구광역시 수성구 신매동 567-2 | 전화번호: 1522-3232
1357,대구범어푸르지오,대구,35.861236,128.622831,주소: 대구광역시 수성구 범어동 2257 범어센트럴푸르지오 | 전화번호: 1522-3232
1358,대구계산,대구,35.866429,128.589696,주소: 대구광역시 중구 계산동2가 180 | 전화번호: 1522-3232
1359,대구중앙로역,대구,35.87066921006088,128.594190019356,주소: 대구광역시 중구 남일동 36-1 미도빌딩 103호 | 전화번호: 1522-3232
1360,대구공평DT,대구,35.8695591195788,128.600678742141,주소: 대구광역시 중구 동인동2가 25-1 1~2층 | 전화번호: 1522-3232
1361,반월당,대구,35.866178,128.591874,주소: 대구광역시 중구 덕산동 53-3 동아쇼핑(동아쇼핑센터건물) | 전화번호: 1522-3232
1362,동성로광장,대구,35.867319,128.594217,"주소: 대구광역시 중구 동성로3가 91-16,18번지 | 전화번호: 1522-3232"
1363,동성로로데오,대구,35.86723,128.597862,주소: 대구광역시 중구 삼덕동1가 25-1 | 전화번호: 1522-3232
1364,대구역,대구,35.874789,128.595048,주소: 대구광역시 중구 북성로1가 6-1 대구스테이션센터 1층 | 전화번호: 1522-3232
1365,대구종로고택,대구,35.8684287,128.5924722,"주소: 대구광역시 중구 종로2가 58,58-2 | 전화번호: 1522-3232"
1366,대구동성로SK리더스,대구,35.86791822254154,128.600138232909,주소: 대구광역시 중구 삼덕동2가 328 동성로 SK 리더스뷰 상가 101~104호 | 전화번호: 1522-3232
1367,대구반월삼성,대구,35.86614485770817,128.59304764369193,주소: 대구광역시 중구 덕산동 110 삼성생명 | 전화번호: 1522-3232
1368,대구228중앙공원,대구,35.8701932,128.5969103,주소: 대구광역시 중구 동성로2가 66-1 BL타워 | 전화번호: 1522-3232
1369,대구칠성DT,대구,35.879674,128.596391,주소: 대구광역시 북구 칠성동2가 371-5 | 전화번호: 1522-3232
1370,대구유통단지,대구,35.905624,128.613347,주소: 대구광역시 북구 산격동 167 | 전화번호: 1522-3232
1371,대구칠곡대로DT,대구,35.9268512491585,128.547884538407,주소: 대구광역시 북구 태전동 1049-2 | 전화번호: 1522-3232
1372,대구동천,대구,35.9425387,128.5604376,주소: 대구광역시 북구 동천동 908-2 1~3층 | 전화번호: 1522-3232
1373,대구침산DT,대구,35.8874784,128.59183759999996,주소: 대구광역시 북구 침산동 245-1 | 전화번호: 1522-3232
1374,대구칠곡,대구,35.9421792,128.5638788,주소: 대구광역시 북구 구암동 769-1 태을빌딩 | 전화번호: 1522-3232
1375,경북대,대구,35.89232,128.608586,주소: 대구광역시 북구 산격동 1399-1 | 전화번호: 1522-3232
1376,대구도남,대구,35.95306925328093,128.58346736963574,주소: 대구광역시 북구 국우동 0 도남지구 23B-2L | 전화번호: 1522-3232
1377,대구복현DT,대구,35.8967637,128.6146417,주소: 대구광역시 북구 복현동 401-1 | 전화번호: 1522-3232
1378,대구칠곡읍내DT,대구,35.9518399,128.5531285,"주소: 대구광역시 북구 읍내동 306-8, 12 | 전화번호: 1522-3232"
1379,대구칠성이마트,대구,35.885139010837555,128.5901336705765,주소: 대구광역시 북구 칠성동2가 20-1 스펙트럼시티 | 전화번호: 1522-3232
1380,칠곡경북대학교병원,대구,35.95731901438235,128.5638149833314,주소: 대구광역시 북구 학정동 474 칠곡경북대학교병원 | 전화번호: 1522-3232
1381,대구금호,대구,35.8960395452115,128.514565076134,주소: 대구광역시 북구 사수동 953 | 전화번호: 1522-3232
1382,대구태전DT,대구,35.9099027471006,128.548729338399,"주소: 대구광역시 북구 태전동 838, 838-3, 839-4, 840-3, 841-1 | 전화번호: 1522-3232"
1383,대구테크노폴리스,대구,35.693334,128.459251,주소: 대구광역시 달성군 유가면 봉리 607-1 | 전화번호: 1522-3232
1384,대구죽곡,대구,35.859115679937275,128.4641846055137,주소: 대구광역시 달성군 다사읍 매곡리 1546-7 | 전화번호: 1522-3232
1385,대구현풍DT,대구,35.6915239371441,128.444761202446,주소: 대구광역시 달성군 현풍읍 원교리 120-4 | 전화번호: 1522-3232
1386,대구국가산단DT,대구,35.6525288,128.4179717,주소: 대구광역시 달성군 구지면 응암리 1259-1 | 전화번호: 1522-3232
1387,대전한남대DT,대전,36.35849,127.42331,"주소: 대전광역시 대덕구 중리동 231-10, 231-11 | 전화번호: 1522-3232"
1388,대전IC DT,대전,36.35423933207529,127.44425907044813,주소: 대전광역시 대덕구 비래동 555-15 | 전화번호: 1522-3232
1389,대전신탄진DT,대전,36.44866030000001,127.41998309999997,주소: 대전광역시 대덕구 석봉동 309-10 | 전화번호: 1522-3232
1390,대전송촌,대전,36.36623665994678,127.43802612927476,주소: 대전광역시 대덕구 송촌동 459-1번지 1층 | 전화번호: 1522-3232
1391,신탄진금강DT,대전,36.454619,127.42882,"주소: 대전광역시 대덕구 신탄진동 116-1, 457-7 | 전화번호: 1522-3232"
1392,대전터미널DT,대전,36.347995,127.434241,주소: 대전광역시 동구 성남동 502-2 | 전화번호: 1522-3232
1393,대전판암DT,대전,36.317013,127.453623,주소: 대전광역시 동구 판암동 450 | 전화번호: 1522-3232
1394,대전가오,대전,36.3070199,127.4561304,주소: 대전광역시 동구 가오동 604번지 | 전화번호: 1522-3232
1395,대전신흥역DT,대전,36.3189576,127.4511473,주소: 대전광역시 동구 판암동 600 | 전화번호: 1522-3232
1396,대전용운,대전,36.3289964,127.4671156,"주소: 대전광역시 동구 용운동 251, 510-115, 510-116, 250 | 전화번호: 1522-3232"
1397,대전용전DT,대전,36.357196,127.435505,"주소: 대전광역시 동구 용전동 13-1, 31 | 전화번호: 1522-3232"
1398,대전복합터미널,대전,36.350137495562045,127.4373371377735,주소: 대전광역시 동구 용전동 63-3 대전복합터미널(서관) 105호 | 전화번호: 1522-3232
1399,대전정부청사역,대전,36.358046,127.382279,주소: 대전광역시 서구 둔산동 948 삼성생명 | 전화번호: 1522-3232
1400,대전건양대병원,대전,36.307512298763946,127.34099928616097,주소: 대전광역시 서구 관저동 1896 건양 타워 | 전화번호: 1522-3232
1401,대전탄방역,대전,36.343242,127.385313,주소: 대전광역시 서구 탄방동 673 주안빌딩 | 전화번호: 1522-3232
1402,대전복수,대전,36.298345,127.37824,주소: 대전광역시 서구 복수동 610 | 전화번호: 1522-3232
1403,대전둔산남로,대전,36.348893,127.388665,주소: 대전광역시 서구 탄방동 724 | 전화번호: 1522-3232
1404,대전둔산로,대전,36.354233,127.377273,주소: 대전광역시 서구 둔산동 996 | 전화번호: 1522-3232
1405,대전법원,대전,36.353315,127.387437,주소: 대전광역시 서구 둔산동 1397 PJ빌딩 103호 | 전화번호: 1522-3232
1406,대전가수원DT,대전,36.30375890149987,127.34879882532829,주소: 대전광역시 서구 가수원동 655-20 스타벅스 | 전화번호: 1522-3232
1407,대전수침교DT,대전,36.3349683,127.39672889999997,주소: 대전광역시 서구 용문동 250-3 | 전화번호: 1522-3232
1408,대전관저,대전,36.2987183121456,127.33806920360844,주소: 대전광역시 서구 관저동 1515 | 전화번호: 1522-3232
1409,대전대덕로,대전,36.353466,127.380591,주소: 대전광역시 서구 둔산동 1355 | 전화번호: 1522-3232
1410,대전목원대,대전,36.33192084282981,127.33859963492131,주소: 대전광역시 서구 도안동 849 | 전화번호: 1522-3232
1411,대전둔산,대전,36.3502188,127.3772612,주소: 대전광역시 서구 둔산동 1046 | 전화번호: 1522-3232
1412,대전만년,대전,36.367606,127.382002,주소: 대전광역시 서구 만년동 333 | 전화번호: 1522-3232
1413,대전월평,대전,36.361008,127.377288,주소: 대전광역시 서구 월평동 279번지 | 전화번호: 1522-3232
1414,둔산은하수,대전,36.3529477,127.3777879,주소: 대전광역시 서구 둔산동 1010번지 금정빌딩 1층 | 전화번호: 1522-3232
1415,대전탄방,대전,36.3463971,127.38788750000003,주소: 대전광역시 서구 탄방동 748번지 정우빌딩 1층 | 전화번호: 1522-3232
1416,대전시청역,대전,36.35100366164323,127.38949940834028,주소: 대전광역시 서구 둔산동 1487번지 | 전화번호: 1522-3232
1417,대전호텔,대전,36.35905916517615,127.3877262497239,주소: 대전광역시 서구 둔산동 922번지 토요코인호텔 1층 | 전화번호: 1522-3232
1418,월평트레이더스,대전,36.3576004219004,127.363002855066,주소: 대전광역시 서구 월평동 510 | 전화번호: 1522-3232
1419,대전시청역8번출구,대전,36.3505714098596,127.387407431667,"주소: 대전광역시 서구 둔산동 1415, 1층 일부 | 전화번호: 1522-3232"
1420,둔산대덕대로,대전,36.35073270678997,127.37846905986014,주소: 대전광역시 서구 둔산동 1165 | 전화번호: 1522-3232
1421,둔산삼성스토어,대전,36.3554336798685,127.379975361484,"주소: 대전광역시 서구 둔산동 1372, 1373 | 전화번호: 1522-3232"
1422,대전갈마DT,대전,36.351481343331905,127.37049050661209,주소: 대전광역시 서구 갈마동 309-18 | 전화번호: 1522-3232
1423,대전용문DT,대전,36.3350093,127.3897099,주소: 대전광역시 서구 용문동 277-11 sk주유소 | 전화번호: 1522-3232
1424,갤러리아타임월드,대전,36.351861,127.378233,"주소: 대전광역시 서구 둔산동 1036 갤러리아타임월드백화점, 11층 | 전화번호: 1522-3232"
1425,도안레이크타워,대전,36.32583637476658,127.34852967395175,주소: 대전광역시 서구 도안동 2330 대전도안레이크타워 105~109호 | 전화번호: 1522-3232
1426,둔산이랜드피어,대전,36.358090462917595,127.38978539851661,"주소: 대전광역시 서구 둔산동 928 이랜드 PEER 둔산 110호, 111호, 112호, 113호 | 전화번호: 1522-3232"
1427,대전관저네거리,대전,36.30183062836115,127.3345171440713,"주소: 대전광역시 서구 관저동 1733 대전 관저 클리닉 센터, 102-1호 | 전화번호: 1522-3232"
1428,대전반석역,대전,36.391646,127.31422,주소: 대전광역시 유성구 반석동 640-3 뉴타운프라자 | 전화번호: 1522-3232
1429,대전도안DT,대전,36.3513576,127.3402518,주소: 대전광역시 유성구 봉명동 555-3 | 전화번호: 1522-3232
1430,대전유성구청,대전,36.362206,127.357705,주소: 대전광역시 유성구 어은동 115-3 | 전화번호: 1522-3232
1431,대전지족,대전,36.38720540000001,127.3175549,주소: 대전광역시 유성구 지족동 984-5 | 전화번호: 1522-3232
1432,대전유성,대전,36.3545222,127.3395544,"주소: 대전광역시 유성구 봉명동 446-8, 446-9 | 전화번호: 1522-3232"
1433,대전전민,대전,36.39943969999999,127.40052530000003,주소: 대전광역시 유성구 전민동 303-1 (1층) | 전화번호: 1522-3232
1434,대전관평동,대전,36.4255141,127.39263,주소: 대전광역시 유성구 관평동 958 1~3층 | 전화번호: 1522-3232
1435,대전조이마루,대전,36.37645528250739,127.39080196911213,주소: 대전광역시 유성구 도룡동 4-20 | 전화번호: 1522-3232
1436,대전노은,대전,36.373444,127.319446,주소: 대전광역시 유성구 지족동 907-3 1~2층 | 전화번호: 1522-3232
1437,충남대정문,대전,36.36066,127.34464,주소: 대전광역시 유성구 궁동 482-7 | 전화번호: 1522-3232
1438,대전테크노밸리,대전,36.425176276,127.389607513,"주소: 대전광역시 유성구 관평동 937,938번지 | 전화번호: 1522-3232"
1439,대전용산,대전,36.4168446037245,127.392813729819,주소: 대전광역시 유성구 용산동 734 10호~104호 | 전화번호: 1522-3232
1440,대전문지,대전,36.3924494586684,127.405523409052,주소: 대전광역시 유성구 문지동 655-8 | 전화번호: 1522-3232
1441,대전LG에너지솔루션,대전,36.38770750444067,127.39661501481447,주소: 대전광역시 유성구 문지동 104-1 LG화학기술연구원 | 전화번호: 1522-3232
1442,신세계대전R,대전,36.37526851353958,127.38158002712088,"주소: 대전광역시 유성구 도룡동 3-1, 대전신세계 백화점 5F | 전화번호: 1522-3232"
1443,대전현대아울렛,대전,36.42385761631111,127.39869443179911,주소: 대전광역시 유성구 용산동 579 현대프리미엄아울렛 대전점 | 전화번호: 1522-3232
1444,유성선병원,대전,36.3752163,127.3244304,"주소: 대전광역시 유성구 지족동 923 유성선병원, B1 | 전화번호: 1522-3232"
1445,대전유성NC,대전,36.3535775,127.343794,주소: 대전광역시 유성구 봉명동 549-11 NC대전유성점 1층 | 전화번호: 1522-3232
1446,대전구암DT,대전,36.3487072,127.3326118,주소: 대전광역시 유성구 구암동 615-26 | 전화번호: 1522-3232
1447,대전상대동,대전,36.3370813570682,127.332790642361,주소: 대전광역시 유성구 상대동 575 | 전화번호: 1522-3232
1448,신세계대전B1,대전,36.375188049920126,127.38137904408467,"주소: 대전광역시 유성구 도룡동 3-1, 대전신세계 백화점 B1층 | 전화번호: 1522-3232"
1449,대전엑스포스카이,대전,36.37489372413316,127.38323862987684,"주소: 대전광역시 유성구 도룡동 3-1, 신세계엑스포점 38층 | 전화번호: 1522-3232"
1450,대전죽동,대전,36.3693121812269,127.339391059527,주소: 대전광역시 유성구 죽동 704-13 럭키빌딩 | 전화번호: 1522-3232
1451,대전송강,대전,36.434193529548,127.38818470723,"주소: 대전광역시 유성구 송강동 171-2 화인빌딩, 1층 | 전화번호: 1522-3232"
1452,대전대사DT,대전,36.318823,127.417463,주소: 대전광역시 중구 대사동 248-296 | 전화번호: 1522-3232
1453,대전태평,대전,36.3232773471066,127.393349813091,주소: 대전광역시 중구 태평동 395-1 삼부프라자 | 전화번호: 1522-3232
1454,대전유천DT,대전,36.31833643666211,127.39825379624604,주소: 대전광역시 중구 유천동 185-3 | 전화번호: 1522-3232
1455,대전중앙로R,대전,36.327962,127.426603,주소: 대전광역시 중구 은행동 149 | 전화번호: 1522-3232
1456,은행동,대전,36.32907873,127.4276569,주소: 대전광역시 중구 은행동 48-14 | 전화번호: 1522-3232
1457,대전목동DT,대전,36.3328668212906,127.410960847549,주소: 대전광역시 중구 목동 107-15 | 전화번호: 1522-3232
1458,서대전네거리,대전,36.3230695601753,127.411202959063,"주소: 대전광역시 중구 오류동 151-17, 1층 | 전화번호: 1522-3232"
1459,금정남산동DT,부산,35.26251870028765,129.09159198076938,"주소: 부산광역시 금정구 남산동 68-1, 42-3, 42-8, 42-10, 71-31 | 전화번호: 1522-3232"
1460,금정구청DT,부산,35.238812216995775,129.09300393937116,"주소: 부산광역시 금정구 부곡동 217-2, 217-14 | 전화번호: 1522-3232"
1461,온천장역DT,부산,35.224006,129.08656,주소: 부산광역시 금정구 장전동 607-6 | 전화번호: 1522-3232
1462,부산대정문,부산,35.23214412262867,129.08449925009006,주소: 부산광역시 금정구 장전동 401-13 | 전화번호: 1522-3232
1463,부산대역,부산,35.23052180284867,129.08869433543111,주소: 부산광역시 금정구 장전동 414-39 1~4층 | 전화번호: 1522-3232
1464,금정이마트,부산,35.249819818853915,129.09078227309334,주소: 부산광역시 금정구 구서동 368번지 | 전화번호: 1522-3232
1465,금정구서,부산,35.246908383445785,129.08873844189125,주소: 부산광역시 금정구 구서동 409-11 | 전화번호: 1522-3232
1466,부산서동,부산,35.214662729862546,129.1056591553492,주소: 부산광역시 금정구 서동 203-42 부산은행 | 전화번호: 1522-3232
1467,용호동W스퀘어,부산,35.1337011,129.113324,"주소: 부산광역시 남구 용호동 954외3필지 더블유스퀘어동 1019호,1020호,1021호,2011호,2012호 | 전화번호: 1522-3232"
1468,동명대DT,부산,35.12311959047579,129.09901642703608,주소: 부산광역시 남구 용당동 532-26 | 전화번호: 1522-3232
1469,BIFC Mall,부산,35.14627396984699,129.06591505441685,주소: 부산광역시 남구 문현동 1229-2 | 전화번호: 1522-3232
1470,부산대연역,부산,35.13503615347691,129.09309969594813,주소: 부산광역시 남구 대연동 1740-1 1층 | 전화번호: 1522-3232
1471,경성대,부산,35.137345553736964,129.10063775537583,주소: 부산광역시 남구 대연동 55-1 | 전화번호: 1522-3232
1472,문현이마트,부산,35.144652514394764,129.06415980532958,주소: 부산광역시 남구 문현동 751 E마트 | 전화번호: 1522-3232
1473,부산유엔공원,부산,35.1299808,129.0980971,주소: 부산광역시 남구 대연동 568-11 | 전화번호: 1522-3232
1474,용호빌리브,부산,35.1311,129.1125,주소: 부산광역시 남구 용호동 958 빌리브센트로 제B동 101호~106호 | 전화번호: 1522-3232
1475,BIFC2,부산,35.147876055887224,129.06404923080473,주소: 부산광역시 남구 문현동 1226 부산국제금융센터2주건축물제1동 키오스크01호 | 전화번호: 1522-3232
1476,부산성모병원,부산,35.11026,129.1096,주소: 부산광역시 남구 용호동 538-41 부산성모병원 1층 | 전화번호: 1522-3232
1477,부산대연못골,부산,35.13609516236527,129.09191736599408,주소: 부산광역시 남구 대연동 290-6 | 전화번호: 1522-3232
1478,부산역라마다,부산,35.11434481154264,129.04030612857068,주소: 부산광역시 동구 초량동 1204-1 | 전화번호: 1522-3232
1479,부산역아스티,부산,35.11612791103763,129.04171604868282,주소: 부산광역시 동구 초량동 1201-1 | 전화번호: 1522-3232
1480,부산역3번출구,부산,35.11447619569747,129.03905913853362,주소: 부산광역시 동구 초량동 1209-15 1층 | 전화번호: 1522-3232
1481,범일동일타워,부산,35.13877385839417,129.06381112714362,주소: 부산광역시 동구 범일동 830-140 동일타워 | 전화번호: 1522-3232
1482,부산초량역,부산,35.11872,129.042078,주소: 부산광역시 동구 초량동 1193-1 흥국생명보험(주)부산사옥 1층 일부 | 전화번호: 1522-3232
1483,서면중앙대로R,부산,35.15286800166649,129.05944626017197,주소: 부산광역시 부산진구 부전동 227-2 서면피에스타 1층 2층 | 전화번호: 1522-3232
1484,서면로R,부산,35.15524851626055,129.0576381743508,"주소: 부산광역시 부산진구 부전동 517-24,517-25 | 전화번호: 1522-3232"
1485,동의대역,부산,35.15495095970587,129.03618733441533,주소: 부산광역시 부산진구 가야동 82-16 | 전화번호: 1522-3232
1486,부산개금역,부산,35.15308675443438,129.0225350163104,주소: 부산광역시 부산진구 개금동 177-289 SH빌딩 지상 1층 | 전화번호: 1522-3232
1487,서면전포역,부산,35.15436355753789,129.0635712412876,주소: 부산광역시 부산진구 전포동 691-2 | 전화번호: 1522-3232
1488,부산서면중앙로,부산,35.15549234290918,129.05893361058477,주소: 부산광역시 부산진구 부전동 255-11 1~3층 | 전화번호: 1522-3232
1489,서면서전로,부산,35.157934528805484,129.06197709409545,주소: 부산광역시 부산진구 부전동 143-5 | 전화번호: 1522-3232
1490,부산서면,부산,35.154098,129.061562,주소: 부산광역시 부산진구 부전동 219-3번지 | 전화번호: 1522-3232
1491,서면역,부산,35.157909950604896,129.0599793807953,주소: 부산광역시 부산진구 부전동 139-3번지 | 전화번호: 1522-3232
1492,부전역,부산,35.16181113722542,129.06201461279443,"주소: 부산광역시 부산진구 부전동 573-7 서면호텔 복합시설1,2층 | 전화번호: 1522-3232"
1493,서면센트럴스퀘어,부산,35.1516177133099,129.06089873180213,주소: 부산광역시 부산진구 부전동 537-9번지 | 전화번호: 1522-3232
1494,서면메디컬거리,부산,35.157961,129.05740949999995,주소: 부산광역시 부산진구 부전동 486-20번지 1층 | 전화번호: 1522-3232
1495,서면중앙,부산,35.15684837423388,129.05801863479152,주소: 부산광역시 부산진구 부전동 257-42 | 전화번호: 1522-3232
1496,서면트레이더스,부산,35.163831285849966,129.0530396365257,주소: 부산광역시 부산진구 부암동 93 이마트트레이더스서면점 | 전화번호: 1522-3232
1497,부산양정,부산,35.1702564754022,129.069482489784,주소: 부산광역시 부산진구 양정동 353-20 | 전화번호: 1522-3232
1498,초읍대공원,부산,35.1828193069829,129.04748360769,주소: 부산광역시 부산진구 초읍동 105-6 | 전화번호: 1522-3232
1499,서면엠디엠타워,부산,35.149622241921506,129.05887619374596,주소: 부산광역시 부산진구 범천동 863-1 삼성생명보험빌딩 | 전화번호: 1522-3232
1500,서면문화로,부산,35.15885783683483,129.057495917852,주소: 부산광역시 부산진구 부전동 397-14 | 전화번호: 1522-3232
1501,부산덕천역,부산,35.210787,129.008358,주소: 부산광역시 북구 덕천동 383-1 | 전화번호: 1522-3232
1502,부산화명역,부산,35.2336752802956,129.013187668175,주소: 부산광역시 북구 화명동 2287-3번지 | 전화번호: 1522-3232
1503,화명강변DT,부산,35.216972,129.004611,주소: 부산광역시 북구 덕천동 624-8 | 전화번호: 1522-3232
1504,부산구남역DT,부산,35.1982412867577,128.996280148597,주소: 부산광역시 북구 구포동 915-1 | 전화번호: 1522-3232
1505,부산만덕DT,부산,35.213166,129.039764,주소: 부산광역시 북구 만덕동 산19-5 | 전화번호: 1522-3232
1506,사상주례DT,부산,35.154847,128.996302,"주소: 부산광역시 사상구 주례동 854,120-35,991-5,991-6,산120-2,산120-3 | 전화번호: 1522-3232"
1507,동서대DT,부산,35.150783485507844,129.0098599874532,"주소: 부산광역시 사상구 주례동 189-9,189-11,189-12,189-13 | 전화번호: 1522-3232"
1508,부산사상로,부산,35.1629709567761,128.984586499721,주소: 부산광역시 사상구 괘법동 546-1 엠시티빌딩 105호 | 전화번호: 1522-3232
1509,삼락강변DT,부산,35.176684552695,128.976710446542,주소: 부산광역시 사상구 삼락동 399-1 (주)대림주유소 399-2 | 전화번호: 1522-3232
1510,사상엄궁DT,부산,35.127533,128.969588,주소: 부산광역시 사상구 엄궁동 338외2필지 | 전화번호: 1522-3232
1511,부산사상광장로,부산,35.16265589792603,128.97897548212345,"주소: 부산광역시 사상구 괘법동 565-2, 1,2층 | 전화번호: 1522-3232"
1512,사상이마트,부산,35.163833237506026,128.9786199214018,주소: 부산광역시 사상구 괘법동 531-2 이마트 | 전화번호: 1522-3232
1513,다대포DT,부산,35.060973,128.975257,주소: 부산광역시 사하구 다대동 293-1 | 전화번호: 1522-3232
1514,을숙도강변DT,부산,35.11526,128.959578,주소: 부산광역시 사하구 하단동 1157-17 | 전화번호: 1522-3232
1515,부산괴정역,부산,35.098561441784554,128.9939713523844,주소: 부산광역시 사하구 괴정동 961-6번지 | 전화번호: 1522-3232
1516,하단중앙,부산,35.106522,128.966103,주소: 부산광역시 사하구 하단동 526-5번지 | 전화번호: 1522-3232
1517,하단역2번출구,부산,35.10597061831693,128.96449912151837,"주소: 부산광역시 사하구 하단동 592-5, 592-6 1층 102호 | 전화번호: 1522-3232"
1518,다대포해수욕장,부산,35.0492108102216,128.963304598791,"주소: 부산광역시 사하구 다대동 1548-43, 지하 1층, 1층 | 전화번호: 1522-3232"
1519,사하장림DT,부산,35.0849337,128.9802207,주소: 부산광역시 사하구 장림동 100-1 | 전화번호: 1522-3232
1520,부산교대역DT,부산,35.198904092650125,129.07893128206547,"주소: 부산광역시 연제구 거제동 125, 125-13, 122-9 | 전화번호: 1522-3232"
1521,연산시티타워,부산,35.18796058645269,129.08083956867412,"주소: 부산광역시 연제구 연산동 1124-3 C T 타워(A동 107,108,109) | 전화번호: 1522-3232"
1522,부산연산역,부산,35.18708216840511,129.08318543518365,주소: 부산광역시 연제구 연산동 603-10외 1필지 | 전화번호: 1522-3232
1523,부산교대,부산,35.19568537974173,129.07744953386472,주소: 부산광역시 연제구 거제동 89-60 2~3층 | 전화번호: 1522-3232
1524,연산트레이더스,부산,35.184911403836246,129.11250884445252,주소: 부산광역시 연제구 연산동 137-5 | 전화번호: 1522-3232
1525,연산교차로,부산,35.185394802963785,129.08161110688536,주소: 부산광역시 연제구 연산동 701-4 | 전화번호: 1522-3232
1526,부산시청,부산,35.18159,129.07841,주소: 부산광역시 연제구 연산동 1331-2 서호병원 | 전화번호: 1522-3232
1527,연제이마트,부산,35.175745706845255,129.08174091127475,주소: 부산광역시 연제구 연산동 822-7 신세계연제점E마트 | 전화번호: 1522-3232
1528,부산거제DT,부산,35.1865001979024,129.07157452462,주소: 부산광역시 연제구 거제동 507-8 | 전화번호: 1522-3232
1529,영도청학DT,부산,35.09383102762473,129.06509801314024,주소: 부산광역시 영도구 청학동 31-2 청학주유소 | 전화번호: 1522-3232
1530,영도대교,부산,35.094523591160836,129.03695304149488,주소: 부산광역시 영도구 대교동1가 47 영도해안루미너스 301호 | 전화번호: 1522-3232
1531,부산광복로,부산,35.1000583746614,129.03122156965264,"주소: 부산광역시 중구 광복동3가 8-3,8-6,8-7,8-8 | 전화번호: 1522-3232"
1532,자갈치역,부산,35.09832596040299,129.02973667134492,주소: 부산광역시 중구 남포동5가 8-1 | 전화번호: 1522-3232
1533,국제시장,부산,35.1028329653543,129.02859285920434,주소: 부산광역시 중구 대청동3가 20 | 전화번호: 1522-3232
1534,부산중앙역,부산,35.105097657441014,129.0360866880956,"주소: 부산광역시 중구 중앙동4가 53-6, 53-30 | 전화번호: 1522-3232"
1535,남포동역,부산,35.098231711510195,129.0352223610506,주소: 부산광역시 중구 광복동1가 40-2번지 1~2층 | 전화번호: 1522-3232
1536,부산비프광장,부산,35.098939258377975,129.02876501093598,"주소: 부산광역시 중구 남포동3가 2-2,1-2층 | 전화번호: 1522-3232"
1537,기장역DT,부산,35.2421513,129.220117,주소: 부산광역시 기장군 기장읍 청강리 31-1외1필지 | 전화번호: 1522-3232
1538,동부산DT,부산,35.184073,129.210875,주소: 부산광역시 기장군 기장읍 시랑리 589-6 | 전화번호: 1522-3232
1539,부산정관,부산,35.321336,129.176983,주소: 부산광역시 기장군 정관읍 매학리 717-1 | 전화번호: 1522-3232
1540,기장일광DT,부산,35.25724296996289,129.22513371734493,주소: 부산광역시 기장군 일광읍 삼성리 510-24 | 전화번호: 1522-3232
1541,부산P.아울렛,부산,35.32270153066869,129.23541462883986,주소: 부산광역시 기장군 장안읍 좌천리 545 부산프리미엄아울렛 | 전화번호: 1522-3232
1542,동부산테마파크,부산,35.19358296608474,129.21421852069204,주소: 부산광역시 기장군 기장읍 시랑리 산46외 339필지 | 전화번호: 1522-3232
1543,정관신도시DT,부산,35.334446374142374,129.17072655312796,"주소: 부산광역시 기장군 정관읍 모전리  468, 470-1 | 전화번호: 1522-3232"
1544,기장임랑원,부산,35.3164532805935,129.260928085016,주소: 부산광역시 기장군 장안읍 임랑리 169-2 외 7필지 | 전화번호: 1522-3232
1545,광안수변공원,부산,35.1532166,129.1246161,주소: 부산광역시 수영구 민락동 181-223 민락동 바다마루 | 전화번호: 1522-3232
1546,수영역,부산,35.16573717329124,129.1145750821663,주소: 부산광역시 수영구 광안동 1077-12 | 전화번호: 1522-3232
1547,금련산역,부산,35.14717,129.1105,주소: 부산광역시 수영구 남천동 29-19 목원빌딩 | 전화번호: 1522-3232
1548,광안비치,부산,35.15317424344426,129.1178487484164,주소: 부산광역시 수영구 광안동 193-4 부산광안대우아이빌 101호 201호 202호 203호 | 전화번호: 1522-3232
1549,수영망미DT,부산,35.177411,129.107428,"주소: 부산광역시 수영구 망미동 412-27, 412-28, 412-29 | 전화번호: 1522-3232"
1550,광안리,부산,35.15504,129.1209,주소: 부산광역시 수영구 민락동 178-19 1~3층 | 전화번호: 1522-3232
1551,남천더샵,부산,35.141257063803636,129.106706345427,주소: 부산광역시 수영구 남천동 75-18 더샵 남천프레스티지 110호 | 전화번호: 1522-3232
1552,밀락더마켓,부산,35.15400258151108,129.12727354079507,주소: 부산광역시 수영구 민락동 113-31 | 전화번호: 1522-3232
1553,센텀수영DT,부산,35.17746,129.117487,"주소: 부산광역시 수영구 망미동 202-12 ,202-3 | 전화번호: 1522-3232"
1554,스타필드명지,부산,35.0934683,128.9174322,주소: 부산광역시 강서구 명지동 3438 스타필드 명지 1층 | 전화번호: 1522-3232
1555,명지강변DT,부산,35.1026237,128.9294804,주소: 부산광역시 강서구 명지동 1459-1 | 전화번호: 1522-3232
1556,명지국제신도시,부산,35.0978,128.9203,주소: 부산광역시 강서구 명지동 3420-1 | 전화번호: 1522-3232
1557,명지오션시티,부산,35.084043,128.903135,주소: 부산광역시 강서구 명지동 3238 | 전화번호: 1522-3232
1558,강서녹산DT,부산,35.1128623326732,128.879644210693,주소: 부산광역시 강서구 녹산동 1336-5 | 전화번호: 1522-3232
1559,명지퍼스트월드,부산,35.09724028810901,128.90666213068852,주소: 부산광역시 강서구 명지동 3594 더샵 명지퍼스트월드 2단지 | 전화번호: 1522-3232
1560,동래역,부산,35.20557928384287,129.08011706501625,주소: 부산광역시 동래구 명륜동 553-21 | 전화번호: 1522-3232
1561,명륜역,부산,35.212443,129.078378,주소: 부산광역시 동래구 온천동 473-21 | 전화번호: 1522-3232
1562,사직구장,부산,35.1961928325401,129.061604489178,주소: 부산광역시 동래구 사직동 93-6 사직동 자이언츠 파크 | 전화번호: 1522-3232
1563,부산안락DT,부산,35.1958595,129.10695409999994,주소: 부산광역시 동래구 안락동 256-4 | 전화번호: 1522-3232
1564,동래미남DT,부산,35.20719597598838,129.07202514350354,주소: 부산광역시 동래구 온천동 1428-36 | 전화번호: 1522-3232
1565,부산온천장역,부산,35.221326935128985,129.0860042518694,주소: 부산광역시 동래구 온천동 153-8 에스케이허브스카이 1층 | 전화번호: 1522-3232
1566,부산사직역,부산,35.196861853574234,129.06531010059723,"주소: 부산광역시 동래구 사직동 96-16 금왕빌딩, 1층 101호~104호 | 전화번호: 1522-3232"
1567,부산동래,부산,35.20292773253749,129.0810293032682,주소: 부산광역시 동래구 명륜동 506-13 동림빌딩 | 전화번호: 1522-3232
1568,동래허심청,부산,35.220761664490546,129.08272279990265,주소: 부산광역시 동래구 온천동 137 허심청 | 전화번호: 1522-3232
1569,부산미남역,부산,35.20560853458733,129.0677604615084,주소: 부산광역시 동래구 온천동 1248-2 | 전화번호: 1522-3232
1570,부산사직,부산,35.19791171938551,129.0605500953889,주소: 부산광역시 동래구 사직동 47-27번지 | 전화번호: 1522-3232
1571,부산송도해수욕장,부산,35.07710323561051,129.01799632893008,주소: 부산광역시 서구 암남동 234외7필지 | 전화번호: 1522-3232
1572,부민사거리,부산,35.103605807879525,129.02022589771644,주소: 부산광역시 서구 부민동 18-13 | 전화번호: 1522-3232
1573,부산동대신역,부산,35.112587011543894,129.01665029206123,주소: 부산광역시 서구 동대신동3가 510 외 1필지 | 전화번호: 1522-3232
1574,동아대병원,부산,35.119438528976126,129.017307269526,주소: 부산광역시 서구 동대신동3가 13-81 | 전화번호: 1522-3232
1575,부산대병원,부산,35.10083193819662,129.0194446791329,주소: 부산광역시 서구 아미동1가 10-1 부산대학교병원 A동(본관) 1층 일부 | 전화번호: 1522-3232
1576,부산대병원C동,부산,35.09996326711841,129.01830478264438,"주소: 부산광역시 서구 아미동1가 10-1 부산대학병원, 아미동2가 34-1, 50-1 부산대학교병원 C동(암센터) 1층 일부 | 전화번호: 1522-3232"
1577,해운대동백,부산,35.158371,129.153065,주소: 부산광역시 해운대구 우동 763 해운대경동제이드아파트 | 전화번호: 1522-3232
1578,수영강변DT,부산,35.203889,129.119336,주소: 부산광역시 해운대구 반여동 1201 | 전화번호: 1522-3232
1579,센텀파크,부산,35.17869913791537,129.12261854721618,주소: 부산광역시 해운대구 재송동 1200 더샵센텀파크1차아파트 7동 102호 | 전화번호: 1522-3232
1580,해운대역,부산,35.16314488870613,129.159592828631,주소: 부산광역시 해운대구 우동 603-19 | 전화번호: 1522-3232
1581,부산재송DT,부산,35.181271,129.12405,주소: 부산광역시 해운대구 재송동 572-2 외 4필지 | 전화번호: 1522-3232
1582,해운대,부산,35.16010998444482,129.1621351429391,주소: 부산광역시 해운대구 중동 1392-26 엘리시아 | 전화번호: 1522-3232
1583,센텀로,부산,35.167952994203915,129.13159315813627,주소: 부산광역시 해운대구 우동 1518 센텀메디컬센타 1층 스타벅스 센텀로점 | 전화번호: 1522-3232
1584,센텀신세계B1,부산,35.168593398365054,129.1295110410348,주소: 부산광역시 해운대구 우동 1495 신세계백화점센텀시티점 B1 | 전화번호: 1522-3232
1585,해운대달맞이DT,부산,35.161561146872124,129.17118262179758,주소: 부산광역시 해운대구 중동 1779 | 전화번호: 1522-3232
1586,센텀그린타워,부산,35.17462383854198,129.12671878875554,주소: 부산광역시 해운대구 우동 1462 | 전화번호: 1522-3232
1587,부산송정비치,부산,35.1807279,129.20227690000002,주소: 부산광역시 해운대구 송정동 297-31 외 1필지 | 전화번호: 1522-3232
1588,장산역,부산,35.16938036315796,129.17635093623397,주소: 부산광역시 해운대구 좌동 1479-1 | 전화번호: 1522-3232
1589,하버타운,부산,35.1596216193727,129.159708147728,주소: 부산광역시 해운대구 우동 627-1 하버타운 | 전화번호: 1522-3232
1590,벡스코,부산,35.16954469635195,129.1352343285074,주소: 부산광역시 해운대구 우동 우2동 1500번지 벡스코내 | 전화번호: 1522-3232
1591,팔레드시즈,부산,35.16002278096324,129.16600632968368,주소: 부산광역시 해운대구 중동 1124-2 팔래드시즈 1-3호 | 전화번호: 1522-3232
1592,제니스스퀘어,부산,35.156657,129.144091,주소: 부산광역시 해운대구 우동 1407 제니스스퀘어 | 전화번호: 1522-3232
1593,마린시티아이파크,부산,35.15692363388198,129.14342465971166,주소: 부산광역시 해운대구 우동 1408 | 전화번호: 1522-3232
1594,해운대이마트,부산,35.166029,129.167397,주소: 부산광역시 해운대구 중동 1767 이마트해운대점 1층 | 전화번호: 1522-3232
1595,센텀드림월드,부산,35.16704750221093,129.1327355163972,주소: 부산광역시 해운대구 우동 1510번지 센텀드림월드1층 | 전화번호: 1522-3232
1596,센텀KNN,부산,35.17199558309366,129.12833768768834,"주소: 부산광역시 해운대구 우동 1468,1469 번지 (KNN 타워 107호 일부) | 전화번호: 1522-3232"
1597,월드마크센텀,부산,35.17114558044655,129.13119363061287,주소: 부산광역시 해운대구 우동 1488번지 1층 | 전화번호: 1522-3232
1598,엘시티,부산,35.15999407665911,129.16861715737573,"주소: 부산광역시 해운대구 중동 1829 엘시티 1021호, 1022호, 1023호 | 전화번호: 1522-3232"
1599,해운대NC,부산,35.170306975015485,129.1770642834487,주소: 부산광역시 해운대구 좌동 1467-4 지팝건축물 | 전화번호: 1522-3232
1600,해운대좌동,부산,35.1775937,129.1755895,주소: 부산광역시 해운대구 좌동 1289-4 한솔빌딩 | 전화번호: 1522-3232
1601,해운대 엑스더스카이,부산,35.15977196666398,129.16969758941596,주소: 부산광역시 해운대구 중동 1829 | 전화번호: 1522-3232
1602,부산성모안과병원,부산,35.16745666392871,129.14069971337418,주소: 부산광역시 해운대구 우동 1078-6 부산성모안과병원 1층 101호 | 전화번호: 1522-3232
1603,센텀신세계3F,부산,35.16914966034019,129.12900975378494,"주소: 부산광역시 해운대구 우동 1495 신세계백화점센텀시티점, 3층 | 전화번호: 1522-3232"
1604,해운대중동역,부산,35.1671846,129.1678855,주소: 부산광역시 해운대구 중동 1756 | 전화번호: 1522-3232
1605,센텀몰1F,부산,35.16995050945187,129.1280511640748,"주소: 부산광역시 해운대구 우동 1493 센텀시티 몰, 1층 | 전화번호: 1522-3232"
1606,그랜드조선 부산,부산,35.16005799129259,129.16315426317894,주소: 부산광역시 해운대구 중동 1405-16 그랜드 조선 부산 | 전화번호: 1522-3232
1607,울산번영로,울산,35.537046784,129.327294457,주소: 울산광역시 남구 달동 117-4 삼성생명빌딩 1F | 전화번호: 1522-3232
1608,울산대공원,울산,35.53233,129.293827,주소: 울산광역시 남구 옥동 143-9 | 전화번호: 1522-3232
1609,울산도산사거리DT,울산,35.5309416639556,129.330232053359,주소: 울산광역시 남구 야음동 580 | 전화번호: 1522-3232
1610,울산시청사거리DT,울산,35.537195,129.313617,주소: 울산광역시 남구 달동 875-12 | 전화번호: 1522-3232
1611,울산남구청DT,울산,35.5441545,129.32459960000006,주소: 울산광역시 남구 신정동 133-1 | 전화번호: 1522-3232
1612,울산중리사거리DT,울산,35.543928,129.338651,주소: 울산광역시 남구 삼산동 1545-5 | 전화번호: 1522-3232
1613,울산삼산로,울산,35.5384838,129.3373025,주소: 울산광역시 남구 삼산동 1478-5 | 전화번호: 1522-3232
1614,울산대,울산,35.542467,129.260197,주소: 울산광역시 남구 무거동 619-10 1~3층 | 전화번호: 1522-3232
1615,울산디자인거리,울산,35.540501,129.33876,주소: 울산광역시 남구 삼산동 1524-6 1~2층 | 전화번호: 1522-3232
1616,현대울산B1,울산,35.539633,129.335857,주소: 울산광역시 남구 삼산동 1521-1 현대백화점 B1층 | 전화번호: 1522-3232
1617,울산태화강역DT,울산,35.540197600155174,129.3486954600125,주소: 울산광역시 남구 삼산동 220-5 | 전화번호: 1522-3232
1618,울산무거,울산,35.5465529039,129.26198546698163,주소: 울산광역시 남구 무거동 465-2 | 전화번호: 1522-3232
1619,울산번영로DT,울산,35.53541316,129.329300402,주소: 울산광역시 남구 달동 1271-16 | 전화번호: 1522-3232
1620,울산삼성,울산,35.5343805,129.3170556,주소: 울산광역시 남구 달동 1400-1 | 전화번호: 1522-3232
1621,울산선암DT,울산,35.51570123709375,129.3100444890187,주소: 울산광역시 남구 선암동 0 | 전화번호: 1522-3232
1622,울산신정DT,울산,35.5336116,129.3011209,"주소: 울산광역시 남구 신정동 1636-12, 1636-13, 1636-14, 1637-133, 1670-1, 1774-64 | 전화번호: 1522-3232"
1623,울산호계DT,울산,35.63791557,129.3450397,"주소: 울산광역시 북구 신천동 546-2, 546-7 | 전화번호: 1522-3232"
1624,울산북구청DT,울산,35.583407,129.359199,"주소: 울산광역시 북구 연암동 1223-2, 1260-3, 1260-6 | 전화번호: 1522-3232"
1625,울산진장,울산,35.56262984,129.356469,주소: 울산광역시 북구 진장동 705 메가마트 | 전화번호: 1522-3232
1626,울산정자비치DT,울산,35.62741168,129.4411137,주소: 울산광역시 북구 산하동 강동산하지구 48B 8L | 전화번호: 1522-3232
1627,북울산삼성,울산,35.57650058,129.3558901,주소: 울산광역시 북구 진장동 1048-3 | 전화번호: 1522-3232
1628,울산송정,울산,35.6026125,129.3652347,주소: 울산광역시 북구 송정동 1232-2 | 전화번호: 1522-3232
1629,울산 KTX,울산,35.547868,129.141895,주소: 울산광역시 울주군 삼남읍 신화리 1606-11 | 전화번호: 1522-3232
1630,울산간절곶DT,울산,35.3582120826861,129.355621183874,"주소: 울산광역시 울주군 서생면 대송리 164,164-1,164-2 | 전화번호: 1522-3232"
1631,울산MBC DT,울산,35.561657,129.332358,주소: 울산광역시 중구 복산동 40-6 | 전화번호: 1522-3232
1632,울산성안,울산,35.577829,129.324413,"주소: 울산광역시 중구 성안동 472-9,10 | 전화번호: 1522-3232"
1633,울산성남삼거리,울산,35.553056041481796,129.32053522375728,주소: 울산광역시 중구 성남동 256-24 | 전화번호: 1522-3232
1634,울산병영,울산,35.568536,129.345381,주소: 울산광역시 중구 남외동 483-11 SkyM빌딩 1층 105호 | 전화번호: 1522-3232
1635,울산약사DT,울산,35.573049,129.337228,주소: 울산광역시 중구 약사동 537 | 전화번호: 1522-3232
1636,울산국가정원,울산,35.550180854179196,129.29753260189867,주소: 울산광역시 중구 태화동 479-8 | 전화번호: 1522-3232
1637,현대동구,울산,35.52114999,129.4317341,주소: 울산광역시 동구 서부동 105-3 현대백화점주차장(현대백화점) | 전화번호: 1522-3232
1638,울산일산비치DT,울산,35.4988643178881,129.430994177348,주소: 울산광역시 동구 일산동 947-5 | 전화번호: 1522-3232
1639,울산대학교병원,울산,35.520640572,129.428934687,주소: 울산광역시 동구 서부동 103-35 | 전화번호: 1522-3232
1640,울산남목DT,울산,35.5397841,129.4234235,"주소: 울산광역시 동구 서부동 584-2,482-134, 482-112 | 전화번호: 1522-3232"
1641,울산주전비치,울산,35.5654435,129.4548214,주소: 울산광역시 동구 주전동 31-3 | 전화번호: 1522-3232
1642,인천강화DT,인천,37.7426,126.4916,"주소: 인천광역시 강화군 강화읍 갑곳리 203-10, 203-34 | 전화번호: 1522-3232"
1643,경인교대입구역DT,인천,37.53554797027134,126.72225333064954,"주소: 인천광역시 계양구 작전동 852-30, 852-31 | 전화번호: 1522-3232"
1644,인천계양,인천,37.53999438473035,126.73499163439841,주소: 인천광역시 계양구 계산동 1063-14 | 전화번호: 1522-3232
1645,인천작전,인천,37.52711647724326,126.72208378858448,주소: 인천광역시 계양구 작전동 442-1번지 1층 | 전화번호: 1522-3232
1646,인천계산역DT,인천,37.543618257713824,126.72985005007185,주소: 인천광역시 계양구 계산동 918 | 전화번호: 1522-3232
1647,계양BMW,인천,37.53220175899393,126.756379651219,주소: 인천광역시 계양구 서운동 219 | 전화번호: 1522-3232
1648,계양구청,인천,37.53885847200029,126.73874085242728,주소: 인천광역시 계양구 용종동 211-1 경동빌딩 | 전화번호: 1522-3232
1649,인천장제로,인천,37.53337272749563,126.73429097233948,주소: 인천광역시 계양구 작전동 899-3 101호 | 전화번호: 1522-3232
1650,인천학익DT,인천,37.44046613341327,126.66296680683121,주소: 인천광역시 미추홀구 학익동 690-2 평산면옥 | 전화번호: 1522-3232
1651,인천용현DT,인천,37.4523373,126.6325809,주소: 인천광역시 미추홀구 용현동 630-9 | 전화번호: 1522-3232
1652,주안역,인천,37.46386743799924,126.68075518314572,"주소: 인천광역시 미추홀구 주안동 141-1 1층,2층 | 전화번호: 1522-3232"
1653,인하대,인천,37.451827,126.654969,주소: 인천광역시 미추홀구 용현동 199-18번지 | 전화번호: 1522-3232
1654,시민공원역,인천,37.45813976248927,126.68093494384136,주소: 인천광역시 미추홀구 주안동 0 포레나 미추홀 | 전화번호: 1522-3232
1655,인천관교DT,인천,37.4418005811163,126.6930841977393,주소: 인천광역시 미추홀구 관교동 394-20 | 전화번호: 1522-3232
1656,제물포역DT,인천,37.466522,126.654075,주소: 인천광역시 미추홀구 숭의동 78-2 | 전화번호: 1522-3232
1657,인천주안DT,인천,37.4513564,126.6858992,"주소: 인천광역시 미추홀구 주안동 1506-25, 1506-26 | 전화번호: 1522-3232"
1658,인천도화DT,인천,37.47054651819746,126.66701162526886,주소: 인천광역시 미추홀구 도화동 116-2 | 전화번호: 1522-3232
1659,인하대역,인천,37.44768876601584,126.64938447335034,주소: 인천광역시 미추홀구 용현동 665-15 | 전화번호: 1522-3232
1660,SSG랜더스필드2F,인천,37.436624,126.692362,주소: 인천광역시 미추홀구 문학동 482 문학경기장 | 전화번호: 1522-3232
1661,SSG랜더스필드1F,인천,37.43703514338438,126.69256976085872,주소: 인천광역시 미추홀구 문학동 482 문학경기장 | 전화번호: 1522-3232
1662,인천앨리웨이,인천,37.469221970716426,126.6645983862292,주소: 인천광역시 미추홀구 도화동 1011 더샵 인천스카이타워 1단지 110동 1-21호 | 전화번호: 1522-3232
1663,인천용일사거리DT,인천,37.4536849988819,126.668272868558,주소: 인천광역시 미추홀구 주안동 684-3번지 외 3필지 | 전화번호: 1522-3232
1664,송림트레이더스,인천,37.48302527840734,126.65983607738293,주소: 인천광역시 동구 송림동 296-2번지 이마트 트레이더스송림점1층 | 전화번호: 1522-3232
1665,인천갈산DT,인천,37.5189106,126.7321159,"주소: 인천광역시 부평구 갈산동 32-2, 34-1 | 전화번호: 1522-3232"
1666,인천삼산,인천,37.50721456288332,126.734349785017,주소: 인천광역시 부평구 삼산동 464-5 | 전화번호: 1522-3232
1667,부평사거리,인천,37.49387825373955,126.72196952982993,주소: 인천광역시 부평구 부평동 546-1번지 1~2층 | 전화번호: 1522-3232
1668,부평시장역,인천,37.496997746715515,126.72282871762134,주소: 인천광역시 부평구 부평동 203-14번지 현대해상화재보험 1층 | 전화번호: 1522-3232
1669,부평,인천,37.491618187410445,126.7245136509578,주소: 인천광역시 부평구 부평동 159-25 | 전화번호: 1522-3232
1670,부평역,인천,37.49159012140407,126.72214762627304,주소: 인천광역시 부평구 부평동 549-78 1-4층 | 전화번호: 1522-3232
1671,부평청천,인천,37.51382044865405,126.70374705250066,주소: 인천광역시 부평구 청천동 188-1 | 전화번호: 1522-3232
1672,인천테크노밸리,인천,37.515026315437844,126.72648343865612,"주소: 인천광역시 부평구 갈산동 94 인천테크노밸리 U1 센터 A동 139, 142, 143, 144, 145호 | 전화번호: 1522-3232"
1673,인천성모병원,인천,37.48528945224756,126.72583716283944,주소: 인천광역시 부평구 부평동 665-8 가톨릭대학교인천성모병원 뇌병원 지상 1층 | 전화번호: 1522-3232
1674,인천경원대로DT,인천,37.48016802812922,126.69842767662239,주소: 인천광역시 부평구 십정동 162-18 | 전화번호: 1522-3232
1675,인천스퀘어원,인천,37.40590327607463,126.68250913502574,주소: 인천광역시 연수구 동춘동 926 스퀘어원 | 전화번호: 1522-3232
1676,인천동춘DT,인천,37.41243,126.664447,주소: 인천광역시 연수구 동춘동 224-5 | 전화번호: 1522-3232
1677,인천송도,인천,37.39653592791589,126.65165569986094,주소: 인천광역시 연수구 송도동 2-3 송도이안 | 전화번호: 1522-3232
1678,송도트리플R,인천,37.38058951045192,126.65916738736573,"주소: 인천광역시 연수구 송도동 170-1 송도 트리플스트리트 105B, 206B | 전화번호: 1522-3232"
1679,인천송도DT,인천,37.384821,126.644284,주소: 인천광역시 연수구 송도동 8-17 레인보우빌딩 | 전화번호: 1522-3232
1680,인천연수,인천,37.415072,126.677781,주소: 인천광역시 연수구 연수동 596-7 | 전화번호: 1522-3232
1681,송도캠퍼스타운역,인천,37.38742756192408,126.66364758106691,"주소: 인천광역시 연수구 송도동 149 롯데캠퍼스타운 A-101,102,103,121,122 | 전화번호: 1522-3232"
1682,송도커넬워크,인천,37.39890248614758,126.63640390431155,"주소: 인천광역시 연수구 송도동 19-1 201-101호, 201-201호(1~2층) | 전화번호: 1522-3232"
1683,송도센트럴파크,인천,37.394656280123954,126.6415147616451,주소: 인천광역시 연수구 송도동 23-4번지 | 전화번호: 1522-3232
1684,연수이마트,인천,37.404386,126.681528,주소: 인천광역시 연수구 동춘동 926-9 | 전화번호: 1522-3232
1685,삼성바이오로직스,인천,37.36612045217844,126.65885184987074,주소: 인천광역시 연수구 송도동 201-2 삼성바이오로직스 | 전화번호: 1522-3232
1686,쉐라톤그랜드인천,인천,37.3902050159621,126.645501281493,주소: 인천광역시 연수구 송도동 6-9 쉐라톤인천호텔 1층 | 전화번호: 1522-3232
1687,송도호반써밋,인천,37.41542651499194,126.62397167743491,주소: 인천광역시 연수구 송도동 312-4 호반써밋 송도 123~127호 | 전화번호: 1522-3232
1688,인천옥련DT,인천,37.4213053772688,126.64516866057,주소: 인천광역시 연수구 옥련동 468-8 | 전화번호: 1522-3232
1689,송도캐슬파크,인천,37.38454814870652,126.64119873759479,주소: 인천광역시 연수구 송도동 8-37 롯데몰 송도 캐슬파크 101~105호 | 전화번호: 1522-3232
1690,송도첨단대로,인천,37.37044770528137,126.65039905049979,주소: 인천광역시 연수구 송도동 205 에스파이브시티 | 전화번호: 1522-3232
1691,인천스퀘어원4F,인천,37.4061063,126.6837238,주소: 인천광역시 연수구 동춘동 926 스퀘어원 | 전화번호: 1522-3232
1692,송도현대아울렛,인천,37.38148955260817,126.65804831899602,주소: 인천광역시 연수구 송도동 168-1 현대프리미엄 아울렛 송도점 | 전화번호: 1522-3232
1693,송도학원가,인천,37.3971521809952,126.64829305085529,"주소: 인천광역시 연수구 송도동 21-16 101호, 102호, 103호 | 전화번호: 1522-3232"
1694,송도컨벤시아대로DT,인천,37.38290440551855,126.63697233435906,주소: 인천광역시 연수구 송도동 10-39 J.SQUARE C동 1~2층 | 전화번호: 1522-3232
1695,검단사거리역,인천,37.60261127389029,126.65719728990277,주소: 인천광역시 서구 마전동 910-1 | 전화번호: 1522-3232
1696,인천청라센트럴,인천,37.5343559,126.6492859,"주소: 인천광역시 서구 청라동 156-1 청라센트럴에일린의뜰 제판매5동 105호,106호,107호,108호 | 전화번호: 1522-3232"
1697,인천청라한신,인천,37.53209456117847,126.64705225119106,"주소: 인천광역시 서구 청라동 157-21 청라한신더휴커낼웨이 142호, 143호, 144호 | 전화번호: 1522-3232"
1698,인천당하DT,인천,37.593418,126.675556,주소: 인천광역시 서구 당하동 1092-7 | 전화번호: 1522-3232
1699,인천청라타워돔,인천,37.53405866213065,126.65234362661089,주소: 인천광역시 서구 연희동 798-3 113~120호 | 전화번호: 1522-3232
1700,인천서구청DT,인천,37.5424157,126.67636,"주소: 인천광역시 서구 심곡동 248-5,248-6 | 전화번호: 1522-3232"
1701,인천청라,인천,37.531943351323925,126.65226859253639,주소: 인천광역시 서구 청라동 163-3 홍익파크 | 전화번호: 1522-3232
1702,인천검단DT,인천,37.61685,126.6887,주소: 인천광역시 서구 불로동 315-1 | 전화번호: 1522-3232
1703,검단이마트,인천,37.585361199646115,126.67692541800861,주소: 인천광역시 서구 당하동 1065-1 당하 이마트 | 전화번호: 1522-3232
1704,신검단중앙역,인천,37.6032158787099,126.69882345941045,주소: 인천광역시 서구 불로동 1006-13 메트로시티2차 | 전화번호: 1522-3232
1705,아라동사거리,인천,37.59405090582136,126.71716425801118,주소: 인천광역시 서구 원당동 1035-5 검단 눈담봄 101 | 전화번호: 1522-3232
1706,루원시티,인천,37.522948162,126.669983101,주소: 인천광역시 서구 가정동 476-25 루원시티1차SK리더스뷰오피스텔 | 전화번호: 1522-3232
1707,인천공촌DT,인천,37.55169811908912,126.68535179599749,주소: 인천광역시 서구 공촌동 308-4 | 전화번호: 1522-3232
1708,루원앨리스빌,인천,37.52137201020812,126.67753806787076,주소: 인천광역시 서구 가정동 582 루원 린스트라우스 더 린시티 | 전화번호: 1522-3232
1709,에이펙스청라,인천,37.532505,126.640113,주소: 인천광역시 서구 청라동 152-22 | 전화번호: 1522-3232
1710,인천청라DT,인천,37.54141304924765,126.64703095906634,주소: 인천광역시 서구 청라동 9-93 청라 스포월드 다동 | 전화번호: 1522-3232
1711,검단신도시,인천,37.592609989731145,126.712776416439,주소: 인천광역시 서구 원당동 1041-4 메트로시티 | 전화번호: 1522-3232
1712,부평삼거리역DT,인천,37.4766272846985,126.71021365261957,주소: 인천광역시 남동구 간석동 772 | 전화번호: 1522-3232
1713,인천구월아시아드,인천,37.442715,126.708511,주소: 인천광역시 남동구 구월동 1532-1 | 전화번호: 1522-3232
1714,인천터미널사거리,인천,37.44524421514802,126.70080261743777,주소: 인천광역시 남동구 구월동 1464 | 전화번호: 1522-3232
1715,인천서창,인천,37.4238536237635,126.75002607928013,주소: 인천광역시 남동구 서창동 707-2 노블시티프라자 | 전화번호: 1522-3232
1716,인천간석DT,인천,37.469719,126.690745,주소: 인천광역시 남동구 간석동 617-6 | 전화번호: 1522-3232
1717,인천예술회관역,인천,37.449472,126.701438,주소: 인천광역시 남동구 구월동 1124 흥국생명 인천사옥 | 전화번호: 1522-3232
1718,구월길병원,인천,37.45167435,126.7074902,주소: 인천광역시 남동구 구월동 1144-1 가천대길병원 인공지능병원 | 전화번호: 1522-3232
1719,인천구월,인천,37.44645476107155,126.70117355019588,"주소: 인천광역시 남동구 구월동 1456 이토타워 101,102,111,201,209호 일부,210호 일부 | 전화번호: 1522-3232"
1720,인천논현,인천,37.399492,126.725044,"주소: 인천광역시 남동구 논현동 649-4번지 111,112, 206, 207호 | 전화번호: 1522-3232"
1721,인천만수향촌,인천,37.46157594384635,126.73316625405685,주소: 인천광역시 남동구 만수동 1118-2 | 전화번호: 1522-3232
1722,인천구월삼성생명,인천,37.450185128392484,126.70483167272421,주소: 인천광역시 남동구 구월동 1146-10 삼성생명 구월동빌딩 1층 | 전화번호: 1522-3232
1723,인천구월중앙,인천,37.45587,126.71496,"주소: 인천광역시 남동구 구월동 25 동호프라자 101호,102호,103호,301호 | 전화번호: 1522-3232"
1724,구월트레이더스,인천,37.439258992560575,126.70699612548137,주소: 인천광역시 남동구 구월동 1549 | 전화번호: 1522-3232
1725,인천논현역4번출구,인천,37.40176351254593,126.72395633976622,주소: 인천광역시 남동구 논현동 631-10 메트로타워 | 전화번호: 1522-3232
1726,인천구월로데오,인천,37.44353890106834,126.70163433853509,"주소: 인천광역시 남동구 구월동 1469-1 푸른세상안과 1층 102호, 103호 | 전화번호: 1522-3232"
1727,간석중앙공원DT,인천,37.463301,126.700723,주소: 인천광역시 남동구 간석동 380-4 | 전화번호: 1522-3232
1728,영종하늘도시,인천,37.48964311698442,126.5614096679929,주소: 인천광역시 중구 중산동 1883-12 세영프라자 | 전화번호: 1522-3232
1729,영종도운서역,인천,37.493991,126.492667,주소: 인천광역시 중구 운서동 2804-3 | 전화번호: 1522-3232
1730,인천공항T1에어3F,인천,37.44935850952322,126.44977698985042,주소: 인천광역시 중구 운서동 2840 인천국제공항여객터미널(인천공항세관) | 전화번호: 1522-3232
1731,인스파이어리조트,인천,37.46554466907955,126.38962204777957,주소: 인천광역시 중구 운서동 2955-74 1층 | 전화번호: 1522-3232
1732,인하대병원,인천,37.4586182568252,126.633927687719,주소: 인천광역시 중구 신흥동3가 7-206 인하대학병원 | 전화번호: 1522-3232
1733,인천공항T2에어,인천,37.46586128108467,126.43282206633417,주소: 인천광역시 중구 운서동 2868 제2합동청사 | 전화번호: 1522-3232
1734,인천공항T2랜드B1,인천,37.46950023649197,126.43306587403337,주소: 인천광역시 중구 운서동 2868 제2합동청사 | 전화번호: 1522-3232
1735,인천공항T1랜드B1,인천,37.44889016883941,126.45126934362807,주소: 인천광역시 중구 운서동 2840 인천공항 | 전화번호: 1522-3232
1736,인천공항T2랜드1F,인천,37.4691541,126.4343565,주소: 인천광역시 중구 운서동 2868 제2합동청사 | 전화번호: 1522-3232
1737,신포동신한은행,인천,37.471376067551,126.625363412254,주소: 인천광역시 중구 신포동 27 | 전화번호: 1522-3232
1738,인천공항T1에어4F,인천,37.450036743316204,126.45079478968303,주소: 인천광역시 중구 운서동 2840 인천공항1터미널 에어4층 | 전화번호: 1522-3232
1739,동해DT,강원,37.520193,129.114767,주소: 강원특별자치도 동해시 천곡동 1020 스타벅스 | 전화번호: 1522-3232
1740,동해IC DT,강원,37.528895841855224,129.10441229512531,주소: 강원특별자치도 동해시 평릉동 163-3 | 전화번호: 1522-3232
1741,설악쏘라노,강원,38.210390003372545,128.52874855454147,"주소: 강원특별자치도 속초시 장사동 24-1,한화콘도미디엄 제이동 제이-1층호 | 전화번호: 1522-3232"
1742,속초DT,강원,38.1898709,128.58441240000002,주소: 강원특별자치도 속초시 조양동 1002-39 | 전화번호: 1522-3232
1743,영랑호리조트,강원,38.2133466803096,128.577448643264,주소: 강원특별자치도 속초시 금호동 610-20 | 전화번호: 1522-3232
1744,속초교동DT,강원,38.196700501322624,128.5721698073452,주소: 강원특별자치도 속초시 교동 883-1 스타벅스 | 전화번호: 1522-3232
1745,속초금호DT,강원,38.2090544007249,128.580487255221,주소: 강원특별자치도 속초시 금호동 621-4 스타벅스 | 전화번호: 1522-3232
1746,춘천구봉산R,강원,37.88844243,127.77597865,주소: 강원특별자치도 춘천시 동면 만천리 340-61 | 전화번호: 1522-3232
1747,춘천후평DT,강원,37.879435,127.750579,주소: 강원특별자치도 춘천시 후평동 700 | 전화번호: 1522-3232
1748,춘천석사DT,강원,37.856608,127.739326,주소: 강원특별자치도 춘천시 석사동 799-4 | 전화번호: 1522-3232
1749,춘천명동,강원,37.87999215,127.7275212,주소: 강원특별자치도 춘천시 중앙로2가 5-1 | 전화번호: 1522-3232
1750,춘천이마트,강원,37.863694604,127.718745309,주소: 강원특별자치도 춘천시 온의동 511 이마트 | 전화번호: 1522-3232
1751,강원대,강원,37.872749,127.745062,주소: 강원특별자치도 춘천시 효자동 632-3 | 전화번호: 1522-3232
1752,춘천퇴계DT,강원,37.855291,127.726209,주소: 강원특별자치도 춘천시 퇴계동 532-12 | 전화번호: 1522-3232
1753,더춘천의암호R,강원,37.86354518864174,127.69141610366313,"주소: 강원특별자치도 춘천시 삼천동 337,337-13,338-1,338-5,339,340 | 전화번호: 1522-3232"
1754,춘천후석로DT,강원,37.8732660196784,127.752245047411,주소: 강원특별자치도 춘천시 후평동 24-1 | 전화번호: 1522-3232
1755,춘천온의,강원,37.867636,127.720852,주소: 강원특별자치도 춘천시 온의동 589-2 | 전화번호: 1522-3232
1756,평창DT,강원,37.66816857463086,128.71079642907065,주소: 강원특별자치도 평창군 대관령면 횡계리 262-21 | 전화번호: 1522-3232
1757,비발디파크,강원,37.645094,127.682234,주소: 강원특별자치도 홍천군 서면 팔봉리 1290-2 대명비발디파크 | 전화번호: 1522-3232
1758,홍천DT,강원,37.68858744613094,127.87769519212331,주소: 강원특별자치도 홍천군 홍천읍 희망리 398-2 | 전화번호: 1522-3232
1759,강릉송정DT,강원,37.77190055295434,128.9228904227718,주소: 강원특별자치도 강릉시 송정동 545-2 | 전화번호: 1522-3232
1760,강릉강문해변,강원,37.794797597720084,128.91860536492365,주소: 강원특별자치도 강릉시 강문동 182-2 | 전화번호: 1522-3232
1761,강릉교동광장,강원,37.76441884354391,128.87710509830623,주소: 강원특별자치도 강릉시 교동 1882-1 | 전화번호: 1522-3232
1762,강릉안목해변,강원,37.771379239005846,128.9488565482772,주소: 강원특별자치도 강릉시 견소동 158 | 전화번호: 1522-3232
1763,강릉역,강원,37.76384493698083,128.90012025781874,주소: 강원특별자치도 강릉시 교동 129-12 | 전화번호: 1522-3232
1764,강릉IC DT,강원,37.7467461225278,128.872311808285,주소: 강원특별자치도 강릉시 홍제동 483-1 | 전화번호: 1522-3232
1765,강릉아산병원,강원,37.818391944714605,128.85726730086597,주소: 강원특별자치도 강릉시 사천면 방동리 415 강릉아산병원 | 전화번호: 1522-3232
1766,강릉율곡DT,강원,37.7698839,128.8922189,"주소: 강원특별자치도 강릉시 교동 714-1, 315-1, 714-29,714-26 | 전화번호: 1522-3232"
1767,강릉중앙,강원,37.754962014860084,128.89624520678032,주소: 강원특별자치도 강릉시 임당동 86 | 전화번호: 1522-3232
1768,강릉주문진,강원,37.88128994136198,128.83215709831376,주소: 강원특별자치도 강릉시 주문진읍 교항리 81-18 | 전화번호: 1522-3232
1769,소노델피노,강원도,38.21196477440661,128.4944296616934,주소: 강원특별자치도 고성군 토성면 원암리 403-1 델피노골프&리조트 | 전화번호: 1522-3232
1770,원주반곡DT,강원도,37.3197694936956,127.97170902919632,"주소: 강원특별자치도 원주시 반곡동 1141,1142,1142-2,1144-2,1150-4 | 전화번호: 1522-3232"
1771,원주명륜DT,강원도,37.33600703516029,127.94988352886877,주소: 강원특별자치도 원주시 명륜동 290-1 | 전화번호: 1522-3232
1772,원주무실,강원도,37.33301852014017,127.93025495840719,주소: 강원특별자치도 원주시 무실동 1852-1 | 전화번호: 1522-3232
1773,원주혁신도시,강원도,37.32326584841133,127.98093194579467,주소: 강원특별자치도 원주시 반곡동 1886-3 | 전화번호: 1522-3232
1774,원주터미널,강원도,37.343983534867284,127.93113221137054,주소: 강원특별자치도 원주시 단계동 882-2 스타벅스 | 전화번호: 1522-3232
1775,원주시청,강원도,37.34071815361696,127.92385561676811,주소: 강원특별자치도 원주시 무실동 1724-6 | 전화번호: 1522-3232
1776,오크밸리,강원도,37.43417495876176,127.81854393102705,주소: 강원특별자치도 원주시 지정면 월송리 1061-16 빌리지센터 | 전화번호: 1522-3232
1777,원주문막IC DT,강원도,37.3250061306683,127.841718095439,주소: 강원특별자치도 원주시 문막읍 동화리 523 | 전화번호: 1522-3232
1778,원주IC DT,강원도,37.3796535787322,127.94888360686,"주소: 강원특별자치도 원주시 태장동 1286-1,1286-18,1286-19,1286-22 | 전화번호: 1522-3232"
1779,원주단구DT,강원도,37.328515,127.953443,주소: 강원특별자치도 원주시 단구동 1460-14 | 전화번호: 1522-3232
1780,월송리CC,강원도,37.413907787106,127.822367179311,주소: 강원특별자치도 원주시 지정면 월송리 995-16 퍼블릭클럽하우스 | 전화번호: 1522-3232
1781,원주기업도시DT,강원도,37.3714478035235,127.871560132075,주소: 강원특별자치도 원주시 지정면 가곡리 1359-7 | 전화번호: 1522-3232
1782,원주봉화산DT,강원도,37.3530655992955,127.92221801574,주소: 강원특별자치도 원주시 단계동 614-1 | 전화번호: 1522-3232
1783,김해구산DT,경남,35.255314991,128.866384281,"주소: 경상남도 김해시 구산동 833-4, 835-1, 835-2, 836 일부, 836-1 일부, 841-7, 83-4 일부 | 전화번호: 1522-3232"
1784,김해진영DT,경남,35.3060040933565,128.731753216114,주소: 경상남도 김해시 진영읍 진영리 81-3 | 전화번호: 1522-3232
1785,신세계김해,경남,35.22848288,128.873045617,주소: 경상남도 김해시 외동 1264 신세계백화점 1층 | 전화번호: 1522-3232
1786,김해이마트,경남,35.229997434,128.872135886,주소: 경상남도 김해시 외동 1264 김해 이마트 1층 | 전화번호: 1522-3232
1787,김해대로DT,경남,35.227992,128.896545,주소: 경상남도 김해시 삼정동 616-5 | 전화번호: 1522-3232
1788,김해외동DT,경남,35.22962555422071,128.86294818906367,주소: 경상남도 김해시 외동 238-19  1~2층 | 전화번호: 1522-3232
1789,김해율하,경남,35.176597,128.812782,주소: 경상남도 김해시 관동동 1095-9 1층 | 전화번호: 1522-3232
1790,김해삼계,경남,35.261527,128.871614,주소: 경상남도 김해시 삼계동 1479-7번지 | 전화번호: 1522-3232
1791,김해내동,경남,35.2371519,128.86752079999997,주소: 경상남도 김해시 내동 1140-4번지 | 전화번호: 1522-3232
1792,서김해IC DT,경남,35.2038771973106,128.837970580838,"주소: 경상남도 김해시 명법동 202-2,203-1 | 전화번호: 1522-3232"
1793,김해주촌DT,경남,35.23513407443546,128.84338277636144,주소: 경상남도 김해시 주촌면 선지리 599 | 전화번호: 1522-3232
1794,김해가야로DT,경남,35.2409026,128.8843414,주소: 경상남도 김해시 동상동 1121-4 | 전화번호: 1522-3232
1795,장유대청,경남,35.1904824838804,128.801458773585,주소: 경상남도 김해시 대청동 303-3 | 전화번호: 1522-3232
1796,장유율하,경남,35.17158031793282,128.82264103029556,주소: 경상남도 김해시 장유동 839-2 1층 105호 | 전화번호: 1522-3232
1797,진영신도시,경남,35.3074088,128.7352952,주소: 경상남도 김해시 진영읍 진영리 1629-7 | 전화번호: 1522-3232
1798,김해율하신도시,경남,35.170945,128.813901,주소: 경상남도 김해시 율하동 1348-4 | 전화번호: 1522-3232
1799,김해금관대로DT,경남,35.23984059831166,128.86103985434852,주소: 경상남도 김해시 내동 171-8 | 전화번호: 1522-3232
1800,밀양DT,경남,35.4853274,128.7512487,주소: 경상남도 밀양시 삼문동 532-3 | 전화번호: 1522-3232
1801,경남사천DT,경남,35.080980061,128.083555012,"주소: 경상남도 사천시 사천읍 수석리 320-17, 320-21, 320-22, 320-23 | 전화번호: 1522-3232"
1802,사천벌리,경남,34.9411367,128.0863809,주소: 경상남도 사천시 벌리동 256-14 | 전화번호: 1522-3232
1803,진주평거,경남,35.172324,128.060063,주소: 경상남도 진주시 평거동 900 BYC빌딩1층 | 전화번호: 1522-3232
1804,진주칠암DT,경남,35.1749073,128.0929658,주소: 경상남도 진주시 주약동 109-3외 9필지 | 전화번호: 1522-3232
1805,진주중안,경남,35.1929303,128.0830383,주소: 경상남도 진주시 중안동 12-7 | 전화번호: 1522-3232
1806,진주신안,경남,35.1843723,128.06821,주소: 경상남도 진주시 신안동 350-1번지 | 전화번호: 1522-3232
1807,진주경상대,경남,35.15241245,128.1057139,주소: 경상남도 진주시 가좌동 492-5 번지 | 전화번호: 1522-3232
1808,진주초전DT,경남,35.197388,128.116032,"주소: 경상남도 진주시 초전동 1071, 1072-10, 1072-11 | 전화번호: 1522-3232"
1809,진주혁신도시,경남,35.180806,128.143995,"주소: 경상남도 진주시 충무공동 225-1 드림어반스퀘어 116,117호,217호 | 전화번호: 1522-3232"
1810,경상대칠암캠퍼스,경남,35.17852605,128.09362329,주소: 경상남도 진주시 칠암동 490-1 | 전화번호: 1522-3232
1811,마산회원DT,경남,35.2206567,128.5744344,주소: 경상남도 창원시 마산회원구 회원동 43-5 | 전화번호: 1522-3232
1812,창원상남로,경남,35.22125492182339,128.68112777591222,주소: 경상남도 창원시 성산구 상남동 26-4 | 전화번호: 1522-3232
1813,마산역DT,경남,35.2362004,128.5805449,주소: 경상남도 창원시 마산회원구 석전동 223-4 | 전화번호: 1522-3232
1814,마산해안대로DT,경남,35.204510322,128.580955938,주소: 경상남도 창원시 마산합포구 오동동 317 | 전화번호: 1522-3232
1815,진해자은DT,경남,35.143793,128.706881,주소: 경상남도 창원시 진해구 자은동 793-2 | 전화번호: 1522-3232
1816,창원역DT,경남,35.257123763205655,128.60783874514348,주소: 경상남도 창원시 의창구 팔용동 157-2 | 전화번호: 1522-3232
1817,창원호계DT,경남,35.261507,128.523036,주소: 경상남도 창원시 마산회원구 내서읍 호계리 177-2 | 전화번호: 1522-3232
1818,창원마창대교,경남,35.170623,128.597273,주소: 경상남도 창원시 성산구 귀곡동 717 | 전화번호: 1522-3232
1819,삼성창원병원,경남,35.24256504,128.59246006,주소: 경상남도 창원시 마산회원구 합성동 50 삼성창원병원 | 전화번호: 1522-3232
1820,진해용원,경남,35.101122,128.809896,주소: 경상남도 창원시 진해구 용원동 1211-11 형제빌딩 | 전화번호: 1522-3232
1821,창원리베라,경남,35.22331963084193,128.68025057060433,주소: 경상남도 창원시 성산구 상남동 78-4 리베라컨밴션 | 전화번호: 1522-3232
1822,창원상남중앙,경남,35.22267448372802,128.68435847588333,주소: 경상남도 창원시 성산구 상남동 14-5 유탑빌딩 | 전화번호: 1522-3232
1823,창원상남동,경남,35.224557340244004,128.6839223863128,주소: 경상남도 창원시 성산구 상남동 6-1 | 전화번호: 1522-3232
1824,신세계마산,경남,35.21936342,128.58675435,주소: 경상남도 창원시 마산합포구 산호동 10-3 신세계백화점 내 지하1층 | 전화번호: 1522-3232
1825,창원시티세븐,경남,35.240130826356626,128.65350295941158,"주소: 경상남도 창원시 성산구 대원동 122, 더시티세븐 상업시설동 1층 E-121호 | 전화번호: 1522-3232"
1826,경남대,경남,35.178461,128.5586,주소: 경상남도 창원시 마산합포구 해운동 17-7번지 | 전화번호: 1522-3232
1827,창원용지호수,경남,35.22992717162413,128.68191903342716,주소: 경상남도 창원시 성산구 용호동 73-30 | 전화번호: 1522-3232
1828,마산월남동DT,경남,35.18582228792928,128.5612262376559,"주소: 경상남도 창원시 마산합포구 월남동2가 9-2, 10-1, 10-2, 10-5 | 전화번호: 1522-3232"
1829,마산봉암로DT,경남,35.218819535,128.59931839,주소: 경상남도 창원시 마산회원구 봉암동 471-6 | 전화번호: 1522-3232
1830,진해경화역DT,경남,35.159250543,128.691820647,주소: 경상남도 창원시 진해구 경화동 812-8 | 전화번호: 1522-3232
1831,창원이마트,경남,35.226711,128.680207,주소: 경상남도 창원시 성산구 중앙동 91 창원이마트 | 전화번호: 1522-3232
1832,창원반림,경남,35.23604777804381,128.6717420588344,주소: 경상남도 창원시 성산구 반림동 21 화성메디칼빌딩 | 전화번호: 1522-3232
1833,창원유니시티,경남,35.256514629242055,128.6252662307701,주소: 경상남도 창원시 의창구 중동 784-1 | 전화번호: 1522-3232
1834,창원NC파크R,경남,35.22342934,128.58269298,"주소: 경상남도 창원시 마산회원구 양덕동 477 마산종합운동장, 창원NC파크 | 전화번호: 1522-3232"
1835,창원중앙역,경남,35.238753,128.701406,주소: 경상남도 창원시 의창구 사림동 165-12 | 전화번호: 1522-3232
1836,진해부산신항,경남,35.08841817,128.81473883,"주소: 경상남도 창원시 진해구 용원동 1342 오렌지타운, 112호 | 전화번호: 1522-3232"
1837,창원경상대병원,경남,35.19889879953514,128.70698434933144,주소: 경상남도 창원시 성산구 성주동 146-1 창원경상대학교병원 | 전화번호: 1522-3232
1838,창원대로DT,경남,35.2095615963132,128.683681913031,주소: 경상남도 창원시 성산구 가음정동 391-1 스타벅스 | 전화번호: 1522-3232
1839,창원사파,경남,35.22312859619139,128.7007017411131,"주소: 경상남도 창원시 성산구 사파동 84-1 가야빌딩 1,2층 | 전화번호: 1522-3232"
1840,창원파티마병원,경남,35.23679725,128.64583124,주소: 경상남도 창원시 의창구 명서동 212 창원파티마병원 | 전화번호: 1522-3232
1841,창원내서,경남,35.2490312214725,128.510681026083,주소: 경상남도 창원시 마산회원구 내서읍 중리 1043-1 | 전화번호: 1522-3232
1842,창원대방,경남,35.209242593324696,128.7066600750564,"주소: 경상남도 창원시 성산구 대방동 361-1 TOP메디컬빌딩, 1층 104호 | 전화번호: 1522-3232"
1843,마산진동DT,경남,35.114308,128.482418,주소: 경상남도 창원시 마산합포구 진동면 진동리 878-2 신라해장국 | 전화번호: 1522-3232
1844,통영이마트,경남,34.886597495,128.417895263,주소: 경상남도 통영시 광도면 죽림리 1566-2 이마트통영점 | 전화번호: 1522-3232
1845,통영죽림,경남,34.882242,128.422815,주소: 경상남도 통영시 광도면 죽림리 1572-71 | 전화번호: 1522-3232
1846,통영북신DT,경남,34.8547537944604,128.428162068745,주소: 경상남도 통영시 북신동 663-8 | 전화번호: 1522-3232
1847,거제대로DT,경남,34.894667,128.641559,주소: 경상남도 거제시 수월동 1043-203 | 전화번호: 1522-3232
1848,거제고현,경남,34.8907709,128.6221848,주소: 경상남도 거제시 고현동 977-4 | 전화번호: 1522-3232
1849,소노캄거제,경남,34.84384342,128.702360332,주소: 경상남도 거제시 일운면 소동리 115 대명리조트거제휴양콘도미니엄 1층 | 전화번호: 1522-3232
1850,거제사등,경남,34.895546,128.500066,주소: 경상남도 거제시 사등면 청곡리 700-7 | 전화번호: 1522-3232
1851,거제상동DT,경남,34.868574,128.637515,"주소: 경상남도 거제시 상동동 166-3, 184-1 | 전화번호: 1522-3232"
1852,거제옥포DT,경남,34.88898292568363,128.69150509599194,"주소: 경상남도 거제시 옥포동 550-14,15 | 전화번호: 1522-3232"
1853,거제장평,경남,34.892974,128.608744,주소: 경상남도 거제시 장평동 337-1 | 전화번호: 1522-3232
1854,남양산IC DT,경남,35.319987,129.030485,주소: 경상남도 양산시 동면 석산리 966 | 전화번호: 1522-3232
1855,양산증산역,경남,35.30898019301058,129.00945734552784,주소: 경상남도 양산시 물금읍 가촌리 1292 | 전화번호: 1522-3232
1856,양산가촌,경남,35.3171469065169,129.001498744995,주소: 경상남도 양산시 물금읍 가촌리 1270-10 | 전화번호: 1522-3232
1857,양산덕계DT,경남,35.3761068854677,129.15552304160047,주소: 경상남도 양산시 덕계동 323-2외1필지 | 전화번호: 1522-3232
1858,양산터미널,경남,35.3353404,129.02685,주소: 경상남도 양산시 중부동 710-1 양산시외버스터미널 | 전화번호: 1522-3232
1859,양산범어,경남,35.3287435162243,129.014307074921,주소: 경상남도 양산시 물금읍 범어리 2711-4 | 전화번호: 1522-3232
1860,양산이마트,경남,35.33706607072501,129.02690161220042,주소: 경상남도 양산시 중부동 705 양산이마트 1층 | 전화번호: 1522-3232
1861,양산물금DT,경남,35.3075354379422,128.986400471101,주소: 경상남도 양산시 물금읍 물금리 872-7 | 전화번호: 1522-3232
1862,양산통도사,경남,35.4722969553954,129.079009870903,주소: 경상남도 양산시 하북면 삼수리 114-2 | 전화번호: 1522-3232
1863,양산부산대학교병원,경남,35.32806420490634,129.0063449567268,주소: 경상남도 양산시 물금읍 범어리 2762-1 양산부산대학교병원 | 전화번호: 1522-3232
1864,양산신기DT,경남,35.355007631985565,129.03816275068954,주소: 경상남도 양산시 신기동 646-14 무봉리순대 | 전화번호: 1522-3232
1865,경산중방DT,경북,35.8274054981779,128.736778052841,주소: 경상북도 경산시 중방동 847-6 | 전화번호: 1522-3232
1866,영남대아트센터,경북,35.831888263213514,128.7533367954745,주소: 경상북도 경산시 대동 214-1 천마아트센터 대공연장 | 전화번호: 1522-3232
1867,영남대중앙도서관,경북,35.83332843318061,128.7579194015425,주소: 경상북도 경산시 조영동 321 영남대학교 | 전화번호: 1522-3232
1868,영남대,경북,35.836954114839195,128.75307755825693,주소: 경상북도 경산시 대동 168-3 1~3층 | 전화번호: 1522-3232
1869,스타필드마켓경산,경북,35.8346240436798,128.720180945967,주소: 경상북도 경산시 중산동 623 경산이마트 | 전화번호: 1522-3232
1870,대구대학교,경북,35.8973698748974,128.84975826587,주소: 경상북도 경산시 진량읍 내리리 15 대구대학교경산캠퍼스 | 전화번호: 1522-3232
1871,경산임당역DT,경북,35.8337503248567,128.745658380784,주소: 경상북도 경산시 계양동 266 | 전화번호: 1522-3232
1872,경산중산,경북,35.83029669680521,128.71974238234182,주소: 경상북도 경산시 중산동 632 | 전화번호: 1522-3232
1873,경산신대부적,경북,35.84512191269418,128.76406493414285,주소: 경상북도 경산시 압량읍 부적리 200-3 | 전화번호: 1522-3232
1874,경산하양DT,경북,35.904849,128.823882,주소: 경상북도 경산시 진량읍 부기리 532-1 | 전화번호: 1522-3232
1875,경산사동DT,경북,35.8189231,128.7574142,"주소: 경상북도 경산시 사동 561,561-1,561-10 | 전화번호: 1522-3232"
1876,경산무학,경북,35.9172823645922,128.813156044847,주소: 경상북도 경산시 하양읍 서사리 340 | 전화번호: 1522-3232
1877,경주보문,경북,35.83653497682624,129.28505564177794,주소: 경상북도 경주시 천군동 205-65 | 전화번호: 1522-3232
1878,경주터미널DT,경북,35.838226,129.203324,"주소: 경상북도 경주시 사정동 488-7, 8 | 전화번호: 1522-3232"
1879,경주대릉원,경북,35.834026512273645,129.21513807542846,주소: 경상북도 경주시 황남동 140-2 | 전화번호: 1522-3232
1880,경주보문호수DT,경북,35.8532391,129.2686877,주소: 경상북도 경주시 북군동 57-40 1~3층 | 전화번호: 1522-3232
1881,경주보문로DT,경북,35.83874253765283,129.28588251199142,주소: 경상북도 경주시 천군동 1584-33번지 외 1번지(신평동 719-220) | 전화번호: 1522-3232
1882,경주용황,경북,35.884566127632404,129.23179170977912,"주소: 경상북도 경주시 용강동 1710, 1층 | 전화번호: 1522-3232"
1883,경주용강DT,경북,35.8677384570479,129.224454581086,주소: 경상북도 경주시 용강동 900-8 | 전화번호: 1522-3232
1884,경주충효DT,경북,35.844539906331164,129.17505373516124,"주소: 경상북도 경주시 충효동 541, 410번지 | 전화번호: 1522-3232"
1885,구미상모DT,경북,36.0823172,128.35638470000004,"주소: 경상북도 구미시 상모동 478-5 상모주유소, 478-6, 478-7 | 전화번호: 1522-3232"
1886,구미도량DT,경북,36.138474,128.316815,"주소: 경상북도 구미시 도량동 315, 315-5 | 전화번호: 1522-3232"
1887,구미옥계,경북,36.138285,128.419563,주소: 경상북도 구미시 옥계동 832-3 | 전화번호: 1522-3232
1888,구미시청DT,경북,36.1176314,128.34160680000002,주소: 경상북도 구미시 송정동 33-11 | 전화번호: 1522-3232
1889,구미금오산DT,경북,36.12245,128.323746,주소: 경상북도 구미시 남통동 414 - 4번지 | 전화번호: 1522-3232
1890,구미인동,경북,36.10782365568934,128.41849850237634,주소: 경상북도 구미시 황상동 305-49 노블레스 타워 1층 | 전화번호: 1522-3232
1891,구미공단,경북,36.10177277179551,128.3858543974459,주소: 경상북도 구미시 공단동 260-10번지 HALLA SIGMA VALLEY 106 | 전화번호: 1522-3232
1892,구미인의DT,경북,36.09563265468403,128.43098428852252,주소: 경상북도 구미시 인의동 1005-6 | 전화번호: 1522-3232
1893,삼성전자 구미2캠퍼스,경북,36.107137,128.4165377,주소: 경상북도 구미시 임수동 94-1 삼성전자 2공장 창의동 1층 | 전화번호: 1522-3232
1894,구미광평DT,경북,36.10374,128.36359,주소: 경상북도 구미시 광평동 792-137 | 전화번호: 1522-3232
1895,구미문성DT,경북,36.16098123075868,128.34300115230462,주소: 경상북도 구미시 고아읍 문성리 1121 | 전화번호: 1522-3232
1896,구미확장단지,경북,36.15580816173035,128.43000753630668,주소: 경상북도 구미시 산동읍 신당리 1404 | 전화번호: 1522-3232
1897,상주무양DT,경북,36.4261853415948,128.157202124448,주소: 경상북도 상주시 무양동 1-113 | 전화번호: 1522-3232
1898,영주가흥,경북,36.82291130042651,128.61023450678186,"주소: 경상북도 영주시 가흥동 396-2, 397-8, 397-18, 380-10 | 전화번호: 1522-3232"
1899,경북도청대로,경북,36.5747342643423,128.485495539219,주소: 경상북도 예천군 호명면 산합리 1493 | 전화번호: 1522-3232
1900,포항쌍용DT,경북,36.0155,129.352589,"주소: 경상북도 포항시 남구 상도동 601, 601-3, 601-12 | 전화번호: 1522-3232"
1901,포항오천,경북,35.9642032,129.4027158,주소: 경상북도 포항시 남구 오천읍 문덕리 176-5 | 전화번호: 1522-3232
1902,포항대이,경북,36.025372,129.339307,주소: 경상북도 포항시 남구 대잠동 458-5 | 전화번호: 1522-3232
1903,포항이마트,경북,35.9912207539553,129.398507950192,주소: 경상북도 포항시 남구 인덕동 161-176번지 이마트 포항점 1층 | 전화번호: 1522-3232
1904,포항시청,경북,36.01821259088287,129.3419824235155,주소: 경상북도 포항시 남구 대잠동 1005-1번지 | 전화번호: 1522-3232
1905,포항송도,경북,36.0356471,129.3794457,주소: 경상북도 포항시 남구 송도동 254-600 | 전화번호: 1522-3232
1906,포항IC DT,경북,36.0354586,129.3329279,"주소: 경상북도 포항시 남구 이동 535, 535-3 | 전화번호: 1522-3232"
1907,포항세명기독병원,경북,36.017709992582596,129.3619720590949,주소: 경상북도 포항시 남구 대도동 94-5 포항세명기독병원 | 전화번호: 1522-3232
1908,포항포스코DT,경북,35.9965777972114,129.387640994648,주소: 경상북도 포항시 남구 동촌동 701-83 | 전화번호: 1522-3232
1909,김천구미역,경북,36.116366,128.181653,"주소: 경상북도 김천시 율곡동 792, | 전화번호: 1522-3232"
1910,김천시청DT,경북,36.132607850006174,128.1176702232294,"주소: 경상북도 김천시 신음동 1000-3,5,11,12 | 전화번호: 1522-3232"
1911,김천부곡DT,경북,36.12816,128.1013,"주소: 경상북도 김천시 부곡동 415-1, 415-19 | 전화번호: 1522-3232"
1912,안동이마트,경북,36.558505,128.699308,주소: 경상북도 안동시 옥동 800-3 이마트 | 전화번호: 1522-3232
1913,안동병원,경북,36.547024,128.70064,주소: 경상북도 안동시 수상동 574-2 안동병원 1층 | 전화번호: 1522-3232
1914,안동시청,경북,36.566355034307776,128.73110978468966,주소: 경상북도 안동시 삼산동 51-4 | 전화번호: 1522-3232
1915,안동강변DT,경북,36.562290794300424,128.73981488137363,주소: 경상북도 안동시 법흥동 45-7 | 전화번호: 1522-3232
1916,안동법원DT,경북,36.55403062589347,128.73455933495939,"주소: 경상북도 안동시 정하동 312-2, 302-10 | 전화번호: 1522-3232"
1917,안동옥동,경북,36.5622894296505,128.701536314643,주소: 경상북도 안동시 옥동 791-1 | 전화번호: 1522-3232
1918,영천완산DT,경북,35.96705563819716,128.94909758867698,"주소: 경상북도 영천시 완산동 648-3,649,655-3,647-4,655-2,655-6 | 전화번호: 1522-3232"
1919,포항죽도DT,경북,36.018521,129.347918,주소: 경상북도 포항시 북구 죽도동 경상북도 포항시 북구 새천년대로 486 (죽도동) | 전화번호: 1522-3232
1920,포항장성DT,경북,36.074535,129.384214,주소: 경상북도 포항시 북구 장성동 1577-8 | 전화번호: 1522-3232
1921,포항양덕,경북,36.081632851239085,129.39813641435407,주소: 경상북도 포항시 북구 양덕동 1487 | 전화번호: 1522-3232
1922,포항중앙,경북,36.038713,129.364099,주소: 경상북도 포항시 북구 신흥동 696-1 1~3층 | 전화번호: 1522-3232
1923,포항영일대비치,경북,36.05506515861306,129.376774939738,주소: 경상북도 포항시 북구 항구동 17-97 | 전화번호: 1522-3232
1924,포항법원DT,경북,36.088258294558834,129.3850007048255,주소: 경상북도 포항시 북구 장성동 1491-5 | 전화번호: 1522-3232
1925,포항화진해수욕장,경북,36.2515524885638,129.373347731806,"주소: 경상북도 포항시 북구 송라면 지경리 405, 405-3 | 전화번호: 1522-3232"
1926,포항중앙로DT,경북,36.030707,129.366266,주소: 경상북도 포항시 북구 죽도동 49-3 | 전화번호: 1522-3232
1927,포항초곡DT,경북,36.09409700115376,129.34287319606017,"주소: 경상북도 포항시 북구 흥해읍 초곡리 9-10, 9-13, 성곡리 762-2 | 전화번호: 1522-3232"
1928,포항두호DT,경북,36.060950403438014,129.3702025520144,"주소: 경상북도 포항시 북구 창포동 629-4, 629-14, 629-5 | 전화번호: 1522-3232"
1929,전남광양DT,전남,34.9431962,127.69779243,주소: 전라남도 광양시 중동 1321-4 | 전화번호: 1522-3232
1930,광양LF,전남,34.96333774125529,127.56623343282804,"주소: 전라남도 광양시 광양읍 덕례리 1834 광양LF스퀘어, 1층 | 전화번호: 1522-3232"
1931,광양LF스퀘어3F,전남,34.9622776103799,127.56548433727285,주소: 전라남도 광양시 광양읍 덕례리 1834 광양LF스퀘어 3층 | 전화번호: 1522-3232
1932,광양마동DT,전남,34.94026920941869,127.7057147110068,주소: 전라남도 광양시 마동 421-2 | 전화번호: 1522-3232
1933,목포터미널DT,전남,34.8099730152699,126.41688876296378,주소: 전라남도 목포시 상동 135 | 전화번호: 1522-3232
1934,목포하당,전남,34.803958,126.419806,주소: 전라남도 목포시 상동 828-4 | 전화번호: 1522-3232
1935,목포북항DT,전남,34.8086337,126.37326580000001,"주소: 전라남도 목포시 산정동 1750-8, 1750-20, 1750-21 | 전화번호: 1522-3232"
1936,목포옥암,전남,34.807386,126.4272671,주소: 전라남도 목포시 옥암동 968-2 | 전화번호: 1522-3232
1937,목포평화광장,전남,34.796986,126.43495,주소: 전라남도 목포시 상동 1159-10번지 | 전화번호: 1522-3232
1938,목포이마트,전남,34.81108278193234,126.42468429850017,주소: 전라남도 목포시 옥암동 915-25 목포이마트 | 전화번호: 1522-3232
1939,목포용해DT,전남,34.82215733585917,126.39423138771117,주소: 전라남도 목포시 용해동 586-49 | 전화번호: 1522-3232
1940,목포해안로,전남,34.7800525731563,126.37456142456,주소: 전라남도 목포시 서산동 25 | 전화번호: 1522-3232
1941,목포남악,전남,34.812982489899824,126.46162043256929,주소: 전라남도 무안군 삼향읍 남악리 2128 | 전화번호: 1522-3232
1942,전남도청DT,전남,34.81038647322748,126.4606045268247,주소: 전라남도 무안군 삼향읍 남악리 2150 | 전화번호: 1522-3232
1943,무안오룡,전남,34.79585823398073,126.48294398403823,주소: 전라남도 무안군 일로읍 오룡리 428 웨스턴플라자 101 1층 | 전화번호: 1522-3232
1944,순천연향,전남,34.952252,127.518725,주소: 전라남도 순천시 연향동 1340 | 전화번호: 1522-3232
1945,순천신대,전남,34.933472016319136,127.55024227663804,주소: 전라남도 순천시 해룡면 신대리 1989-1 | 전화번호: 1522-3232
1946,순천호수공원,전남,34.968146,127.523261,"주소: 전라남도 순천시 왕지동 876-10 1,2층 | 전화번호: 1522-3232"
1947,순천조례,전남,34.97185561590517,127.52094916260964,주소: 전라남도 순천시 조례동 1731-1 번지 | 전화번호: 1522-3232
1948,순천용당DT,전남,34.9801606,127.485398,주소: 전라남도 순천시 가곡동 336-1 | 전화번호: 1522-3232
1949,순천팔마DT,전남,34.935170969412475,127.52166937147273,주소: 전라남도 순천시 연향동 133 | 전화번호: 1522-3232
1950,순천이마트,전남,34.94260473206412,127.50846840828694,주소: 전라남도 순천시 덕암동 169 (주)이마트 | 전화번호: 1522-3232
1951,순천왕지DT,전남,34.9581451308006,127.530532399829,"주소: 전라남도 순천시 조례동 357-8,357-33, 산 43-14 총 3필지 | 전화번호: 1522-3232"
1952,순천오천,전남,34.93713778929824,127.49539546780402,주소: 전라남도 순천시 풍덕동 1757-1 | 전화번호: 1522-3232
1953,여수해양공원,전남,34.738437,127.744285,주소: 전라남도 여수시 종화동 497 | 전화번호: 1522-3232
1954,여수학동DT,전남,34.76151,127.660968,"주소: 전라남도 여수시 학동 67-6, 18, 19 | 전화번호: 1522-3232"
1955,여수웅천,전남,34.746166,127.671046,"주소: 전라남도 여수시 웅천동 1696-3, 105,106,107,203호 | 전화번호: 1522-3232"
1956,여수둔덕DT,전남,34.768947,127.697469,주소: 전라남도 여수시 둔덕동 491-1 | 전화번호: 1522-3232
1957,여수여서,전남,34.752883,127.704195,주소: 전라남도 여수시 여서동 213-6 1~2층 | 전화번호: 1522-3232
1958,여수여천,전남,34.75984,127.667034,주소: 전라남도 여수시 학동 84-5 | 전화번호: 1522-3232
1959,더여수돌산DT,전남,34.727515,127.743784,주소: 전라남도 여수시 돌산읍 우두리 697-20 | 전화번호: 1522-3232
1960,여수죽림,전남,34.7616208,127.6337952,"주소: 전라남도 여수시 소라면 죽림리 1180-3, 1180-1 | 전화번호: 1522-3232"
1961,여수신월DT,전남,34.72469427,127.70887073,주소: 전라남도 여수시 신월동 105-2 | 전화번호: 1522-3232
1962,여수마리나,전남,34.74037053,127.67784699,주소: 전라남도 여수시 웅천동 1881-4 | 전화번호: 1522-3232
1963,전남화순DT,전남,35.0685265672376,126.988766609482,주소: 전라남도 화순군 화순읍 신기리 334-1 | 전화번호: 1522-3232
1964,전남나주,전남,35.022514,126.788058,"주소: 전라남도 나주시 빛가람동 196-5 103,103,105,106호 | 전화번호: 1522-3232"
1965,나주금성관,전남,35.03198550759988,126.71697294364985,"주소: 전라남도 나주시 중앙동 48-13, 48-30, 48-31, 48-32 | 전화번호: 1522-3232"
1966,나주혁신DT,전남,35.02127159938712,126.8030452133825,주소: 전라남도 나주시 빛가람동 904 | 전화번호: 1522-3232
1967,전북김제DT,전북,35.806162378081,126.906437024493,주소: 전북특별자치도 김제시 검산동 895-86 | 전화번호: 1522-3232
1968,전북남원DT,전북,35.4038734001655,127.382879964388,주소: 전북특별자치도 남원시 쌍교동 58-6 | 전화번호: 1522-3232
1969,익산모현,전북,35.948353,126.942392,주소: 전북특별자치도 익산시 모현동1가 320 | 전화번호: 1522-3232
1970,익산영등DT,전북,35.959316,126.968766,주소: 전북특별자치도 익산시 영등동 340-11 | 전화번호: 1522-3232
1971,익산영등,전북,35.958206,126.973766,주소: 전북특별자치도 익산시 영등동 149-1 CGV익산 | 전화번호: 1522-3232
1972,익산어양,전북,35.964546872284096,126.98022815556479,주소: 전북특별자치도 익산시 영등동 816-4 | 전화번호: 1522-3232
1973,익산부송,전북,35.9550207765194,126.990734120758,주소: 전북특별자치도 익산시 부송동 1066-4 | 전화번호: 1522-3232
1974,익산원광대,전북,35.9638622026323,126.957107164545,주소: 전북특별자치도 익산시 신동 762-17 | 전화번호: 1522-3232
1975,익산동산DT,전북,35.9289580054947,126.95837418913408,주소: 전북특별자치도 익산시 동산동 604-9 | 전화번호: 1522-3232
1976,전주송천DT,전북,35.867469,127.121929,"주소: 전북특별자치도 전주시 덕진구 송천동2가 487, 488 | 전화번호: 1522-3232"
1977,전북대병원DT,전북,35.841632617452206,127.13690781120346,주소: 전북특별자치도 전주시 덕진구 금암동 1552-19 | 전화번호: 1522-3232
1978,전주혁신도시,전북,35.83811,127.059364,"주소: 전북특별자치도 전주시 덕진구 중동 774-3, 103호,104호,105호 | 전화번호: 1522-3232"
1979,전주덕진광장DT,전북,35.842878,127.124205,주소: 전북특별자치도 전주시 덕진구 덕진동1가 1275-22 | 전화번호: 1522-3232
1980,전북대,전북,35.84301590170121,127.1267709531376,주소: 전북특별자치도 전주시 덕진구 덕진동1가 1263-3 | 전화번호: 1522-3232
1981,전주에코DT,전북,35.8822190627008,127.131900415771,주소: 전북특별자치도 전주시 덕진구 전미동1가 13-4 | 전화번호: 1522-3232
1982,전북대병원,전북,35.84660896106807,127.14152682372546,주소: 전북특별자치도 전주시 덕진구 금암동 634-18 전북대학교병원 본관 1층 | 전화번호: 1522-3232
1983,전주에코시티,전북,35.8730804271739,127.124589347394,주소: 전북특별자치도 전주시 덕진구 송천동2가 1329-1 로마네시티 현대썬앤빌 전주 | 전화번호: 1522-3232
1984,전주인후DT,전북,35.8257449660112,127.164447502421,"주소: 전북특별자치도 전주시 덕진구 인후동1가 914-7, 914-8, 914-9 | 전화번호: 1522-3232"
1985,전주호성DT,전북,35.863629148295,127.150793806447,주소: 전북특별자치도 전주시 덕진구 호성동1가 586 | 전화번호: 1522-3232
1986,전주만성DT,전북,35.8366124098115,127.077815422256,주소: 전북특별자치도 전주시 덕진구 만성동 581 | 전화번호: 1522-3232
1987,전주IC DT,전북,35.8680183497423,127.074447294819,주소: 전북특별자치도 전주시 덕진구 여의동 654-2 | 전화번호: 1522-3232
1988,전주아중DT,전북,35.8282296650829,127.173161230462,주소: 전북특별자치도 전주시 덕진구 우아동1가 908-1 | 전화번호: 1522-3232
1989,전주시청,전북,35.8256779268313,127.146605202061,주소: 전북특별자치도 전주시 완산구 서노송동 568-95 대우빌딩 | 전화번호: 1522-3232
1990,전주평화DT,전북,35.788482,127.131075,주소: 전북특별자치도 전주시 완산구 평화동2가 300-1 | 전화번호: 1522-3232
1991,전주백제대로DT,전북,35.814654,127.123414,주소: 전북특별자치도 전주시 완산구 중화산동2가 648 | 전화번호: 1522-3232
1992,전주효자DT,전북,35.805550225683085,127.11115287338953,주소: 전북특별자치도 전주시 완산구 효자동1가 410-6 | 전화번호: 1522-3232
1993,전주서신,전북,35.8345971,127.1161323,주소: 전북특별자치도 전주시 완산구 서신동 964-6 | 전화번호: 1522-3232
1994,전주홍산로,전북,35.8148196326794,127.106247344355,주소: 전북특별자치도 전주시 완산구 효자동2가 1154-3 | 전화번호: 1522-3232
1995,전주한옥마을,전북,35.81345219113975,127.14855781491879,주소: 전북특별자치도 전주시 완산구 전동 187-9 | 전화번호: 1522-3232
1996,전북도청,전북,35.81562810656606,127.10921667059445,주소: 전북특별자치도 전주시 완산구 효자동3가 1541-7 | 전화번호: 1522-3232
1997,전주경원,전북,35.819775,127.144494,주소: 전북특별자치도 전주시 완산구 고사동 142-2 | 전화번호: 1522-3232
1998,전주신시가지,전북,35.817258,127.101759,주소: 전북특별자치도 전주시 완산구 효자동2가 1233-2 | 전화번호: 1522-3232
1999,전주이마트,전북,35.83232,127.12023,주소: 전북특별자치도 전주시 완산구 서신동 767 E마트 | 전화번호: 1522-3232
2000,전주효천DT,전북,35.8007884975074,127.099306207086,주소: 전북특별자치도 전주시 완산구 효자동2가 778-2 | 전화번호: 1522-3232
2001,전주예수병원,전북,35.8133390781987,127.133016713412,주소: 전북특별자치도 전주시 완산구 중화산동1가 303-7 | 전화번호: 1522-3232
2002,전북정읍DT,전북,35.5705106797811,126.85186717992,주소: 전북특별자치도 정읍시 수성동 449-1 | 전화번호: 1522-3232
2003,군산나운DT,전북,35.962771,126.695586,주소: 전북특별자치도 군산시 나운동 843-6 | 전화번호: 1522-3232
2004,군산수송,전북,35.964213,126.717207,주소: 전북특별자치도 군산시 수송동 850 | 전화번호: 1522-3232
2005,군산대,전북,35.945739,126.685965,주소: 전북특별자치도 군산시 미룡동 872-4 | 전화번호: 1522-3232
2006,군산경포천,전북,35.9687021237022,126.724891435693,주소: 전북특별자치도 군산시 미장동 51-7 1층 | 전화번호: 1522-3232
2007,군산이마트,전북,35.98267704587059,126.73495152434147,주소: 전북특별자치도 군산시 경암동 590-296 이마트 | 전화번호: 1522-3232
2008,군산조촌DT,전북,35.9669574466243,126.734627249091,주소: 전북특별자치도 군산시 조촌동 893-2 | 전화번호: 1522-3232
2009,군산수송DT,전북,35.9588366660423,126.714630107486,주소: 전북특별자치도 군산시 수송동 50-29 | 전화번호: 1522-3232
2010,군산디오션시티DT,전북,35.9795039749136,126.73827357602,주소: 전북특별자치도 군산시 조촌동 664-2 | 전화번호: 1522-3232
2011,공주동학사DT,충남,36.36336,127.2535628,"주소: 충청남도 공주시 반포면 학봉리 436-1, 435-5, 439-1, 441-12, 814-14 | 전화번호: 1522-3232"
2012,공주신관,충남,36.474648,127.14003,주소: 충청남도 공주시 신관동 265-17 1~2층 | 전화번호: 1522-3232
2013,공주DT,충남,36.46815,127.14274,"주소: 충청남도 공주시 신관동 46, 46-2 | 전화번호: 1522-3232"
2014,논산중앙,충남,36.2012496,127.0899058,주소: 충청남도 논산시 취암동 1061-10 | 전화번호: 1522-3232
2015,논산내동DT,충남,36.18212516106516,127.09979330829168,주소: 충청남도 논산시 내동 484-10 | 전화번호: 1522-3232
2016,충남보령DT,충남,36.3410893656562,126.58923266078462,주소: 충청남도 보령시 궁촌동 133-1 | 전화번호: 1522-3232
2017,대천해수욕장,충남,36.3149238801881,126.512086809748,"주소: 충청남도 보령시 신흑동 2277-5,6 | 전화번호: 1522-3232"
2018,충남부여DT,충남,36.28406475304308,126.922191567416,"주소: 충청남도 부여군 부여읍 쌍북리 568-24, 27 | 전화번호: 1522-3232"
2019,서산예천DT,충남,36.771727,126.440171,주소: 충청남도 서산시 예천동 696-7 | 전화번호: 1522-3232
2020,서산호수,충남,36.776653,126.448646,주소: 충청남도 서산시 읍내동 38-5 1~2층 | 전화번호: 1522-3232
2021,서산석남DT,충남,36.7648477270285,126.453133876978,주소: 충청남도 서산시 석남동 134 | 전화번호: 1522-3232
2022,천안신부,충남,36.819309,127.157715,주소: 충청남도 천안시 동남구 신부동 354-1 아라리오갤러리 | 전화번호: 1522-3232
2023,천안청당,충남,36.78575221007555,127.15755512623332,주소: 충청남도 천안시 동남구 청당동 552 | 전화번호: 1522-3232
2024,천안안서,충남,36.830087,127.179779,주소: 충청남도 천안시 동남구 안서동 231-3 | 전화번호: 1522-3232
2025,천안IC DT,충남,36.82025,127.1615,"주소: 충청남도 천안시 동남구 신부동 495-1, 495-2, 495-12 | 전화번호: 1522-3232"
2026,천안원성DT,충남,36.8040108191267,127.158508258844,주소: 충청남도 천안시 동남구 원성동 115-3 | 전화번호: 1522-3232
2027,천안남부대로DT,충남,36.7858511249574,127.127241894349,주소: 충청남도 천안시 동남구 신방동 110 현대자동차서비스 | 전화번호: 1522-3232
2028,신세계천안아산,충남,36.819341,127.156031,주소: 충청남도 천안시 동남구 신부동 354-1 신세계백화점천안아산점천안종합버스터미널 | 전화번호: 1522-3232
2029,천안청당신도시,충남,36.78137667727904,127.1528523307913,"주소: 충청남도 천안시 동남구 청당동 155-6,158-1,155-5 청당스타빌딩, 1층 일부 | 전화번호: 1522-3232"
2030,천안대로DT,충남,36.795121,127.164257,주소: 충청남도 천안시 동남구 구성동 455-2 | 전화번호: 1522-3232
2031,순천향천안병원,충남,36.80352609596671,127.13611299380877,주소: 충청남도 천안시 동남구 봉명동 216-8 순천향대학교천안병원 | 전화번호: 1522-3232
2032,천안단국대호수,충남,36.832735896746364,127.1659888346158,주소: 충청남도 천안시 동남구 안서동 522 단국대학교천안캠퍼스 승차대기실 101호 | 전화번호: 1522-3232
2033,천안서북이마트,충남,36.838876,127.122399,주소: 충청남도 천안시 서북구 백석동 1047 e마트 1층 | 전화번호: 1522-3232
2034,천안백석,충남,36.823793,127.121751,주소: 충청남도 천안시 서북구 백석동 148-2 | 전화번호: 1522-3232
2035,천안불당DT,충남,36.805399,127.10609,주소: 충청남도 천안시 서북구 불당동 1844 | 전화번호: 1522-3232
2036,천안서부대로DT,충남,36.8036802750752,127.126989561306,주소: 충청남도 천안시 서북구 서부대로 405 | 전화번호: 1522-3232
2037,천안두정역DT,충남,36.83287887809728,127.14631562178056,주소: 충청남도 천안시 서북구 두정동 71-13 성성레이크팰리스모델하우스 | 전화번호: 1522-3232
2038,천안시청,충남,36.8165367,127.1065647,주소: 충청남도 천안시 서북구 불당동 1525 | 전화번호: 1522-3232
2039,천안쌍용역,충남,36.793123,127.12223,주소: 충청남도 천안시 서북구 쌍용동 446-23 북일빌딩 | 전화번호: 1522-3232
2040,천안신불당,충남,36.812323,127.108287,주소: 충청남도 천안시 서북구 불당동 1618 | 전화번호: 1522-3232
2041,천안성정DT,충남,36.8253941,127.1403512,주소: 충청남도 천안시 서북구 성정동 625-3 | 전화번호: 1522-3232
2042,천안불당,충남,36.8100104,127.1109606,주소: 충청남도 천안시 서북구 불당동 739 | 전화번호: 1522-3232
2043,천안두정,충남,36.833981,127.134838,주소: 충청남도 천안시 서북구 두정동 975-1 | 전화번호: 1522-3232
2044,천안이마트,충남,36.7960306252471,127.127259625375,주소: 충청남도 천안시 서북구 쌍용동 191 천안이마트 1층 | 전화번호: 1522-3232
2045,천안불당신도시,충남,36.8204222189689,127.109657887614,"주소: 충청남도 천안시 서북구 불당동 1491 101,102,103,호 | 전화번호: 1522-3232"
2046,천안업성레이크,충남,36.8455354220818,127.138131101768,주소: 충청남도 천안시 서북구 성성동 45-16 | 전화번호: 1522-3232
2047,갤러리아센터시티,충남,36.800458713014,127.104689019518,"주소: 충청남도 천안시 서북구 불당동 1299 갤러리아 센터시티, 8F | 전화번호: 1522-3232"
2048,천안불당호반,충남,36.8056802061729,127.104995440008,"주소: 충청남도 천안시 서북구 불당동 1829 105,106,107,108호 | 전화번호: 1522-3232"
2049,천안번영로DT,충남,36.8509254572672,127.124606939786,"주소: 충청남도 천안시 서북구 성성동 307, 307-4, 309, 309-4, 309-5 | 전화번호: 1522-3232"
2050,충남홍성DT,충남,36.6096236304524,126.663574710406,"주소: 충청남도 홍성군 홍성읍 대교리 221-1,221-9 일부 | 전화번호: 1522-3232"
2051,충남도청,충남,36.657045070878375,126.68143935135514,"주소: 충청남도 홍성군 홍북읍 신경리 589 108,109,110,111호 | 전화번호: 1522-3232"
2052,계룡대로DT,충남,36.2884647496453,127.244408188595,주소: 충청남도 계룡시 엄사면 엄사리 284 | 전화번호: 1522-3232
2053,계룡대실DT,충남,36.2682650244775,127.259600142048,주소: 충청남도 계룡시 금암동 72-6 | 전화번호: 1522-3232
2054,당진시곡DT,충남,36.90266947331966,126.68371713610068,"주소: 충청남도 당진시 시곡동 67-2, 67, 56-28, 63-16, 63-40, 66, 68-1, 68-5, 68-8 | 전화번호: 1522-3232"
2055,당진문예의전당,충남,36.8912121836197,126.639048285471,주소: 충청남도 당진시 읍내동 1057 1층 | 전화번호: 1522-3232
2056,당진시청,충남,36.8880041580427,126.647165580892,"주소: 충청남도 당진시 수청동 1043, 102,103,104,105호 | 전화번호: 1522-3232"
2057,아산방축DT,충남,36.7836506672431,126.992699345261,주소: 충청남도 아산시 방축동 124-5 | 전화번호: 1522-3232
2058,아산배방,충남,36.7748465804454,127.053905618351,주소: 충청남도 아산시 배방읍 공수리 1569 | 전화번호: 1522-3232
2059,아산탕정,충남,36.798663,127.058333,주소: 충청남도 아산시 탕정면 명암리 930-1 | 전화번호: 1522-3232
2060,아산용화,충남,36.774397,127.008545,주소: 충청남도 아산시 용화동 1255 | 전화번호: 1522-3232
2061,아산권곡,충남,36.788475472035394,127.01595381798683,"주소: 충청남도 아산시 권곡동 219-21 101,102,103,104,105호 | 전화번호: 1522-3232"
2062,아산탕정역,충남,36.787035538908,127.083770645339,"주소: 충청남도 아산시 탕정면 매곡리 1219 거산타워 104,105,106,107,111호 | 전화번호: 1522-3232"
2063,아산탕정DT,충남,36.7922433793223,127.069604959597,주소: 충청남도 아산시 탕정면 갈산리 163 | 전화번호: 1522-3232
2064,아산모종,충남,36.7763001572423,127.028425229056,주소: 충청남도 아산시 모종동 66-2 | 전화번호: 1522-3232
2065,천안아산역,충남,36.797449669566,127.105762380403,주소: 충청남도 아산시 배방읍 장재리 1755 우성메디피아 | 전화번호: 1522-3232
2066,충북증평,충북,36.78909776404766,127.57886554327386,주소: 충청북도 증평군 증평읍 송산리 738 | 전화번호: 1522-3232
2067,청주용암DT,충북,36.6075093197585,127.503947108122,주소: 충청북도 청주시 상당구 용암동 1693 행복을 만드는집 | 전화번호: 1522-3232
2068,청주용담DT,충북,36.634172,127.50511,주소: 충청북도 청주시 상당구 용담동 324-35 | 전화번호: 1522-3232
2069,청주서문,충북,36.635373,127.486041,주소: 충청북도 청주시 상당구 서문동 150-2번지 | 전화번호: 1522-3232
2070,충북도청,충북,36.634368538924704,127.49085453208995,"주소: 충청북도 청주시 상당구 문화동 93-1 101호, 112호,113호 | 전화번호: 1522-3232"
2071,청주동남,충북,36.6154896,127.5164368,"주소: 충청북도 청주시 상당구 용암동 3082 101호, 102호, 103호 | 전화번호: 1522-3232"
2072,충주호암DT,충북,36.95897692587527,127.92364691779368,"주소: 충청북도 충주시 호암동 653-2, 4 | 전화번호: 1522-3232"
2073,충주시청DT,충북,36.99011210425766,127.92864831398995,"주소: 충청북도 충주시 금릉동 714, 717, 819 | 전화번호: 1522-3232"
2074,충주터미널,충북,36.98068593523566,127.91516575876267,주소: 충청북도 충주시 봉방동 76-1 | 전화번호: 1522-3232
2075,충주연수,충북,36.982721,127.939889,주소: 충청북도 충주시 연수동 1491번지 | 전화번호: 1522-3232
2076,충주교현DT,충북,36.966967415787884,127.94732759548143,주소: 충청북도 충주시 교현동 91 | 전화번호: 1522-3232
2077,충북혁신도시,충북,36.90871152906995,127.5429718136213,주소: 충청북도 음성군 맹동면 두성리 1374 | 전화번호: 1522-3232
2078,제천DT,충북,37.14375193082497,128.21318841415066,"주소: 충청북도 제천시 중앙로2가 68-3, 68-9, 68-11, 68-23 | 전화번호: 1522-3232"
2079,제천하소DT,충북,37.1358712235011,128.19916123148488,"주소: 충청북도 제천시 하소동 170-6, 170-25 일부 | 전화번호: 1522-3232"
2080,제천장락DT,충북,37.149280943631545,128.2264066671523,"주소: 충청북도 제천시 장락동 343-3, 342-1 | 전화번호: 1522-3232"
2081,청주비하DT,충북,36.63846817214713,127.42220277220898,"주소: 충청북도 청주시 흥덕구 비하동 671-11,671-7 | 전화번호: 1522-3232"
2082,청주오송,충북,36.6298029985572,127.333262487003,주소: 충청북도 청주시 흥덕구 오송읍 만수리 535 | 전화번호: 1522-3232
2083,청주봉명DT,충북,36.6467676117862,127.46456124364,주소: 충청북도 청주시 흥덕구 봉명동 1404 SK주유소 | 전화번호: 1522-3232
2084,청주강서,충북,36.62536591601303,127.42971119306195,주소: 충청북도 청주시 흥덕구 강서동 478 | 전화번호: 1522-3232
2085,청주지웰시티,충북,36.6436572793558,127.427019965029,주소: 충청북도 청주시 흥덕구 복대동 3379 신영지웰시티 1차 상업시설 | 전화번호: 1522-3232
2086,현대충청,충북,36.644407,127.426305,주소: 충청북도 청주시 흥덕구 복대동 3380 | 전화번호: 1522-3232
2087,청주터미널,충북,36.6263676178251,127.432425090508,주소: 충청북도 청주시 흥덕구 가경동 1416-2 번지 | 전화번호: 1522-3232
2088,커넥트현대청주,충북,36.62681647013941,127.43040960985655,주소: 충청북도 청주시 흥덕구 가경동 1416 청주센트럴시티(터미널복합) G층 | 전화번호: 1522-3232
2089,오송바이오산업단지,충북,36.6326194371358,127.327235829116,주소: 충청북도 청주시 흥덕구 오송읍 연제리 674 | 전화번호: 1522-3232
2090,청주서현,충북,36.61781159214528,127.42924727083607,주소: 충청북도 청주시 흥덕구 가경동 2270 | 전화번호: 1522-3232
2091,청주복대지웰,충북,36.64165478986967,127.42819980926556,주소: 충청북도 청주시 흥덕구 복대동 288-116 | 전화번호: 1522-3232
2092,오송파라곤,충북,36.61982360804547,127.3152298025801,"주소: 충청북도 청주시 흥덕구 오송읍 봉산리 991 103호, 104호 | 전화번호: 1522-3232"
2093,청주이마트,충북,36.6011458,127.4746811,주소: 충청북도 청주시 서원구 미평동 123-1 이.마트 | 전화번호: 1522-3232
2094,청주사직DT,충북,36.63590622855546,127.48115614147972,주소: 충청북도 청주시 서원구 사직동 125 | 전화번호: 1522-3232
2095,청주성화,충북,36.6176114,127.44608549999998,주소: 충청북도 청주시 서원구 개신동 702 | 전화번호: 1522-3232
2096,충북대,충북,36.633965,127.459715,주소: 충청북도 청주시 서원구 사창동 155-9 | 전화번호: 1522-3232
2097,충북대학교병원,충북,36.62393852300332,127.46140013915277,주소: 충청북도 청주시 서원구 개신동 62 충북대학교병원 로비2층 | 전화번호: 1522-3232
2098,청주분평DT,충북,36.605664,127.494821,주소: 충청북도 청주시 서원구 분평동 534 | 전화번호: 1522-3232
2099,충북대캠퍼스,충북,36.627594766636975,127.45850672450436,주소: 충청북도 청주시 서원구 개신동 12 충북대학교 제1학생회관 1층 | 전화번호: 1522-3232
2100,오창호수공원,충북,36.712751,127.427283,주소: 충청북도 청주시 청원구 오창읍 양청리 820-2 | 전화번호: 1522-3232
2101,청주율량DT,충북,36.66623,127.493207,주소: 충청북도 청주시 청원구 율량동 1068 | 전화번호: 1522-3232
2102,오창과학단지,충북,36.716466,127.423272,주소: 충청북도 청주시 청원구 오창읍 양청리 752-1 | 전화번호: 1522-3232
2103,청주주성,충북,36.671428,127.496933,주소: 충청북도 청주시 청원구 주성동 354 | 전화번호: 1522-3232
2104,오창2산단,충북,36.732083958975075,127.4497792617198,주소: 충청북도 청주시 청원구 오창읍 주성리 643 | 전화번호: 1522-3232
2105,충북진천DT,충북,36.8630515727968,127.440471420387,주소: 충청북도 진천군 진천읍 장관리 87-13 | 전화번호: 1522-3232
2106,충북혁신덕산,충북,36.89956581505604,127.52942665688187,주소: 충청북도 진천군 덕산읍 두촌리 2754 | 전화번호: 1522-3232
2107,제주신화월드R,제주,33.305822863641104,126.31644471331721,주소: 제주특별자치도 서귀포시 안덕면 서광리 산24 | 전화번호: 1522-3232
2108,제주에듀시티,제주,33.291788,126.284407,주소: 제주특별자치도 서귀포시 대정읍 보성리 2372 101호 | 전화번호: 1522-3232
2109,제주성산DT,제주,33.449718,126.9207013,주소: 제주특별자치도 서귀포시 성산읍 고성리 238 | 전화번호: 1522-3232
2110,제주중문DT,제주,33.255226,126.4159053,주소: 제주특별자치도 서귀포시 색달동 2476-1 | 전화번호: 1522-3232
2111,제주송악산,제주,33.2067772259681,126.289973082566,주소: 제주특별자치도 서귀포시 대정읍 상모리 133 | 전화번호: 1522-3232
2112,서귀포DT,제주,33.2492775,126.50652289999994,주소: 제주특별자치도 서귀포시 강정동 246 | 전화번호: 1522-3232
2113,성산일출봉,제주,33.462865,126.935544,"주소: 제주특별자치도 서귀포시 성산읍 성산리 109-11 1,2층 | 전화번호: 1522-3232"
2114,제주중문,제주,33.251128,126.412752,주소: 제주특별자치도 서귀포시 색달동 2864-2번지 | 전화번호: 1522-3232
2115,서귀포올레,제주,33.2483024645772,126.563777617613,주소: 제주특별자치도 서귀포시 서귀동 274-6 동명백화점 | 전화번호: 1522-3232
2116,그랜드조선제주,제주,33.252337636562935,126.40797506225267,"주소: 제주특별자치도 서귀포시 색달동 2101, 본관 RF | 전화번호: 1522-3232"
2117,제주서귀포토평DT,제주,33.255207,126.5776479,주소: 제주특별자치도 서귀포시 토평동 867-1 | 전화번호: 1522-3232
2118,제주모슬포DT,제주,33.2272873,126.2578882,주소: 제주특별자치도 서귀포시 대정읍 상모리 3837 | 전화번호: 1522-3232
2119,제주서귀포남원DT,제주,33.2828825,126.718877,주소: 제주특별자치도 서귀포시 남원읍 남원리 164 | 전화번호: 1522-3232
2120,제주도남DT,제주,33.4803417,126.5235565,주소: 제주특별자치도 제주시 도남동 351-7 | 전화번호: 1522-3232
2121,제주협재,제주,33.393839,126.24049,주소: 제주특별자치도 제주시 한림읍 협재리 2445-1 | 전화번호: 1522-3232
2122,제주외도DT,제주,33.4923328892,126.4270663,주소: 제주특별자치도 제주시 외도일동 401-1 | 전화번호: 1522-3232
2123,제주삼화DT,제주,33.5117687,126.5804734,"주소: 제주특별자치도 제주시 도련일동 2191-2, 2191-8 | 전화번호: 1522-3232"
2124,제주시청,제주,33.500516,126.529711,주소: 제주특별자치도 제주시 이도이동 1176-85 | 전화번호: 1522-3232
2125,제주애월DT,제주,33.47278,126.348739,주소: 제주특별자치도 제주시 애월읍 고내리 340 | 전화번호: 1522-3232
2126,제주칠성,제주,33.513349,126.5252435,주소: 제주특별자치도 제주시 일도일동 1461-1 | 전화번호: 1522-3232
2127,제주노형,제주,33.4878111,126.4818612,주소: 제주특별자치도 제주시 노형동 1295-16 | 전화번호: 1522-3232
2128,제주용담DT,제주,33.512345,126.484564,"주소: 제주특별자치도 제주시 용담삼동 2572-4,2576-4 화이트하우스 | 전화번호: 1522-3232"
2129,신제주이마트,제주,33.4847893,126.4803463,주소: 제주특별자치도 제주시 노형동 919 신제주이마트 1층 | 전화번호: 1522-3232
2130,제주함덕해변,제주,33.5425009930195,126.668982880499,주소: 제주특별자치도 제주시 조천읍 함덕리 1004-28 | 전화번호: 1522-3232
2131,제주세화DT,제주,33.5229969,126.8530933,주소: 제주특별자치도 제주시 구좌읍 세화리 1533-1 | 전화번호: 1522-3232
2132,제주노형로,제주,33.4834410103164,126.476159449097,주소: 제주특별자치도 제주시 노형동 3788-12 | 전화번호: 1522-3232
2133,제주노형DT,제주,33.4908499861488,126.474278374413,주소: 제주특별자치도 제주시 노형동 1238-2 | 전화번호: 1522-3232
2134,제주한라수목원DT,제주,33.468923784050745,126.48446031290773,주소: 제주특별자치도 제주시 노형동 117-1 | 전화번호: 1522-3232
2135,제주서해안로DT,제주,33.5167857,126.5035553,주소: 제주특별자치도 제주시 용담삼동 1020-1 | 전화번호: 1522-3232
2136,제주일도DT,제주,33.5073284,126.540898,주소: 제주특별자치도 제주시 일도이동 369-13 | 전화번호: 1522-3232
2137,제주공항DT,제주,33.5005664,126.5054842,"주소: 제주특별자치도 제주시 용담이동 2754-1, 2757-8 | 전화번호: 1522-3232"
2138,제주금악DT,제주,33.3479439704936,126.359305043849,주소: 제주특별자치도 제주시 한림읍 금악리 산30-4 금악휴게소 | 전화번호: 1522-3232
2139,제주한담해변DT,제주,33.458182897356984,126.31123001840102,주소: 제주특별자치도 제주시 애월읍 애월리 2431-1 | 전화번호: 1522-3232
2140,더제주송당파크R,제주,33.4354457,126.7313926,주소: 제주특별자치도 제주시 구좌읍 송당리 2635-3 | 전화번호: 1522-3232
2141,제주평화로DT,제주,33.46329278001417,126.45099791468475,주소: 제주특별자치도 제주시 해안동 2357 | 전화번호: 1522-3232
2142,세종다정DT,세종,36.494878,127.255384,주소: 세종특별자치시 다정동925 | 전화번호: 1522-3232
2143,세종보람,세종,36.4773322231936,127.28651937895552,주소: 세종특별자치시 보람동 700-81 호려울마을7단지 근린생활시설 | 전화번호: 1522-3232
2144,세종새롬,세종,36.4864669923837,127.250851573212,주소: 세종특별자치시 새롬동 산6 세종영광프라자 | 전화번호: 1522-3232
2145,세종어진R,세종,36.50823507458724,127.26104660851452,"주소: 세종특별자치시 어진동 530 세종포스트, 인사혁신처 | 전화번호: 1522-3232"
2146,세종종촌,세종,36.5041123,127.2493812,주소: 세종특별자치시  종촌동 151-104 성운프라자 | 전화번호: 1522-3232
2147,세종첫마을,세종,36.480180791,127.26163317,주소: 세종특별자치시  한누리대로 169 행복타워 1층 | 전화번호: 1522-3232
2148,세종이마트,세종,36.47101163447959,127.25108070405918,주소: 세종특별자치시 가람동 406 이마트 세종점 | 전화번호: 1522-3232
2149,세종청사,세종,36.5045109528531,127.270198464097,주소: 세종특별자치시 어진동 3-113외 5필지 | 전화번호: 1522-3232
2150,세종조치원,세종,36.599455,127.289937,주소: 세종특별자치시 조치원읍 침산리 213 | 전화번호: 1522-3232
2151,세종아름,세종,36.5116353777334,127.242571334497,"주소: 세종특별자치시 아름동 1329 다올비즈니스센터 103,104,105,202,203호 | 전화번호: 1522-3232"
2152,세종반곡,세종,36.4978562567888,127.31004736092,"주소: 세종특별자치시 반곡동 41-17 105호,106호,107호,108호,204호,205호,206호 | 전화번호: 1522-3232"
2153,세종해밀DT,세종,36.5235127599476,127.26764026673,"주소: 세종특별자치시 해밀동 471-2 468-4, 472-6 | 전화번호: 1522-3232"
2154,세종소담,세종,36.485755,127.300509,"주소: 세종특별자치시 소담동 539 새샘마을7단지 근린생활시설 -1동 12호,13호,14호,15호,15a호,16호 | 전화번호: 1522-3232"
2155,세종예술의전당,세종,36.4865520141371,127.26971200964753,주소: 세종특별자치시 나성동 33-1 | 전화번호: 1522-3232
2156,세종금강DT,세종,36.4760536945259,127.277497630487,주소: 세종특별자치시 대평동 667 | 전화번호: 1522-3232
2157,세종충남대학교병원,세종,36.5186720854037,127.257174097983,주소: 세종특별자치시 도담동 407 세종충남대학교병원 헬스케어센터 1층 | 전화번호: 1522-3232
