매장명,시도명,구군명,시도코드,구군코드,주소,전화번호,위도,매장코드,관리코드,오픈일자,테마매장여부
역삼아레나빌딩,서울,강남구,01,0101,서울특별시 강남구 역삼동 721-13 아레나빌딩,1522-3232,37.501087,0,1509,20190613,Z9999@T05@T08@T16@T17@T20@T21@T30@@@T36@T43@T56@T57@T64@T65@T69@T71@P80@P90
논현역사거리,서울,강남구,01,0101,서울특별시 강남구 논현동 142-2 정일빌딩,1522-3232,37.510178,0,1434,20181123,Z9999@T05@T08@T16@T17@T20@T21@T22@T30@T36@@T56@T57@T64@T65@T69@P70@P80@P90
신사역성일빌딩,서울,강남구,01,0101,서울특별시 강남구 논현동 18-4 성일빌딩,1522-3232,37.5139309,0,1595,20191219,Z9999@T05@T08@T16@T17@T20@T21@T30@T34@@@@T56@T57@T64@T65@T68@T69@T73@P80@P90
국기원사거리,서울,강남구,01,0101,서울특별시 강남구 역삼동 648-22 동찬빌딩,1522-3232,37.499517,0,1527,20190731,Z9999@T05@T08@T16@T17@T20@T21@T30@T34@@T36@@T56@T57@T64@T65@T69@P70@P90
대치재경빌딩,서울,강남구,01,0101,서울특별시 강남구 대치동 599 대원빌딩,1522-3232,37.494668,0,1468,20190214,Z9999@@T05@T08@T16@T17@T20@T21@T22@@@T30@@@T43@T56@T57@T64@T65@T69@T71@P90
봉은사역,서울,강남구,01,0101,서울특별시 강남구 삼성동 108-6 JBK TOWER 빌딩,1522-3232,37.515,0,1640,20200528,Z9999@T05@T08@T16@T17@T20@T21@T30@T34@@T43@T56@T57@T64@T65@T69@T71@P80@P90
압구정윤성빌딩,서울,강남구,01,0101,서울특별시 강남구 신사동 592 윤성빌딩,1522-3232,37.5227934,0,1650,20200529,Z9999@T05@T08@T16@T17@T20@T21@T30@T34@@@T36@T56@T57@T64@T65@T69@P70@P80@P90
코엑스별마당,서울,강남구,01,0101,서울특별시 강남구 삼성동 159 코엑스,1522-3232,37.510150,0,1626,20200416,Z9999@T05@T08@T16@T17@T20@T30@T34@@T36@T56@T57@T65@T69@P40@P80@P90@T09
삼성역섬유센터R,서울,강남구,01,0101,서울특별시 강남구 대치동 944-31 한국섬유산업연합회,1522-3232,37.507750,0,1438,20181123,Z9999@T03@T05@T08@T16@T17@T20@@T26@T29@T30@@T34@@T36@@T42@T56@T57@T64@T65@T69@P80@P90
압구정R,서울,강남구,01,0101,서울특별시 강남구 신사동 621-1,1522-3232,37.5273669,0,1411,20180831,Z9999@T03@T05@T08@T16@T17@T20@T21@@T26@T29@T30@@@@@T37@T39@T41@T42@T56@T57@T64@T65@T69@P90@T09
수서역R,서울,강남구,01,0101,서울특별시 강남구 수서동 715 수서빌딩,1522-3232,37.48803134754136,0,1389,20180627,Z9999@T03@T05@T08@T16@T17@T20@T21@@T26@T29@T30@T36@@T37@T39@T41@T42@T56@T57@T64@T65@T69@P60@P80@P90@T09
양재강남빌딩R,서울,강남구,01,0101,서울특별시 강남구 도곡동 956 LG전자 강남R&D센터,1522-3232,37.485192,0,1404,20180824,Z9999@T03@T05@T08@T16@T17@T20@T21@T26@T29@T30@@T37@T39@T41@T42@T56@T57@T64@T65@T69@P80@P90@T09
선릉동신빌딩R,서울,강남구,01,0101,서울특별시 강남구 삼성동 141-28 동신빌딩,1522-3232,37.505321,0,1355,20180330,Z9999@T03@T05@T08@T16@T17@T20@T26@T29@T30@T36@@@@T42@T56@T57@T64@T65@T69@P80
봉은사로선정릉,서울,강남구,01,0101,서울특별시 강남구 삼성동 114-9 올림푸스타워,1522-3232,37.51131683405367,0,1348,20180306,Z9999@T05@T08@T16@T17@T20@T21@T30@@@T36@@T43@T56@T57@T64@T65@T69@T71@P80@P90
강남오거리,서울,강남구,01,0101,"서울특별시 강남구 역삼동 813-17 1,2,3층",1522-3232,37.502117,0,1255,20170818,Z9999@T05@T08@T16@T17@T20@T21@T22@T30@@T36@T43@T56@T57@T65@T69@T71
스타필드코엑스몰R,서울,강남구,01,0101,서울특별시 강남구 삼성동 159 코엑스  A106호,1522-3232,37.50999,0,1211,20170502,Z9999@T03@T05@T08@T16@T17@T20@@T26@T29@T30@@T34@@@@T41@T42@T56@T57@T64@T65@T69@P40@P80@P90@T09
강남구청정문,서울,강남구,01,0101,서울특별시 강남구 청담동 44-12 대륭빌딩,1522-3232,37.51827133155829,0,1188,20170323,Z9999@T05@T08@T16@T17@T20@T21@T30@@@@T43@T56@T57@T65@T69@T71@T09
도곡공원,서울,강남구,01,0101,서울특별시 강남구 역삼동 788-10,1522-3232,37.492805,0,1263,20170825,Z9999@T05@@T08@T16@T17@T20@T21@T30@@@T43@T56@T57@T64@T65@T69@T71@T09
강남R,서울,강남구,01,0101,서울특별시 강남구 역삼동 825 미진프라자 1층 101호,1522-3232,37.497711,0,1258,20170816,Z9999@T03@T05@T08@T16@T17@T20@T21@T26@T29@T30@@@T37@T39@T41@T42@T56@T57@T64@T65@T69@P80@P90
대치은마사거리,서울,강남구,01,0101,서울특별시 강남구 대치동 941-19 진흥빌딩,1522-3232,37.498973,0,1099,20160812,Z9999@T05@T08@T16@T17@T20@T21@T30@T34@@T36@@T43@T56@T57@T64@T65@T69@T71@P80
청담영동대로,서울,강남구,01,0101,서울특별시 강남구 청담동 132-1 삼청빌딩,1522-3232,37.52275803097751,0,1154,20161223,Z9999@T05@T08@T16@T17@T20@T21@T30@@@@T56@T57@T64@T65@T69
압구정,서울,강남구,01,0101,서울특별시 강남구 신사동 609 이소니프라자,1522-3232,37.526283,0,1084,20160623,Z9999@T05@T08@T16@T17@T20@T21@T30@T34@@T36@@T43@T51@T56@T57@T64@T65@T69@T71@T75@P80@T09
신사가로수,서울,강남구,01,0101,서울특별시 강남구 신사동 533-11,1522-3232,37.521933,0,1159,20161227,T05@T08@T16@T17@T20@T22@T30@@T36@T43@T56@T57@T64@T65@T69@T71
청담스타R,서울,강남구,01,0101,서울특별시 강남구 청담동 89-4,1522-3232,37.525216,0,1146,20161214,T03@T05@T08@T16@T17@T20@T26@T29@T30@T33@@@@T42@T56@T57@T64@T65@T69@P80@T09
강남우성,서울,강남구,01,0101,서울특별시 강남구 역삼동 832-3 강남역 쉐르빌,1522-3232,37.492396,0,1129,20161110,Z9999@T05@T08@T16@T17@T20@T21@T30@T34@@T43@T56@T57@T64@T65@T69@T71@P80@P90
학동사거리,서울,강남구,01,0101,서울특별시 강남구 논현2동 93-2번지,1522-3232,37.52247510377488,0,991,20150911,Z9999@T05@T08@T16@T17@T20@T21@T30@T34@@@@T43@T51@T56@T57@T64@T65@T69@T71
대치사거리,서울,강남구,01,0101,서울특별시 강남구 대치동 960-5 티아빌딩,1522-3232,37.503331,0,1062,20160512,Z9999@T05@T08@T16@T17@T20@T21@T30@T34@@@@T43@T56@T57@T64@T65@T69@T71@P80
포스코사거리,서울,강남구,01,0101,서울특별시 강남구 삼성동 157-36 화진빌딩,1522-3232,37.5075307,0,1038,20160224,Z9999@T05@@T16@T17@T20@T21@T30@T34@@T36@@T43@T56@T57@T64@T65@T69@T71
을지병원사거리,서울,강남구,01,0101,서울특별시 강남구 논현동 59-8 구산빌딩,1522-3232,37.5191632,0,914,20150422,Z9999@T05@T08@T16@T17@T20@T21@T30@T34@@@T36@@T43@T51@@T56@T57@T64@T65@T69@T71@P80@P90
신사역,서울,강남구,01,0101,서울특별시 강남구 논현동 1-3 렉스타워,1522-3232,37.5162021,0,863,20141211,Z9999@T05@T08@T16@T17@T20@T21@T30@T34@@@@T43@T51@T56@T57@T63@T64@T65@T69@T71@P80
도곡역,서울,강남구,01,0101,서울특별시 강남구 대치동 651,1522-3232,37.492167,0,825,20140828,Z9999@T05@T08@T16@T17@T20@T21@T22@T30@T34@@@T43@T51@T56@T57@T64@T65@T69@T71@P60@P80@T09
서울세관사거리,서울,강남구,01,0101,서울특별시 강남구 논현동 238-5 한국건설기술인협회,1522-3232,37.514887,0,815,20140731,Z9999@T05@T08@T16@T17@T20@T21@T30@T34@@T36@@@T43@T51@T56@T57@T64@T65@T69@T71@P80@P90
청담사거리,서울,강남구,01,0101,서울특별시 강남구 청담동 6-5 리츠타워,1522-3232,37.5238436444947,0,734,20140220,Z9999@T05@T08@T16@T17@T20@T21@T30@T36@@@T56@T57@T64@T65@T69@P80@P90@T09
한티역,서울,강남구,01,0101,서울특별시 강남구 대치동 1024 디마크빌딩 101호,1522-3232,37.496801,0,687,20131108,Z9999@T05@T08@T16@T17@T20@T30@T34@@T36@@T43@T51@T56@T57@T64@T65@T69@T71@P80@T09
역삼초교사거리,서울,강남구,01,0101,서울특별시 강남구 역삼동 830-71,1522-3232,37.49416922110828,0,752,20140326,Z9999@T05@T08@T16@T17@T20@T21@T30@T34@@T36@T43@T56@T57@T64@T65@T69@T71
코엑스몰,서울,강남구,01,0101,서울특별시 강남구 삼성동 159 코엑스 O103호,1522-3232,37.513715,0,744,20140301,Z9999@T05@T08@T16@T17@T20@T30@T34@@T51@T56@T57@T64@T65@T69@P40@P80@P90@T09
가로수길,서울,강남구,01,0101,서울특별시 강남구 신사동 529-10 1~2층,1522-3232,37.5231593,0,672,20131004,Z9999@T05@T08@T16@T17@T20@T30@T34@@@@T43@T56@T57@T64@T65@T69@T71@P90
역삼대로,서울,강남구,01,0101,서울특별시 강남구 역삼동 678-39번지 한국고등교육재단빌딩1층,1522-3232,37.501623,0,632,20130625,Z9999@T05@T08@T16@T17@T20@T21@T30@@@T36@T43@T57@T64@T65@T69@T71@P80
역삼포스코,서울,강남구,01,0101,서울특별시 강남구 역삼동 735-3번지 P&S TOWER,1522-3232,37.499721,0,636,20130709,Z9999@T05@T08@T16@T17@T20@T21@T30@T34@@T36@T43@T57@T64@T65@T69@T71@P80@P90@T09
강남대로,서울,강남구,01,0101,서울특별시 강남구 역삼동 809-10번지 한석타워 2층 1-2호,1522-3232,37.50314,0,630,20130620,Z9999@T05@T08@T16@T17@T20@T21@T22@T30@T34@@T36@T43@T56@T57@T64@T65@T69@T71@P80
청담,서울,강남구,01,0101,서울특별시 강남구 청담동 52-1 인희빌딩 1층,1522-3232,37.5243631,0,667,20130917,Z9999@T05@T08@T16@T17@T20@T21@T30@T36@@@T43@T57@T64@T65@T69@T71@P80
삼성교,서울,강남구,01,0101,서울특별시 강남구 대치동 1001-8 외 2필지 동남유화빌딩1층,1522-3232,37.507794,0,607,20130423,Z9999@T05@T08@T16@T17@T20@T30@T34@@T43@T56@T57@T64@T65@T69@T71@P80@P90
학동역,서울,강남구,01,0101,서울특별시 강남구 논현동 87,1522-3232,37.51464884,0,251,20040830,Z9999@T05@T08@T16@T17@T20@T21@T30@T34@T36@@@T51@T56@T57@T63@T64@T65@T69@P80
대치,서울,강남구,01,0101,서울특별시 강남구 대치동 988-17 대진빌딩,1522-3232,37.49966175,0,200,20030509,Z9999@T05@T08@T16@T17@T20@T21@T30@T34@@@T43@T51@T56@T57@T64@T65@T69@T71@P80@P90
신세계푸드마켓도곡,서울,강남구,01,0101,서울특별시 강남구 도곡동 467-17 타워팰리스Ⅱ F 지하1층,1522-3232,37.490102006982106,0,198,20030115,Z9999@@T05@T08@T16@T17@T20@@@T30@@@@@@@@T56@T57@T64@T65@T69@P40@P80@P90@T09
삼성,서울,강남구,01,0101,서울특별시 강남구 삼성동 144-25 태리타워 1층,1522-3232,37.50689645929321,0,180,20020329,Z9999@T05@T08@T16@T17@T20@T21@T30@T34@T36@@T51@T56@T57@T64@T65@T69@P90@T09
선릉세화빌딩,서울,강남구,01,0101,서울특별시 강남구 대치동 889-70 세화빌딩 1층,1522-3232,37.50377562,0,170,20011110,Z9999@T05@T08@T16@T17@T20@T30@T34@@@@T43@T56@T57@T64@T65@T69@T71@P80
압구정역,서울,강남구,01,0101,서울특별시 강남구 신사동 580-2 관영빌딩 1층 지하1층,1522-3232,37.52674095,0,158,20010310,T05@T08@T16@T17@T20@T21@T30@T34@T36@@@T43@T51@T56@T57@T64@T65@T69@T71@P80@P90
압구정로,서울,강남구,01,0101,서울특별시 강남구 신사동 635-13,1522-3232,37.5268256687184,0,283,20071221,Z9999@T05@T08@T16@T17@T20@T21@T30@T34@T36@@@@T43@T51@@T57@T65@T69@T71
구역삼사거리,서울,강남구,01,0101,서울특별시 강남구 역삼동 747-21,1522-3232,37.495890648099504,0,279,20080528,Z9999@T05@T08@T16@T17@T20@T21@T30@@@T43@T56@T57@T64@T65@T69@T71@P80@P90@T09
큰길타워,서울,강남구,01,0101,서울특별시 강남구 역삼동 677-25 큰길타워,1522-3232,37.50236693,0,278,20050310,T05@T08@T16@T17@T20@T21@T30@T34@@T36@@T43@T56@T57@T64@T65@T69@T71@P80@P90@T09
강남구청역,서울,강남구,01,0101,서울특별시 강남구 논현동 241-7 웰빙센터 1층,1522-3232,37.5165849,0,275,20050420,Z9999@T05@T08@T16@T17@T20@T21@T30@T34@@@T36@@T43@T56@T57@T64@T65@T69@T71@P80@T09
대치역,서울,강남구,01,0101,서울특별시 강남구 대치동 507 윈플러스상가 107호,1522-3232,37.493554,0,274,20050510,Z9999@T02@T05@T08@T16@T17@T20@T21@T30@T34@@T36@T43@T51@T56@T57@T64@T65@T69@T71@P80@P90@T09
포이,서울,강남구,01,0101,서울특별시 강남구 개포4동 1229-1,1522-3232,37.47781106,0,272,20050530,Z9999@T05@T08@T16@T17@T20@T21@T30@T34@T36@T43@T56@T57@T64@T65@T69@T71@P90
아크플레이스,서울,강남구,01,0101,서울특별시 강남구 역삼동 736-1,1522-3232,37.49971982,0,19,20060421,Z9999@T05@T08@T16@T17@T20@T21@T30@T36@@@T56@T57@T64@T65@T69@P80@T09
학여울역,서울,강남구,01,0101,서울특별시 강남구 대치동 994-10,1522-3232,37.49803646,0,3,20060223,Z9999@T05@T08@T16@T17@T20@T21@T30@T34@@@T36@T43@T51@T56@T57@T65@T69@T71@P80
선정릉역,서울,강남구,01,0101,서울특별시 강남구 삼성2동 37-17 에프오빌딩,1522-3232,37.51075489999999,0,989,20150922,Z9999@T05@T08@T16@T17@T20@T21@T30@T34@@T36@@@T56@T57@T64@T65@T69@P80
삼성현대힐,서울,강남구,01,0101,서울특별시 강남구 삼성동 51번지,1522-3232,37.51350444312708,0,58,20081205,Z9999@T05@@T08@T16@T17@T20@T21@T30@@@@T43@T56@T57@T64@T65@T69@T71@P80
GS타워,서울,강남구,01,0101,서울특별시 강남구 역삼동 679,1522-3232,37.5018592,0,266,20050806,T05@@T08@T16@T17@T20@T21@T30@T34@@@T36@T51@T56@T57@T64@T65@T69@P80@T09
압구정미소,서울,강남구,01,0101,서울특별시 강남구 신사동 583-3,1522-3232,37.523912710310014,0,259,20041210,Z9999@T05@T08@T16@T17@T20@T21@T30@T34@@@@T43@@T56@T57@T64@T65@T69@T71@P80@P90@T09
선릉역,서울,강남구,01,0101,서울특별시 강남구 역삼동 708-6 LG화재 빌딩,1522-3232,37.50393894,0,258,20041119,Z9999@T05@T08@T16@T17@T20@T21@T30@T34@@@@T43@T56@T57@T64@T65@T69@T71@P80@P90@T09
코엑스사거리,서울,강남구,01,0101,서울특별시 강남구 삼성동 91-31,1522-3232,37.515351,0,484,20120227,@T05@T08@T16@T17@T20@T21@T30@T34@T36@@T43@@T56@T57@T65@T69@T71@P80@P90@T09
역삼럭키,서울,강남구,01,0101,서울특별시 강남구 역삼동 798-30,1522-3232,37.492209,0,471,20120110,Z9999@T05@T08@T16@T17@T20@T21@T30@@@T43@T57@T64@T65@T69@T71
신압구정,서울,강남구,01,0101,서울특별시 강남구 신사동 639-7번지,1522-3232,37.52809330107192,0,394,20110607,Z9999@T05@T08@T16@T17@T20@T21@T30@T34@@@T36@@T43@T51@@T56@T57@T63@T64@T65@T69@T71@P90@T09
아크로힐스논현,서울,강남구,01,0101,서울특별시 강남구 역삼동 681번지 금강빌딩 1-2층,1522-3232,37.509013311862645,0,306,20091223,Z9999@T05@T08@T16@T17@T20@T21@T30@T34@@T36@@@T56@T57@T64@T65@T69@P80
강남비젼타워,서울,강남구,01,0101,서울특별시 강남구 역삼동 826-26번지 1층 101호,1522-3232,37.4964557,0,497,20120330,Z9999@T05@T08@T16@T17@T20@T21@T30@@@T43@T51@T56@T57@T63@T64@T65@T69@T71@P80@P90@T09
압구정로데오역,서울,강남구,01,0101,"서울특별시 강남구 청담동 84-3번지 삼원빌딩 1,2층",1522-3232,37.526562559707806,0,338,20100831,Z9999@@T05@T08@T16@T17@T20@T21@T30@T34@@@@T43@T56@T57@T64@T65@T69@T71@P80@P90
르네상스사거리,서울,강남구,01,0101,서울특별시 강남구 역삼동 706-1번지,1522-3232,37.50268239475304,0,316,20100325,Z9999@T05@T08@T16@T17@T20@T21@T30@@T36@@T43@T56@T57@T64@T65@T69@T71@P80@T09
포스코,서울,강남구,01,0101,서울특별시 강남구 대치동 942-5번지 1층,1522-3232,37.50576457783876,0,325,20100714,Z9999@T05@T08@T16@T17@T20@T21@T30@T34@@@@T43@T51@T57@T64@T65@T69@T71
선릉로,서울,강남구,01,0101,서울특별시 강남구 역삼동 697-45 대흥빌딩 1층,1522-3232,37.50498118534617,0,565,20121114,Z9999@T05@T08@T16@T17@T20@T21@T30@@T43@T56@T57@T64@T65@T69@T71@P80@P90
논현힐탑,서울,강남구,01,0101,서울특별시 강남구 논현동 216-5번지,1522-3232,37.511685,0,430,20110829,Z9999@T02@T05@T08@T16@T17@T20@T21@T30@T34@@@T36@@T43@T57@T64@T65@T69@T71@P80@P90
도산가로수길,서울,강남구,01,0101,서울특별시 강남구 논현동 5번지 2층,1522-3232,37.51736229999999,0,433,20110907,Z9999@T05@T08@T16@T17@T20@T21@T30@@@@T56@T57@T64@T65@T69@P80@P90
매봉역,서울,강남구,01,0101,서울특별시 강남구 도곡동 411-19 지앤지빌딩,1522-3232,37.4859095,0,2319,20240910,Z9999@T05@T08@T16@T17@T20@T21@T30@T34@T36@T43@T51@T56@T57@T63@T65@T69@T71
호림아트센터,서울,강남구,01,0101,서울특별시 강남구 신사동 651-24 호림아트센터 1빌딩,1522-3232,37.522514,0,2520,20260130,T05@T08@T16@T17@T20@T21@T30@T34@T43@T56@T57@T64@T65@T69@T71@T09
청담역6번출구,서울,강남구,01,0101,"서울특별시 강남구 삼성동 65-5, 65-10",1522-3232,37.516602079007875,0,2497,20251211,T05@T08@T16@T17@T20@T21@T30@T34@T43@T56@T57@T64@T65@T67@T69@T71
강남자곡,서울,강남구,01,0101,"서울특별시 강남구 자곡동 650, 107~109호",1522-3232,37.4730637068202,0,2509,20251226,Z9999@T05@T08@T16@T17@T20@T21@T30@T34@T43@T51@T56@T57@T64@T65@T69@T71@P90
삼성휘문,서울,강남구,01,0101,서울특별시 강남구 대치동 947-1,1522-3232,37.50718,0,2550,20260410,Z9999@T05@T08@T16@T17@T20@T21@T30@T34@T43@T51@T56@T57@T64@T65@T69@T71@P80
대치선릉,서울,강남구,01,0101,서울특별시 강남구 대치동 890-60 H 타워,1522-3232,37.5047428849251,0,2565,20260430,Z9999@T05@T08@T16@T17@T20@T21@T30@T34@T43@T51@T56@T57@T64@T65@T69@T71
대치한티,서울,강남구,01,0101,서울특별시 강남구 대치동 922-1 SH타워,1522-3232,37.4984818,0,1760,20210128,Z9999@T05@T08@T16@T17@T20@T21@T30@T34@@T43@T56@T57@T64@T65@T69@T71@P80@P90
개포동,서울,강남구,01,0101,서울특별시 강남구 개포동 167-9,1522-3232,37.4828551359882,0,2125,20230421,Z9999@T05@T08@T16@T17@T20@T21@T30@T34@T43@T51@T56@T57@T64@T65@T69@T71
수서역사거리,서울,강남구,01,0101,서울특별시 강남구 수서동 724 로즈데일오피스텔,1522-3232,37.487400776036274,0,1873,20210929,Z9999@T05@T08@T16@T17@T20@T21@T30@T34@T36@@@T51@T56@T57@T64@T65@T69@P60@P80@P90@T09
코엑스아셈타워,서울,강남구,01,0101,서울특별시 강남구 삼성동 159 코엑스아셈타워 AT-01호,1522-3232,37.513019,0,1710,20201104,Z9999@T05@T08@T16@T17@T20@T30@T34@@T56@T57@T64@T65@T69@P40@P80@P90@T09
강남차여성병원,서울,강남구,01,0101,서울특별시 강남구 역삼동 605 마티네 차움,1522-3232,37.5064031867752,0,2428,20250710,T05@T08@T16@T17@T20@T21@T30@T34@T36@T43@T56@T57@T64@T65@T67@T69@T71@P70@P80@P90
센터필드R,서울,강남구,01,0101,서울특별시 강남구 역삼동 676 센터필드,1522-3232,37.50369465391196,0,1831,20210727,Z9999@T03@T05@T08@T16@T17@T20@T21@T26@T29@T30@T34@@T36@T37@T39@T41@T42@T51@T56@T57@T64@T65@T69@P40@P90@T09
도산사거리,서울,강남구,01,0101,서울특별시 강남구 논현동 70-6 트리스빌딩,1522-3232,37.51966,0,1813,20210610,Z9999@T05@T08@T16@T17@T20@T21@T30@T34@@T36@@T43@T51@T56@T57@T64@T65@T69@T71
강남세곡,서울,강남구,01,0101,서울특별시 강남구 세곡동 551 팜모드빌딩,1522-3232,37.467274319644,0,1800,20210422,Z9999@T05@T08@T16@T17@T20@T21@T30@T34@@T43@T56@T57@T65@T69@T71@T09
대치삼성,서울,강남구,01,0101,서울특별시 강남구 대치동 993-1,1522-3232,37.500313,0,1716,20201008,Z9999@T05@T08@T16@T17@T20@T21@T30@T34@@T56@T57@T64@T65@T69@P40@T09
강남아이퀘스트,서울,강남구,01,0101,서울특별시 강남구 역삼동 839-16 아우디 도곡로 전시장,1522-3232,37.4904345093246,0,2534,20260320,Z9999@T05@T08@T16@T17@T20@T21@T30@T34@T43@T51@T56@T57@T64@T65@T69@T71@T09
언주역,서울,강남구,01,0101,서울특별시 강남구 역삼동 652-2,1522-3232,37.507975,0,2057,20221124,Z9999@T05@T08@T16@T17@T20@T21@T30@T34@T36@@T51@T56@T57@T64@T65@T69@P90
한티역8번출구,서울,강남구,01,0101,서울특별시 강남구 역삼동 765-17,1522-3232,37.4964928018315,0,2522,20260130,Z9999@T05@T08@T16@T17@T20@T21@T30@T34@T43@T51@T56@T57@T64@T65@T69@T71@P80
신논현역3번출구,서울,강남구,01,0101,서울특별시 강남구 논현동 199 대남빌딩,1522-3232,37.5058769838995,0,2514,20260130,Z9999@T05@T08@T16@T17@T20@T21@T30@T34@T43@T51@T56@T57@T65@T67@T69@T71@T09
강남파이낸스센터,서울,강남구,01,0101,"서울특별시 강남구 역삼동 737 강남파이낸스센터, 1층 B호",1522-3232,37.49993577,0,2437,20250731,Z9999@T05@T08@T16@T17@T20@T21@T30@T34@T36@T51@T56@T57@T63@T64@T65@T69@P80@T09
강남역신분당역사,서울,강남구,01,0101,서울특별시 강남구 역삼동 858,1522-3232,37.4970572543978,0,1975,20220512,Z9999@@T05@T08@T16@T17@T20@T21@T30@T34@@T51@T56@T57@T64@T65@T69@T74@P80@P90
삼성역,서울,강남구,01,0101,서울특별시 강남구 대치동 996-1번지,1522-3232,37.509281,0,2000,20220707,Z9999@T05@T08@T16@T17@T20@T21@T30@T34@@T36@T43@T51@T56@T57@T64@T65@T69@T71@P80@P90
테헤란로아남타워,서울,강남구,01,0101,서울특별시 강남구 역삼동 702-10 아남타워빌딩,1522-3232,37.50383,0,1752,20210107,Z9999@T05@T08@T16@T17@T20@T21@T22@T30@T34@@T36@T56@T57@T64@T65@T69@T73@P90
강남논현,서울,강남구,01,0101,서울특별시 강남구 논현동 164-7,1522-3232,37.5078978596254,0,1902,20211216,T05@T08@T16@T17@T20@T21@T30@T34@@T43@T51@@T57@T64@T65@T69@T71
삼성동,서울,강남구,01,0101,서울특별시 강남구 삼성동 168-22 페코빌딩,1522-3232,37.510843366121534,0,1846,20210806,T05@T08@T16@T17@T20@T21@T30@T34@T51@T57@T64@T65@T69@P80@P90
리저브도산,서울,강남구,01,0101,"서울특별시 강남구 신사동 656-4, 1,2층",1522-3232,37.525547584913184,0,2398,20250429,Z9999@T03@T08@T16@T17@T20@T21@T26@T29@T33@T34@T36@T37@T39@T41@T57@T69@T09
압구정역사3번출구,서울,강남구,01,0101,서울특별시 강남구 신사동 603 ANdAZ 지하1층,1522-3232,37.52575281715033,0,2371,20241227,T05@T08@T16@T17@T20@T21@T30@T34@T36@T43@@T51@T56@T57@T64@T65@T66@T69@T71@P80
청담역,서울,강남구,01,0101,서울특별시 강남구 청담동 47-2,1522-3232,37.5194407323478,0,2204,20231101,Z9999@T05@T08@T16@T17@T20@T21@T30@T34@@T43@T51@@T56@T57@T64@T65@T69@T71@P80
압구정현대아파트,서울,강남구,01,0101,서울특별시 강남구 신사동 574-4,1522-3232,37.52521971236768,0,2245,20240304,Z9999@T05@T08@T16@T17@T20@T21@T30@T34@@T43@T51@T56@T57@T64@T65@T69@T71@T75
강남청담빌딩,서울,강남구,01,0101,서울특별시 강남구 청담동 41 청담빌딩,1522-3232,37.517887,0,2331,20240929,Z9999@T05@T08@T16@T17@T20@T21@T30@T34@T36@T43@T51@T56@T57@T63@T64@T65@T69@T71@P80
케이스퀘어강남,서울,강남구,01,0101,서울특별시 강남구 역삼동 819,1522-3232,37.4991914625768,0,2351,20241122,Z9999@T05@T08@T17@T20@T21@T30@T34@T36@T43@T51@T56@T57@T63@T65@T68@T69@T71@P80@P90
강남세곡DT,서울,강남구,01,0101,"서울특별시 강남구 세곡동 21-3, 21-1, 21-10(일부)",1522-3232,37.466993809277,0,2217,20231130,Z9999@T01@T05@T08@T16@T17@T20@T21@T30@T34@T36@T43@T51@T56@T57@T65@T69@T71@P90
미아뉴타운,서울,강북구,01,0102,서울특별시 강북구 미아동 812-2 행전빌딩,1522-3232,37.618319,0,1120,20161007,Z9999@T05@T08@T16@T17@T20@@T21@T30@T34@@T36@@T43@@T56@T57@T65@T69@T71
강북구청사거리,서울,강북구,01,0102,서울특별시 강북구 수유동 174-13,1522-3232,37.639987861152015,0,971,20150818,Z9999@T05@T08@T16@T17@T20@T21@T30@T34@@T36@@T43@@T56@T57@T64@T65@T69@T71@P80
미아사거리역,서울,강북구,01,0102,서울특별시 강북구 미아동 35-30,1522-3232,37.611831247629375,0,872,20141223,Z9999@T05@T08@T16@T17@T20@T21@T30@T34@T36@@@T43@@T56@T57@T65@T69@T71@P80
수유역,서울,강북구,01,0102,서울특별시 강북구 번동 418-17,1522-3232,37.6380167,0,254,20041014,Z9999@T05@T08@T16@T17@T20@T21@T30@T34@@T36@@T43@@T56@T57@T64@T65@T69@T71@P80
미아역,서울,강북구,01,0102,서울특별시 강북구 미아동 121-19번지,1522-3232,37.626148,0,509,20120425,Z9999@T05@T08@@T16@T17@T20@T21@T30@T34@T36@@@T43@T51@@T56@T57@T65@T69@T71@P80
수유역5번출구,서울,강북구,01,0102,서울특별시 강북구 수유동 740 에피소드 수유 838,1522-3232,37.636722675028174,0,2314,20240905,Z9999@T05@T08@T16@T17@T20@T21@T30@T34@T36@@T43@T51@T56@T57@T63@T65@T69@T71@P80@T09
서울안토,서울,강북구,01,0102,서울특별시 강북구 우이동 산14-3,1522-3232,37.66419549576315,0,1858,20210827,T05@T08@T16@T17@T20@T21@T30@T34@@@T51@T56@T57@T65@T69@P30
발산역사거리,서울,강서구,01,0103,서울특별시 강서구 마곡동 801-2,1522-3232,37.558509,0,1547,20190930,T05@T08@T16@T17@T20@T21@T30@T34@@@@T43@@T56@T57@T64@T65@T69@T71@P80@P90@T09
마곡역,서울,강서구,01,0103,서울특별시 강서구 마곡동 798-3,1522-3232,37.559611,0,1625,20200409,Z9999@T05@T08@T16@T17@T20@T21@T30@T34@@@T36@T56@T57@T64@T65@T69@P80@T09
우장산역,서울,강서구,01,0103,서울특별시 강서구 내발산동 719-6 송화쇼핑센터,1522-3232,37.549510038803994,0,1383,20180626,Z9999@T05@T08@T16@T17@T20@T21@T30@@@@T43@T56@T57@T65@T69@T71@P80@P90@T09
마곡사이언스타워R,서울,강서구,01,0103,서울특별시 강서구 마곡동 796-3 마곡사이언스타워,1522-3232,37.5605261,0,1396,20180731,Z9999@T03@T05@T08@T16@T17@T20@T21@T26@T29@T30@T33@T34@T36@@@T37@T39@T41@T42@T56@T57@T64@T65@T69@P90
방화DT,서울,강서구,01,0103,"서울특별시 강서구 방화동 293-4, 293-14, 293-15",1522-3232,37.574456834773024,0,1311,20171213,Z9999@T01@T05@T08@T16@T17@T20@T30@T34@@T36@@@T43@T56@T57@T65@T69@T71@T09
마곡나루역,서울,강서구,01,0103,"서울특별시 강서구 마곡동 759-3 보타닉파크타워Ⅰ105,203,204호",1522-3232,37.56813,0,1267,20170907,Z9999@T05@T08@T16@T17@T20@T21@T30@@T36@@@T43@T56@T57@T64@T65@T69@T71@P80@T09
마곡GMG,서울,강서구,01,0103,서울특별시 강서구 마곡동 773-2 마곡지엠지타워,1522-3232,37.560487,0,1217,20170510,Z9999@T05@T08@T16@T17@T20@T21@T30@T34@T36@@@@T43@@T56@T57@T64@T65@T69@T71@P40
가양역,서울,강서구,01,0103,서울특별시 강서구 등촌동 73-1 금부빌딩,1522-3232,37.56164,0,1196,20170331,Z9999@T05@T08@T16@T17@T20@T21@T30@T36@@@@T43@@T56@T57@T65@T69@T71@P80@T09
화곡DT,서울,강서구,01,0103,서울특별시 강서구 화곡동 772-67,1522-3232,37.5350107501795,0,1114,20161011,Z9999@T01@T05@T08@T16@T17@T20@T30@T34@@@@T56@T57@T65@T69@T09
화곡동,서울,강서구,01,0103,서울특별시 강서구 화곡동 1073-10,1522-3232,37.540619019726435,0,909,20150327,Z9999@T05@T08@T16@T17@T20@T21@T30@T34@@@@T43@T55@@T56@T57@T65@T69@T71@T09
염창역,서울,강서구,01,0103,서울특별시 강서구 염창동 282-23,1522-3232,37.547359,0,703,20131213,Z9999@@T05@T08@T16@T17@T20@T21@T30@T34@T36@@@@T43@@T56@T57@T65@T69@T71@P80@T09
발산역,서울,강서구,01,0103,서울특별시 강서구 등촌동 678-14 그랜드마트,1522-3232,37.56033524296544,0,731,20140207,Z9999@T05@T08@T16@T17@T20@T21@T30@@@@T43@T56@T57@T65@T69@T71@P80@T09
까치산역,서울,강서구,01,0103,서울특별시 강서구 화곡동 343-1번지,1522-3232,37.5323235082489,0,549,20120905,Z9999@@T05@T08@T16@T17@T20@T21@T30@T34@@@@T43@T51@@T56@T57@T63@T65@T69@T71@P80@P90@T09
마곡코엑스,서울,강서구,01,0103,"서울특별시 강서구 마곡동 767, 르웨스트시티 제본동 제1층 샵4/5호",1522-3232,37.5653031840314,0,2479,20251128,T05@T08@T16@T17@T20@T21@T30@T34@T36@T43@T51@T55@T56@T57@T65@T69@T71@P90@T09
염창대로,서울,강서구,01,0103,"서울특별시 강서구 염창동 260, 101호",1522-3232,37.5485479128966,0,2288,20240628,T05@T08@T16@T17@T20@T30@T34@T36@T43@T56@T57@T65@T69@T71@P90
발산역5번출구,서울,강서구,01,0103,"서울특별시 강서구 내발산동 647 DH647, 1층 일부",1522-3232,37.5579224739977,0,2196,20231013,T05@T08@T16@T17@T20@T21@T30@T34@@T43@T51@T55@@T56@T57@T65@T69@T71@P80@T09
양천향교역,서울,강서구,01,0103,서울특별시 강서구 마곡동 776-2 마곡센트럴대방디엠시티오피스텔 121-1 121-2호,1522-3232,37.56785182406142,0,2496,20251224,T05@T08@T16@T17@T20@T21@T30@T34@T43@T51@T56@T57@T64@T65@T67@T69@T71@P80@T09
화곡역8번출구,서울,강서구,01,0103,"서울특별시 강서구 화곡동 1051-22, 1층 일부",1522-3232,37.54227920628,0,2013,20220801,Z9999@T02@T05@T08@T16@T17@T20@T21@T30@T34@@T43@T51@@T56@T57@T64@T65@T69@T71
강서우장산,서울,강서구,01,0103,"서울특별시 강서구 화곡동 1013-3 우장산역 해링턴 타워, 116/117/118/119/120호",1522-3232,37.54661114997271,0,2003,20220712,Z9999@T05@T08@T16@T17@T20@T21@T30@T34@T36@@T43@T51@@T56@T57@T65@T69@T71@P90@T09
등촌대로,서울,강서구,01,0103,서울특별시 강서구 염창동 274-17 센터스퀘어,1522-3232,37.5504921817371,0,1771,20210303,Z9999@T05@T08@T16@T17@T20@T21@T30@T34@T36@@@T43@T56@T57@T65@T69@T71@P90@T09
마곡보타닉게이트,서울,강서구,01,0103,서울특별시 강서구 마곡동 779,1522-3232,37.56910032273387,0,2393,20250417,T05@T08@T16@T17@T20@T30@T34@T36@T43@T51@@T56@T57@T63@T64@T65@T69@T71@P90@T09
가양역사거리,서울,강서구,01,0103,"서울특별시 강서구 등촌동 628-9 가양더스카이벨리5차 지식산업센터 101, 102, 114,~117호",1522-3232,37.56007,0,1839,20210806,Z9999@T05@T08@T16@T17@T20@T21@T30@T34@@@T43@T51@@T56@T57@T64@T65@T69@T71@P80@P90@T09
원그로브,서울,강서구,01,0103,서울특별시 강서구 마곡동769 WB115호,1522-3232,37.56124715192089,0,2407,20250523,Z9999@T05@T08@@T16@T17@@T20@T21@T30@T34@T36@T51@T56@T57@T63@T65@P80@T09
내발산,서울,강서구,01,0103,"서울특별시 강서구 내발산동 668, 101/102호",1522-3232,37.55467,0,1903,20211209,T05@T08@T16@T17@T20@T21@T30@T34@@T36@T43@T51@@T56@T57@T65@T69@T71@P90@T09
마곡웰튼,서울,강서구,01,0103,"서울특별시 강서구 마곡동 759-2, 104/105/106호",1522-3232,37.5671428910102,0,1940,20220323,Z9999@T05@T08@T16@T17@T20@T21@T30@T34@T36@@T43@T51@T56@T57@T64@T65@T69@T71@T09
김포공항국내선,서울,강서구,01,0103,서울특별시 강서구 공항동 1373-5 김포공항 국내선터미널 3층,1522-3232,37.55912618463173,0,2518,20260123,T05@T16@T17@T18@T20@T27@T30@T34@T51@T56@T57@T63@T64@@@T69@P10
김포공항DT,서울,강서구,01,0103,서울특별시 강서구 방화동 645-6,1522-3232,37.56627942080141,0,1998,20220714,T01@T05@T08@T16@T17@T20@T21@T30@T34@@T36@T43@T51@T56@T57@T65@T69@T71@T09
강서NC,서울,강서구,01,0103,"서울특별시 강서구 등촌동 689 엔씨백화점 1F, 일부",1522-3232,37.55978002533287,0,1864,20210915,Z9999@T05@T08@T16@T17@T20@T21@T30@T34@@T36@T43@T51@T56@T57@T64@T65@T69@T71@P40@P90@T09
김포공항국제선,서울,강서구,01,0103,서울특별시 강서구 방화동 886 (면세구역 내 35번 게이트 옆),1522-3232,37.56604490355177,0,2378,20250207,T05@T18@T30@T34@T36@T51@T56@T57@T63@T64@T69@P10
마곡케이스퀘어,서울,강서구,01,0103,"서울특별시 강서구 마곡동 768-1, 1층 일부",1522-3232,37.562374500980084,0,2394,20250416,T05@T08@T16@T17@T20@T21@T30@T34@T36@T43@T51@T56@T57@@@T64@T65@T69@T71@P80@T09
마곡나루공원,서울,강서구,01,0103,서울특별시 강서구 마곡동 743-1,1522-3232,37.567007,0,1783,20210415,Z9999@T05@T08@T16@T17@T20@T21@T30@T34@@@T43@@T56@T57@T65@T69@T71@P80@P90@T09
송정역,서울,강서구,01,0103,"서울특별시 강서구 공항동 32-3, 1층 일부",1522-3232,37.56105570786667,0,2194,20231011,T05@T08@T16@T17@T20@T21@T30@T34@T36@@T43@T51@@@T55@T56@T57@T65@T69@T71@P80@P90
강서구청사거리,서울,강서구,01,0103,서울특별시 강서구 화곡동 1111 SJ라벨라,1522-3232,37.5549266,0,1769,20210224,Z9999@T05@T08@T16@T17@T20@T21@T30@T34@T36@@@T43@@T56@T57@T65@T69@T71@P90@T09
낙성대역,서울,관악구,01,0104,서울특별시 관악구 봉천동 1660-1,1522-3232,37.477760129939064,0,1546,20190927,Z9999@T05@T08@T16@T17@T20@T21@T30@T34@@@T43@@T56@T57@T65@T69@T71@P80@P90
관악서울대입구R,서울,관악구,01,0104,서울특별시 관악구 봉천동 856-6 BS타워,1522-3232,37.47932480888598,0,1500,20190531,Z9999@T03@T05@T08@T16@T17@T20@T21@T26@T29@T30@T33@@@T37@T39@T41@T42@T56@T57@T65@T69@P20@P80@P90
신림DT,서울,관악구,01,0104,"서울특별시 관악구 신림동 564-12, 564-11",1522-3232,37.480935,0,1292,20180208,Z9999@T01@T05@T08@T16@T17@T20@T30@@@T43@T56@T57@T65@T69@T71@P90
서울대역,서울,관악구,01,0104,서울특별시 관악구 봉천동 861-6,1522-3232,37.48166265091104,0,1143,20161209,Z9999@T05@T08@T16@T17@T20@@T30@@T36@@T43@T56@T57@T65@T69@T71@P20@P80@P90
낙성대DT,서울,관악구,01,0104,서울특별시 관악구 봉천동 1657-3,1522-3232,37.476243169019526,0,1094,20160729,Z9999@T01@T05@T08@T16@T17@T20@T30@T34@@T36@T56@T57@T65@T69@P80@P90
사당,서울,관악구,01,0104,서울특별시 관악구 남현동 1060-10,1522-3232,37.4760559,0,733,20140213,Z9999@@T05@T08@T16@T17@T20@T21@T30@T36@@@@T51@T56@T57@T64@T65@T69@P80
보라매대교빌딩,서울,관악구,01,0104,서울특별시 관악구 봉천동 729-21 대교타워 1층,1522-3232,37.491449,0,639,20130709,Z9999@T05@T08@T16@T17@T20@T21@T30@T34@@@T43@@T56@T57@T64@T65@T69@T71@T09
신림,서울,관악구,01,0104,서울특별시 관악구 신림동 1432-71번지,1522-3232,37.48609493,0,24,20090317,T05@T08@T16@T17@T20@T21@T30@T34@@@T43@T51@T57@T65@T69@T71@P80@P90
신림타임스트림,서울,관악구,01,0104,서울특별시 관악구 신림동 1641-2번지 타임스트림 1층,1522-3232,37.48407101920536,0,30,20090227,Z9999@T05@T08@T16@T17@T20@@T30@@@T56@T57@T64@T65@T69@P40@P80@P90@T09
서울대입구역,서울,관악구,01,0104,서울특별시 관악구 봉천동 869-1,1522-3232,37.481207389699065,0,468,20120106,Z9999@T05@T08@T16@T17@T20@T30@T36@@@T43@@T56@T57@T64@T65@T69@T71@P20@P80@P90
신림녹두거리,서울,관악구,01,0104,서울특별시 관악구 신림동 1747 센터스퀘어 서울대점,1522-3232,37.470488195804656,0,2453,20250829,Z9999@T05@T08@T16@T17@T20@T30@T34@T36@@T43@T51@T56@T57@T65@T69@T71@P90@T09
서울대입구역8번출구,서울,관악구,01,0104,서울특별시 관악구 봉천동 852-5,1522-3232,37.4812061,0,2143,20230714,Z9999@T05@T08@T16@T17@T20@T21@T30@T34@T36@@T43@T51@T56@T57@T65@T69@T71@P20@P80
봉천역,서울,관악구,01,0104,서울특별시 관악구 봉천동 927-5 청운빌딩,1522-3232,37.4820375340064,0,1950,20220429,Z9999@T05@T08@T16@T17@T20@T21@T30@T34@@T36@T43@T51@T56@T57@T64@T65@T69@T71@P80@P90
봉천현대시장,서울,관악구,01,0104,"서울특별시 관악구 봉천동 465-2, 1층 101~104호",1522-3232,37.48665266827689,0,2342,20241106,Z9999@T05@T08@T16@T17@T20@T30@T34@T36@T43@T51@T56@T57@T65@T69@T71@P90
낙성대역7번출구,서울,관악구,01,0104,"서울특별시 관악구 봉천동 1687-13, 1687-14 더블유타워 1층 일부",1522-3232,37.4771331,0,2537,20260327,Z9999@T05@T08@T16@T17@T20@T21@T30@T34@T36@T43@T55@T56@T57@T64@T65@T67@T69@T71@P70@P80
건국대,서울,광진구,01,0105,서울특별시 광진구 화양동 5-45,1522-3232,37.5415474727422,0,1544,20191004,Z9999@T05@T08@T16@T17@T20@T21@T30@T34@@@T36@T43@@T56@T57@T64@T65@T69@T71@P20@P80@P90
어린이대공원역,서울,광진구,01,0105,서울특별시 광진구 군자동 236,1522-3232,37.551946,0,1458,20190115,Z9999@T05@T08@T16@T17@T20@T30@@@T43@@T56@T57@T65@T69@T71@P20@P80@P90
아차산역,서울,광진구,01,0105,서울특별시 광진구 구의동 75-19,1522-3232,37.55062116262961,0,1414,20180912,Z9999@T05@T08@T16@T17@T20@T21@T30@@T36@T43@@T56@T57@T65@T69@T71@P80@P90
올림픽대교북단,서울,광진구,01,0105,서울특별시 광진구 구의동 200-2,1522-3232,37.541129,0,1278,20170926,Z9999@T05@T08@T16@T17@T20@T21@T30@@@@T56@T57@T65@T69@P90
구의DT,서울,광진구,01,0105,"서울특별시 광진구 구의동 67-36,37,7",1522-3232,37.54529838924125,0,921,20150429,Z9999@T01@T05@T08@T16@T17@T20@@T30@T34@T36@@T43@T56@T57@T65@T69@T71@P90@T09
자양사거리,서울,광진구,01,0105,서울특별시 광진구 자양동 779,1522-3232,37.5371158,0,882,20150115,Z9999@T05@T08@T16@T17@T20@T21@T30@T34@@@T36@T43@T51@T56@T57@T65@T69@T71@P80@P90@T09
군자역,서울,광진구,01,0105,서울특별시 광진구 군자동 478-5 중앙빌딩,1522-3232,37.557026068940765,0,761,20140411,Z9999@T05@T08@T16@T17@T20@T21@T30@T34@T36@@@T43@T51@@T56@T57@T65@T69@T71@P80@P90
광나루,서울,광진구,01,0105,"서울특별시 광진구 광장동 329-1 1,2층",1522-3232,37.5473711178786,0,659,20130829,Z9999@T05@T08@T16@T17@T20@T21@T30@T34@@@T36@T43@T51@@T56@T57@T65@T69@T71@P20@P80@P90
건대스타시티,서울,광진구,01,0105,"서울특별시 광진구 자양동 227-7  1층 19,20,21호",1522-3232,37.538544,0,139,20070319,Z9999@T05@T08@T16@T17@T20@T21@T30@@@@T43@@T57@T65@T69@T71@P40@P80@P90@T09
건대입구,서울,광진구,01,0105,서울특별시 광진구 화양동 5-47,1522-3232,37.5406604,0,297,20090924,T05@T08@T16@T17@T20@T21@T30@@T57@T69@P20@P80
광장,서울,광진구,01,0105,서울특별시 광진구 광장동 582,1522-3232,37.54261257747251,0,517,20120515,Z9999@T05@T08@T16@T17@T20@T21@T30@T34@@T36@T43@T51@@T56@T57@T63@T65@T69@T71@P90
건국클래식,서울,광진구,01,0105,"서울특별시 광진구 자양동 227-342 더 클래식500  1층 C102,103호",1522-3232,37.538466,0,528,20120629,Z9999@T05@T08@T16@T17@T20@T21@T30@T36@@T43@@T56@T57@T65@T69@T71@P80@P90@T09
건대로데오,서울,광진구,01,0105,서울특별시 광진구 자양동 8-8 더포디엄830,1522-3232,37.5407966413791,0,2454,20250829,Z9999@T05@T08@T16@T17@T20@T21@T30@T34@T43@T51@T56@T57@T64@T65@T67@T69@T71@P80
강변,서울,광진구,01,0105,서울특별시 광진구 구의동 594-4 금성빌딩,1522-3232,37.53474180652488,0,2450,20250829,T05@T16@T17@T20@T21@T27@T30@T34@T36@T43@T51@T56@T57@T64@T65@T66@T71@P70@T09
구의역이스트폴,서울,광진구,01,0105,"서울특별시 광진구 자양동 870, 1층",1522-3232,37.53657397133724,0,2422,20250627,Z9999@T05@T08@T16@T17@T20@T21@T30@T34@T36@T51@T56@T57@T63@T65
건대후문,서울,광진구,01,0105,서울특별시 광진구 화양동 111-12 빌리브 인테라스 B02~B06,1522-3232,37.54603056145237,0,1925,20220127,T05@T08@T16@T17@T20@T21@T30@T34@T36@T43@T51@@T56@T57@T65@T69@T71@P20@P80@P90
중곡역,서울,광진구,01,0105,서울특별시 광진구 중곡동 30-80 보건복지행정타운 1층일부,1522-3232,37.565057005115804,0,1945,20220324,Z9999@T05@T08@T16@T17@T20@T21@T30@T34@@T36@T43@T51@@T56@T57@T64@T65@T69@T71@P80@P90
자양이마트,서울,광진구,01,0105,서울특별시 광진구 자양동 227-7 더샵스타시티 지하1층,1522-3232,37.5386200465941,0,1677,20200813,Z9999@@T05@T08@T16@T17@T20@T30@T34@@@T43@@T56@T57@T64@T65@T69@T71@P40@P90@T09
자양역,서울,광진구,01,0105,서울특별시 광진구 자양동 855 이튼타워리버3차 1층 109호,1522-3232,37.532684640479,0,1936,20220316,Z9999@T05@T08@T16@T17@T20@T21@T30@T34@@T43@T51@@T56@T57@T65@T69@T71@P80@P90
세종대,서울,광진구,01,0105,서울특별시 광진구 군자동 98 세종대학교,1522-3232,37.54914275025103,0,2526,20260227,T05@T16@T17@T20@T21@T30@T34@T56@T57@T64@T67@P20
뚝섬한강공원,서울,광진구,01,0105,서울특별시 광진구 자양동 424,1522-3232,37.52833825339653,0,2439,20250731,Z9999@T05@T08@T16@T17@T20@T30@T34@T51@T56@T57@T63@T65@T68@T69@T09
구의역,서울,광진구,01,0105,"서울특별시 광진구 구의동 683, 101호",1522-3232,37.537063,0,2546,20260330,Z9999@T05@T08@T16@T17@T20@T21@T30@T34@T43@T56@T57@T65@T67@T71@P80
화양삼거리,서울,광진구,01,0105,서울특별시 광진구 화양동 174 건대 트레비앙 오피스텔,1522-3232,37.54774853077512,0,2247,20240321,T05@T08@T16@T17@T20@T21@T30@T34@@T43@T51@@T56@T57@T65@T69@T71@P20@P80@P90
군자사거리,서울,광진구,01,0105,서울특별시 광진구 중곡동 649-4 1층,1522-3232,37.55769507399991,0,1802,20210429,Z9999@T05@T08@T16@T17@T20@T21@T30@T34@T36@@@@T56@T57@T64@T65@T69@P80@P90
금천구청역,서울,금천구,01,0106,"서울특별시 금천구 시흥동 1031, 엠메디컬타워 1층",1522-3232,37.45588672536701,0,1637,20200429,Z9999@T05@T08@T16@T17@T20@T21@T30@T34@@T36@@T56@T57@T65@T69@P70@P80@P90@T09
가산에스케이,서울,금천구,01,0106,"서울특별시 금천구 가산동 371-41, SK V1센터 1층",1522-3232,37.48082408602027,0,1405,20180827,Z9999@T05@T08@T16@T17@T20@T21@T30@@@T56@T57@T64@T65@T69@P80@P90@T09
독산사거리,서울,금천구,01,0106,서울특별시 금천구 독산동 159-23 영진빌딩,1522-3232,37.47158263368701,0,1218,20170519,T05@T08@T16@T17@T20@T21@T30@@@@T43@@T57@T65@T69@T71@P70@P90
금천시흥,서울,금천구,01,0106,서울특별시 금천구 시흥동 904-22 더플레이스,1522-3232,37.44875938266414,0,1184,20170315,Z9999@T05@T08@T16@T17@T20@T21@T30@@@@T43@@T56@T57@T65@T69@T71@P90
가산디지털단지역,서울,금천구,01,0106,"서울특별시 금천구 가산동 50-3, 대륭포스트타워 6차 1층",1522-3232,37.48135375445197,0,1076,20160615,Z9999@T05@T08@T16@T17@T20@T21@T30@T36@@@@T43@@T56@T57@T64@T65@T69@T71@P80@P90@T09
금천독산,서울,금천구,01,0106,서울특별시 금천구 독산동 291-1,1522-3232,37.46957081,0,778,20140521,Z9999@T05@T08@T16@T17@T20@T21@T30@T34@@@T36@T43@T51@T56@T57@T64@T65@T69@T71@P90@T09
가산디지털,서울,금천구,01,0106,"서울특별시 금천구 가산동 371-28, 우림라이온스밸리 B동 1층",1522-3232,37.479970085901,0,227,20060125,Z9999@@T05@T08@T16@T17@T20@T21@T30@T34@@@T43@T56@T57@T64@T65@T69@T71@P80@P90@T09
마리오아울렛,서울,금천구,01,0106,서울특별시 금천구 가산동 60-20 ㈜마리오 3관1층,1522-3232,37.47860691180926,0,555,20120919,Z9999@T05@T08@T16@T17@T20@T30@T34@@@@T56@T57@T65@T69@P40@P80@T09
가산브이타워,서울,금천구,01,0106,"서울특별시 금천구 가산동 371-37, V-TOWER 1층",1522-3232,37.47700409645337,0,364,20110127,T05@T08@T16@T17@T20@T21@T30@T34@@T36@T43@T51@T56@T57@T64@T65@T69@T71@P80@P90@T09
독산역,서울,금천구,01,0106,"서울특별시 금천구 가산동 673, 107-2, 1층",1522-3232,37.46770966619833,0,1927,20220225,Z9999@T05@T08@T16@T17@T20@T21@T30@T34@@T36@T51@T56@T57@T64@T65@T69@P80@P90@T09
금천금나래,서울,금천구,01,0106,서울특별시 금천구 시흥동 113 1층,1522-3232,37.4586898489368,0,2463,20250926,Z9999@T05@T08@T16@T17@T20@T21@T30@T34@T43@T51@T56@T57@T65@@T71@P40@T09
가산퍼블릭,서울,금천구,01,0106,"서울특별시 금천구 가산동 60-26, B동 F Park 1층",1522-3232,37.47574363470601,0,2303,20240807,Z9999@T05@T08@T16@T17@T20@T21@T30@T34@T36@T43@T51@T56@T57@T63@T65@T69@T71@P40@T09
가산현대아울렛,서울,금천구,01,0106,"서울특별시 금천구 가산동 60-8 현대시티아울렛 가산점, 1층 일부",1522-3232,37.477680443,0,1979,20220603,Z9999@T05@T08@T16@T17@T20@T30@T34@@T36@T51@T56@T57@T64@T65@T69@P40@P90@T09
가산케이에스,서울,금천구,01,0106,"서울특별시 금천구 가산동 60-14, 가산KS타워 1층",1522-3232,37.48089352069766,0,2200,20231101,Z9999@T05@T08@T16@T17@T20@T21@T30@T34@T36@@T43@T51@T56@T57@T65@T69@T71@P80@P90@T09
가산어반워크,서울,금천구,01,0106,서울특별시 금천구 가산동 451-1,1522-3232,37.4800231711237,0,2326,20240927,Z9999@T05@T08@T16@T17@T20@T21@T30@T34@T36@T43@T51@T56@T57@T63@T65@T69@T71@P40@T09
월계역,서울,노원구,01,0107,"서울특별시 노원구 월계동 633-31(104,105,106호)",1522-3232,37.6295,0,1616,20200218,T05@T08@T16@T17@T20@T21@T30@T34@T36@@@T56@T57@T65@T69@P20@P80
월계트레이더스,서울,노원구,01,0107,서울특별시 노원구 월계동 333-1 월계이마트,1522-3232,37.627595268077556,0,1475,20190314,Z9999@T05@T08@T16@T17@T20@T30@T34@@@T56@T57@T65@T69@P40@T09
상계초교사거리,서울,노원구,01,0107,서울특별시 노원구 상계동 372-16,1522-3232,37.656776,0,1484,20190411,Z9999@T05@T08@T16@T17@T20@T21@T30@T34@@@@T56@T57@T65@T69@P80
공릉DT,서울,노원구,01,0107,"서울특별시 노원구 공릉동 597-34, 597-30, 597-31, 597-32, 597-33",1522-3232,37.6206884,0,1379,20180628,Z9999@T01@@T05@T08@T16@T17@T20@T30@@@@T56@T57@T65@T69@P80@P90@T09
노원마들역,서울,노원구,01,0107,서울특별시 노원구 상계동 694 임광아파트,1522-3232,37.6610890700127,0,1266,20170912,Z9999@T05@T08@T16@T17@T20@T21@T30@@T36@@@T43@@T56@T57@T65@T69@T71
공릉역,서울,노원구,01,0107,서울특별시 노원구 공릉동 379-27,1522-3232,37.626337,0,1244,20170718,Z9999@T05@T08@T16@T17@T20@T21@T30@T34@@@@T43@@T56@T57@T65@T69@T71@P80@P90@T09
은행사거리,서울,노원구,01,0107,"서울특별시 노원구 중계동 360-6중흥빌딩 103,203호",1522-3232,37.650487822620036,0,120,20080229,Z9999@T05@T08@T16@T17@T20@T21@T30@T34@@T36@@T43@T51@T56@T57@T65@T69@T71@P90
노원KT,서울,노원구,01,0107,서울특별시 노원구 상계동 723번지 ㈜KT 노원사옥,1522-3232,37.654562,0,540,20120802,Z9999@T05@T08@T16@T17@T20@T21@@T30@T34@@T36@@T43@T51@T56@T57@T65@T69@T71@P40@P80
광운대,서울,노원구,01,0107,서울특별시 노원구 월계동 410-1번지,1522-3232,37.62317424708698,0,498,20120404,T02@T05@T08@T16@T17@@T20@T21@T30@@T36@@T43@T56@T57@T65@T69@T71@P20@P80@P90
중계역,서울,노원구,01,0107,서울특별시 노원구 상계동 763-3 대한빌딩,1522-3232,37.64817,0,574,20130104,Z9999@T05@T08@T16@T17@T20@T21@T30@@@T43@@T56@T57@T64@T65@T69@T71@P80@P90
노원역,서울,노원구,01,0107,서울특별시 노원구 상계동 712 남성빌딩 1층,1522-3232,37.654751,0,596,20130320,Z9999@T05@T08@T16@T17@T20@@T30@T34@@@@T43@T56@T57@T65@T69@T71@P80
월계이마트,서울,노원구,01,0107,서울특별시 노원구 월계동 333-1번지,1522-3232,37.62715819011137,0,587,20130205,Z9999@T05@T08@T16@T17@T20@T30@@@@T43@T51@@T56@T57@T65@T69@T71@P40@T09
태릉입구역DT,서울,노원구,01,0107,서울특별시 노원구 공릉동 653-8,1522-3232,37.61942,0,1805,20210520,Z9999@T01@T05@T08@T16@T17@T20@T30@T34@@T43@@T56@T57@T65@T69@T71@P80@P90
노원상계,서울,노원구,01,0107,서울특별시 노원구 상계동 730-4,1522-3232,37.651535,0,2035,20221007,T05@T08@T16@T17@T20@T21@T30@T34@@T36@T43@T51@T56@T57@T65@T69@T71
노원구청,서울,노원구,01,0107,서울특별시 노원구 상계동 705 태웅빌딩,1522-3232,37.6539896,0,2316,20240912,T05@T08@T16@T17@T20@T21@T30@T34@T36@T43@T51@T56@T57@T63@@T65@T69@T71
창동이마트,서울,도봉구,01,0108,서울특별시 도봉구 창동 135-26 창동EMART,1522-3232,37.65167648631108,0,1511,20190613,Z9999@T05@T08@T16@T17@T20@T30@@@T43@@T56@T57@T65@T69@T71@T09
덕성여대,서울,도봉구,01,0108,서울특별시 도봉구 쌍문동 423-48 지민빌딩,1522-3232,37.650906,0,2510,20251226,T05@T08@T16@T17@T20@T21@T30@T34@T43@T51@T56@T57@T65@T67@T69@T71@P20@P80@P90
도봉구청,서울,도봉구,01,0108,서울특별시 도봉구 도봉동 622-57,1522-3232,37.6695034764443,0,2220,20231208,T05@T08@T16@T17@T20@T21@T30@T34@@T36@T43@T51@@T56@T57@T63@T65@T69@T71@T09
쌍문,서울,도봉구,01,0108,서울특별시 도봉구 창동 661-45 국민은행 1층,1522-3232,37.649424,0,2475,20251030,Z9999@T05@T08@T16@T17@T20@T21@T30@T34@T36@T43@T51@T56@T57@T65@T69@T71@P80
쌍문도봉로,서울,도봉구,01,0108,서울특별시 도봉구 창동 650-45,1522-3232,37.6453516,0,1801,20210429,Z9999@T05@T08@T16@T17@T20@T21@T30@T34@T36@@T56@T57@T65@T69@T09
도봉로DT,서울,도봉구,01,0108,서울특별시 도봉구 쌍문동 707-9,1522-3232,37.6611805929041,0,2111,20230323,T01@T05@T08@T16@T17@T20@T21@T30@T34@@T36@T43@T51@@T56@T57@T65@T69@T71@T09
방학역,서울,도봉구,01,0108,서울특별시 도봉구 방학동 707-6,1522-3232,37.6653125,0,1953,20220420,Z9999@T05@T08@T16@T17@T20@T21@T30@T34@T36@@T43@T51@@T56@T57@T64@T65@T69@T71@T09
창동역,서울,도봉구,01,0108,서울특별시 도봉구 창동 1-28 씨드큐브 창동,1522-3232,37.654090067801164,0,2177,20230901,Z9999@T05@T08@T16@T17@T20@T21@T30@T34@@T36@@T51@T56@T57@T64@T65@T69@P80
노량진동,서울,동작구,01,0109,서울특별시 동작구 노량진동 333 고려교육타워-어바니엘한강 101호~105호,1522-3232,37.513068,0,1553,20191025,Z9999@T05@T08@T16@T17@T20@T21@T30@T34@@@@@T56@T57@T65@T69@P90@T09
남성역,서울,동작구,01,0109,서울특별시 동작구 사당동 252-15,1522-3232,37.4841198,0,1533,20190823,Z9999@T05@T08@T16@T17@T20@T21@@T30@T34@@T36@@T43@T56@T57@T64@T65@T69@T71@P80@P90
상도역,서울,동작구,01,0109,서울특별시 동작구 상도1동 666-5,1522-3232,37.5031936,0,1657,20200611,Z9999@T05@T08@T16@T17@T20@T21@T30@T34@T36@@T43@T56@T57@T65@T69@T71@P80@P90
보라매공원R,서울,동작구,01,0109,"서울특별시 동작구 신대방동 395-65 파크스퀘어,보라매현대APT",1522-3232,37.49191014040362,0,1466,20190130,Z9999@T03@T05@T08@T16@T17@T20@T21@@T26@T29@T30@T33@@@@T37@T39@T41@T42@T56@T57@T64@T65@T69@P70@P90@T09
이수자이,서울,동작구,01,0109,서울특별시 동작구 사당동 147-29 이수자이,1522-3232,37.484414,0,1439,20181130,Z9999@T05@T08@T16@T17@T20@T21@T30@@@T56@T57@T65@T69@P80@P90
노량진역,서울,동작구,01,0109,서울특별시 동작구 노량진동 62-8 이도타워,1522-3232,37.51339,0,1357,20180412,Z9999@T05@T08@T16@T17@T20@T21@T30@@@T36@@T56@T57@T65@T69@P80@P90
신대방삼거리역,서울,동작구,01,0109,서울특별시 동작구 상도동 324-1번지,1522-3232,37.50034872148687,0,1272,20170928,Z9999@T05@T08@T16@T17@T20@T21@T30@T36@@@T56@T57@T65@T69@P80@T09
중앙대,서울,동작구,01,0109,서울특별시 동작구 흑석동 205-5,1522-3232,37.506933,0,1126,20161028,Z9999@T05@T08@T17@T20@T21@T30@T34@@@@T43@T56@T57@T65@T69@T71@P20@P70
숭실대입구역,서울,동작구,01,0109,서울특별시 동작구 상도동 475-5,1522-3232,37.4968346,0,1015,20151216,Z9999@T05@T08@T16@T17@T20@T21@T30@T34@@@@T43@@T56@T57@T65@T69@T71@P20@P80@P90
숭실대,서울,동작구,01,0109,"서울특별시 동작구 상도동 501-9,11",1522-3232,37.49538073,0,10,20060228,Z9999@T05@T08@T16@T17@T20@T21@T30@@@@T43@T56@T57@T65@T69@T71@P20@P80@P90
사당역,서울,동작구,01,0109,서울특별시 동작구 사당동 1031-27 양지빌딩 1-3층,1522-3232,37.47849216,0,307,20091224,Z9999@T05@T08@T16@T17@T20@T30@T34@@@T43@@T56@T57@T65@T69@T71@P80
상도대로,서울,동작구,01,0109,"서울특별시 동작구 상도동 27-14 성현빌딩, 1층",1522-3232,37.5050479253333,0,2397,20250416,Z9999@T05@T08@T16@T17@T20@T21@T30@T34@T36@T43@T51@T56@T57@T64@T65@T69@T71
이수역13번출구,서울,동작구,01,0109,"서울특별시 동작구 사당동 139-30 지안플라자, 1층",1522-3232,37.4873371169464,0,2411,20250530,Z9999@T05@T08@T16@T17@T20@T21@T30@T34@T43@T51@T56@T57@T63@T65@T69@T71@P80
장승배기역,서울,동작구,01,0109,서울특별시 동작구 상도동 900 상도파크자이 제상가동 제지2층 105호,1522-3232,37.505808264565026,0,2536,20260327,Z9999@T05@T08@T16@T17@T20@T21@T27@T30@T34@T36@T43@T55@T56@T57@T64@T65@T66@T69@T71@@@P80@P90@T09
서강대프라자,서울,마포구,01,0110,"서울특별시 마포구 신수동 1-1 서강대학교 지하캠퍼스 지하1층 104, 105-1호",1522-3232,37.55102696988243,0,1555,20191016,T05@T08@T16@T17@T20@T21@T30@T34@@@@T43@@T56@T57@T65@T69@T71@P20@P90
상암YTN,서울,마포구,01,0110,서울특별시 마포구 상암동 1607 YTN 뉴스퀘어,1522-3232,37.579314265546294,0,1490,20190429,Z9999@T05@T08@T16@T17@T20@T21@T22@T30@@@T36@@T56@T57@T64@T65@T69@P40@T09
마포용강동,서울,마포구,01,0110,서울특별시 마포구 용강동 112-2외 9필지 근린생활시설,1522-3232,37.541186,0,1428,20181030,Z9999@T05@T08@T16@T17@T20@T21@T30@@T36@@T43@@T56@T57@T65@T69@T71@P90
홍대입구역사거리R,서울,마포구,01,0110,서울특별시 마포구 서교동 353-5 경남관광빌딩,1522-3232,37.554636,0,1322,20180111,Z9999@T03@T05@T08@T16@T17@T20@T21@T26@T29@T30@@T36@T37@T39@T41@T42@T56@T57@T65@T69@P90
마포경찰서후문,서울,마포구,01,0110,서울특별시 마포구 아현동 618-19 마포 센텀 슬로우스퀘어,1522-3232,37.550800,0,1335,20180126,Z9999@T05@T08@T16@T17@T20@T21@T30@T34@T36@@@@T43@T55@T56@T57@T65@T69@T71@T09
공덕,서울,마포구,01,0110,서울특별시 마포구 공덕동 254-8 동방빌딩,1522-3232,37.545913,0,1323,20180116,Z9999@T05@T08@T16@T17@T20@T21@T30@@T36@@T56@T57@T64@T65@T69@P80@T09
합정폴리스R,서울,마포구,01,0110,서울특별시 마포구 서교동 490 메세나폴리스 B189~193,1522-3232,37.5509,0,1366,20180514,Z9999@T03@T05@T08@T16@T17@T20@T21@T26@T29@T30@@@T36@@T42@T56@T57@T65@T69@P90@T09
홍대공항철도역,서울,마포구,01,0110,서울특별시 마포구 동교동 166-1,1522-3232,37.557491,0,1285,20171025,Z9999@T05@T08@T16@T17@T20@T30@T36@@T43@T56@T57@T64@T65@T69@T71@P20@P80@P90
마포염리,서울,마포구,01,0110,서울특별시 마포구 염리동 168-9 국민건강보험공단,1522-3232,37.543876,0,1123,20161019,Z9999@T05@T08@T16@T17@T20@@T30@T34@T36@@T51@T56@T57@T64@T65@T69@P80@T09
서강광흥창역,서울,마포구,01,0110,서울특별시 마포구 창전동 130,1522-3232,37.549377,0,1157,20161222,Z9999@T05@T08@T16@T17@T20@T21@T30@T34@@T36@@T43@@T56@T57@T65@T69@T71@P80@P90
합정,서울,마포구,01,0110,"서울특별시 마포구 합정동 472 마포한강푸르지오 110, 111, 112-2",1522-3232,37.54997888236882,0,1079,20160621,Z9999@T05@T08@T16@T17@T20@T21@T30@T34@T36@@@@T43@T56@T57@T65@T69@T71@P80@T09
서강대흥역,서울,마포구,01,0110,서울특별시 마포구 대흥동 111-1,1522-3232,37.548178,0,1137,20161129,Z9999@T05@T08@T16@T17@T20@T21@T30@T34@@@@T36@T43@T51@T55@T56@T57@T63@T64@T65@T69@T71@P20@P80@P90
서교동사거리,서울,마포구,01,0110,서울특별시 마포구 서교동 374-20,1522-3232,37.553376,0,1031,20160126,Z9999@T05@T08@T16@T17@T20@T21@T30@T34@@T43@@T57@T65@T69@T71@P80
상암사보이시티,서울,마포구,01,0110,서울특별시 마포구 상암동 1597 사보이시티 DMC,1522-3232,37.581462210224295,0,1069,20160527,Z9999@T05@T08@T16@T17@T20@T21@@T30@T34@@@T36@@T43@@T56@T57@T64@T65@T69@T71@T09
신촌오거리,서울,마포구,01,0110,서울특별시 마포구 노고산동 54-1,1522-3232,37.555137,0,1067,20160524,Z9999@T05@T08@T16@T17@T20@T30@T34@@@T36@T43@@T56@T57@T65@T69@T71@P20@P80@P90
상암디지털큐브,서울,마포구,01,0110,서울특별시 마포구 상암동 1647,1522-3232,37.57613521806125,0,910,20150327,Z9999@T05@T08@T16@T17@T20@T21@T30@T34@@@T36@T43@T51@@T56@T57@T64@T65@T69@T71@P90@T09
상수역,서울,마포구,01,0110,서울특별시 마포구 상수동 329-1,1522-3232,37.5474817,0,943,20150624,Z9999@T05@T08@T16@T17@T20@T21@@T30@T34@@T36@@T43@@T56@T57@T64@T65@T69@T71@P80
공덕오거리,서울,마포구,01,0110,서울특별시 마포구 도화동 22 창강빌딩,1522-3232,37.5424641,0,949,20150714,Z9999@T05@T08@T16@T17@T20@T21@T30@T34@@T36@@@T51@T56@T57@T64@T65@T69@P80@P90
서강대,서울,마포구,01,0110,서울특별시 마포구 신수동 63-14,1522-3232,37.5524584,0,793,20140624,Z9999@T05@T08@T16@T17@T20@T21@T30@T36@@@@T43@@T57@T65@T69@T71@P20@P80@P90@T09
상암MBC,서울,마포구,01,0110,"서울특별시 마포구 상암동 1603,1604 MBC신사옥 C1 경영센터",1522-3232,37.58094223885055,0,803,20140630,Z9999@T05@T08@T16@T17@T20@@T30@T34@@T36@@@T51@T56@T57@T64@T65@T69@T09
홍대역,서울,마포구,01,0110,서울특별시 마포구 동교동 159-1 상진빌딩 1층,1522-3232,37.557175,0,680,20131029,Z9999@T05@T08@T16@T17@T20@T30@T34@@T36@T51@T56@T57@T63@T64@T65@T69@P80@P90
동교,서울,마포구,01,0110,서울특별시 마포구 동교동 205-6 영준빌딩 1층,1522-3232,37.556928,0,644,20130724,Z9999@T05@@T08@T16@T17@T20@T21@T30@T34@@T43@T51@@T56@T57@T64@T65@T69@T71@P80@P90
애오개역,서울,마포구,01,0110,서울특별시 마포구 아현동 738번지 마포트라팰리스II,1522-3232,37.55223744461472,0,70,20081112,Z9999@T05@T08@T16@T17@T20@T21@T30@@@T36@T43@@T56@T57@T65@T69@T71@P80
상암DMC,서울,마포구,01,0110,"서울특별시 마포구 상암동 1654번지 DMC 이안상암1단지 102호,202호",1522-3232,37.57770031657981,0,88,20071008,Z9999@T05@T08@T16@T17@T20@T21@T30@T34@@T36@@T43@T51@@T56@T57@T64@T65@T69@T71@T09
마포일진빌딩,서울,마포구,01,0110,서울특별시 마포구 도화동 50-1 일진빌딩 1층,1522-3232,37.54043451,0,87,20080917,Z9999@T05@T08@T16@T17@T20@T21@T30@@T36@@T56@T57@T64@T65@T69@P80@P90@T09
마포아크로,서울,마포구,01,0110,서울특별시 마포구 도화동 563 마포아크로타워,1522-3232,37.5413348427548,0,84,20070918,Z9999@T05@@T08@T16@@T17@T20@T21@T30@T34@@@T36@T43@@T56@T57@T65@T69@T71@T09
홍대삼거리,서울,마포구,01,0110,서울특별시 마포구 상수동 86-22 번지,1522-3232,37.55026561183446,0,397,20110621,Z9999@T05@T08@T16@T17@T20@T30@T36@@@T43@T56@T57@T65@T69@T71@P20@P80@P90
망원역,서울,마포구,01,0110,서울특별시 마포구 서교동 475-13,1522-3232,37.555829,0,358,20101215,Z9999@T05@T08@T16@T17@T20@T21@T30@T34@T36@@@@T43@T51@@T56@T57@T64@T65@T69@T71@P80@P90@T09
마포이마트,서울,마포구,01,0110,서울특별시 마포구 신공덕동 173,1522-3232,37.542421,0,472,20120110,Z9999@T05@T08@T16@T17@T20@T30@@@T36@T43@@T57@T64@T65@T69@T71@P40@P80@P90@T09
합정메세나몰,서울,마포구,01,0110,"서울특별시 마포구 서교동 490 메세나폴리스 지하1층 B161,162,163,164,",1522-3232,37.55005846963587,0,546,20120831,Z9999@T05@T08@T16@T17@T20@T21@T30@T34@@@@T36@T43@T51@T56@T57@T64@T65@T69@T71@P80@P90@T09
아현역대로,서울,마포구,01,0110,"서울특별시 마포구 아현동 330-5외 3필지 아르띠타워 가동 102,103호",1522-3232,37.55717010065948,0,1970,20220512,T05@T08@T16@T17@T20@T21@T30@T34@T36@@T43@T51@@T56@T57@T65@T69@T71@P80@P90
디지털미디어시티역,서울,마포구,01,0110,서울특별시 마포구 상암동 1623 한샘상암사옥 1층,1522-3232,37.57614872684475,0,1987,20220608,Z9999@T05@T08@T16@T17@T20@T21@T30@T34@T36@@T43@T51@@T56@T57@T64@T65@T69@T71@T09
홍대역8번출구,서울,마포구,01,0110,서울특별시 마포구 동교동 165-1 미래프라자 1층,1522-3232,37.556743503599,0,1756,20210114,Z9999@T05@T08@T16@T17@T20@T27@T30@T34@@T56@T57@T64@T65@T69@P80@P90
마포역뉴매드,서울,마포구,01,0110,"서울특별시 마포구 마포동 451, 103, 104호",1522-3232,37.538988480523095,0,2492,20251218,T05@T08@T16@T17@T20@T21@T27@T30@T34@T36@T43@T56@T57@T64@T65@T66@T69@T71@@T09
합정푸르지오,서울,마포구,01,0110,서울특별시 마포구 합정동 473 마포 한강 2차 푸르지오 227~229호,1522-3232,37.55094290761422,0,2001,20220707,@T05@T08@T16@T17@T20@T21@T30@T34@@T36@T43@T51@@T57@T64@T65@T69@T71@T09
홍대동교,서울,마포구,01,0110,서울특별시 마포구 동교동 173-14,1522-3232,37.5583280533329,0,2108,20230330,Z9999@T05@T08@T16@T17@T20@T30@T34@T36@T51@T56@T57@T64@T65@T69@T73@P80
망원한강공원,서울,마포구,01,0110,서울특별시 마포구 망원동 205-5 Mapoint 2층,1522-3232,37.55397484916793,0,1885,20211105,Z9999@T05@T08@@T16@T17@T20@T21@T30@T34@T36@@T47@T51@T56@T57@T65@T69@P90@T09
마포구청역,서울,마포구,01,0110,서울특별시 마포구 성산동 591-3 1층 일부,1522-3232,37.5649569864623,0,2287,20240712,Z9999@T05@T08@T16@T17@T20@T21@T30@T34@T36@T43@T51@@T56@T57@T63@T64@T65@T69@T71@P80@T09
가재울뉴타운,서울,서대문구,01,0111,서울특별시 서대문구 남가좌동 385 DMC파크뷰자이2단지별동상가1층,1522-3232,37.57507214454173,0,1510,20190621,Z9999@T05@T08@T16@T17@T20@T21@T30@@T43@@T56@T57@T64@T65@T69@T71@P90
남가좌사거리,서울,서대문구,01,0111,서울특별시 서대문구 남가좌동 224-1 DMC에코자이 104동,1522-3232,37.577386,0,1656,20200630,T05@T08@T16@T17@T20@T21@T30@T34@@T36@T43@T56@T57@T64@T65@T69@T71@P90@T09
신촌역,서울,서대문구,01,0111,서울특별시 서대문구 창천동 72-12 거화빌딩,1522-3232,37.55625738,0,1293,20171114,T05@T08@T16@T17@T20@T21@T30@T34@T36@@@T56@T57@T65@T69@P20@P80@T09
아현역,서울,서대문구,01,0111,서울특별시 서대문구 북아현동 136-21 e편한세상신촌 4단지,1522-3232,37.558245014814666,0,1231,20170609,Z9999@T05@T08@T16@T20@T21@T30@@T36@@@T56@T57@T65@T69@P80@P90@T09
홍제역,서울,서대문구,01,0111,서울특별시 서대문구 홍제동 301-19 홍제빌딩,1522-3232,37.588658,0,1193,20170328,Z9999@@T05@T08@T16@T17@T20@T21@T30@T34@@@@T43@@T56@T57@T65@T69@T71@P80@P90
연세백양로,서울,서대문구,01,0111,서울특별시 서대문구 신촌동 134 연세대학교,1522-3232,37.562874457,0,993,20151007,Z9999@T05@T08@T16@T17@T20@T21@T22@T30@T34@@@T36@T56@T57@T64@T65@T69@P20@T09
연희DT,서울,서대문구,01,0111,"서울특별시 서대문구 연희동 87-7 ,87-8",1522-3232,37.5702143,0,911,20150331,Z9999@T01@@T08@T16@T17@T20@T30@@T34@@T36@T43@T56@T57@T65@T69@T71@P90@T09
경기대,서울,서대문구,01,0111,서울특별시 서대문구 충정로2가 191,1522-3232,37.56367995,0,33,20060517,@T05@T08@T16@T17@T20@T21@T30@@@T36@@T43@T51@@T56@T57@T64@T65@T69@T71@P20@P80@P90@T09
신촌,서울,서대문구,01,0111,"서울특별시 서대문구 창천동 18-55 즐거운빌딩 1,2,3층",1522-3232,37.556501906944405,0,177,20020130,Z9999@T02@T05@T08@T16@T17@T20@T22@T30@T34@@T43@T56@T57@T65@T69@T71@P20@P80@P90
이대,서울,서대문구,01,0111,서울특별시 서대문구 대현동 54-4,1522-3232,37.55848315,0,149,19990727,@T08@@@@T34@@@@T56@T57@@@@@@T65@T69@P20@P80
연세종합관,서울,서대문구,01,0111,서울특별시 서대문구 신촌동 134번지 성산로 250 연세세브란스 종합관,1522-3232,37.561468543,0,141,20080430,Z9999@T05@T08@T16@T17@T20@T30@T34@@@T56@T57@T65@T69@P70@T09
이대ECC,서울,서대문구,01,0111,서울특별시 서대문구 대현동 11-1 이화여자대학교 B415호,1522-3232,37.561631,0,134,20080430,T05@T08@T16@T17@T20@T21@T30@T34@T36@@@T51@T56@T57@T64@T65@T69@T73@P20@T09
연대,서울,서대문구,01,0111,서울특별시 서대문구 창천동 33-9번지,1522-3232,37.558706,0,443,20111014,T05@T08@T16@T17@T20@T21@T30@T34@T36@@T43@@T56@T57@T65@T69@T71@P20@P80
충정로역,서울,서대문구,01,0111,서울특별시 서대문구 충정로3가 95-1,1522-3232,37.56137,0,487,20120228,T05@T08@T16@T17@T20@T21@T30@T34@@@T36@T51@T56@T57@T64@T65@T69@P80@T09
연대동문,서울,서대문구,01,0111,서울특별시 서대문구 대신동 115번지,1522-3232,37.56648507,0,453,20111130,T05@T08@T16@T17@T20@T21@T30@T34@@@T43@T56@T57@T64@T65@T69@T71@P20@P90
신촌명물거리,서울,서대문구,01,0111,서울특별시 서대문구 창천동 13-19 번지 1-5층,1522-3232,37.557768434,0,353,20101126,T05@T08@T16@T17@T20@T21@T30@T34@T36@@@T43@@T56@T57@T65@T69@T71@P20
충정타워,서울,서대문구,01,0111,서울특별시 서대문구 충정로3가 464번지 충정타워 1층,1522-3232,37.559869,0,326,20100715,Z9999@T05@T08@T16@T17@T20@T21@T30@T34@@@T36@@T43@T51@T56@T57@T64@T65@T69@T71@P80@P90@T09
명지대,서울,서대문구,01,0111,"서울특별시 서대문구 남가좌동 50-3 명지대학교, 지하2층",1522-3232,37.579040898408955,0,2416,20250529,Z9999@T05@T08@T16@T17@T20@T21@T30@T34@T36@T51@T56@T57@T63@T65@T69@T09
이대역,서울,서대문구,01,0111,서울특별시 서대문구 대현동 45-8 유인빌딩,1522-3232,37.55702459539767,0,2067,20221213,Z9999@T05@T08@T16@T17@T20@T21@T30@T34@@T36@T43@T51@T56@T57@T64@T65@T69@T71@P20@P80
신촌로,서울,서대문구,01,0111,서울특별시 서대문구 창천동 29-81 신촌르메이에르타운5,1522-3232,37.55580883425132,0,2365,20241213,Z9999@T05@T08@T16@T17@T20@T21@T30@T34@T36@T43@T51@@T56@T57@T65@T69@T71@P20@T09
북가좌DT,서울,서대문구,01,0111,서울특별시 서대문구 북가좌동 309-16,1522-3232,37.580758,0,1909,20220128,Z9999@T01@T05@T08@T16@T17@T20@T21@T30@T34@T43@T51@T56@T57@T65@T69@T71@P90
연세암병원,서울,서대문구,01,0111,서울특별시 서대문구 신촌동 134 세브란스병원 암센터,1522-3232,37.56046655095749,0,2519,20260202,T05@T16@T17@T20@T30@T34@T51@T56@T57@T63@T64@T65@T69@P20@P70
연희동,서울,서대문구,01,0111,서울특별시 서대문구 연희동 193-1 한영빌딩,1522-3232,37.5654550624029,0,2424,20250627,Z9999@T05@T08@T16@T17@T20@T21@T30@T34@T43@T51@T56@T57@T65@T69@T71
현대신촌,서울,서대문구,01,0111,서울특별시 서대문구 창천동 30-33 현대백화점신촌점,1522-3232,37.55592458080376,0,1763,20210203,Z9999@T05@T08@T16@T17@T20@T30@T34@@@T57@T65@T69@P40@P80@T09
방배로,서울,서초구,01,0112,서울특별시 서초구 방배동 1022-5 감정평가사회관,1522-3232,37.4793434,0,1550,20191024,Z9999@T05@T08@T16@T17@T20@T21@T30@T34@@@@T56@T57@T64@T65@T69@P20@P80@P90@T09
강남교보타워R,서울,서초구,01,0112,서울특별시 서초구 서초동 1303-22 교보타워,1522-3232,37.5037107773698,0,1382,20180626,Z9999@T03@T05@T08@T16@T17@T20@T26@T29@T30@@@T42@T56@T57@T64@T65@T69@P80@P90
방배다이치빌딩,서울,서초구,01,0112,서울특별시 서초구 방배동 907-1 다이치빌딩,1522-3232,37.48431,0,1362,20180426,Z9999@T05@T08@T16@T17@T20@T21@T30@@@@T56@T57@T64@T65@T69@P80@P90
센트럴F1,서울,서초구,01,0112,서울특별시 서초구 반포동 19-3 센트럴시티빌딩,1522-3232,37.505148,0,1353,20180328,Z9999@T05@T08@T16@T17@T20@T30@@@T56@T57@T65@T69@P60@P80@T09
서초역이화빌딩,서울,서초구,01,0112,서울특별시 서초구 서초동 1538-10 IWHA (이화빌딩),1522-3232,37.488356,0,1354,20180329,T05@T08@T16@T17@T20@T21@T30@T36@T43@@T56@T57@T64@T65@T69@T71
서초구청,서울,서초구,01,0112,서울특별시 서초구 서초동 1365-23,1522-3232,37.484353839,0,1324,20180119,Z9999@T05@T08@T16@T17@T20@T21@T30@@T56@T57@T64@T65@T69@P80@P90
서초우성사거리,서울,서초구,01,0112,서울특별시 서초구 서초동 1329-7 신덕빌딩,1522-3232,37.493545,0,1301,20171128,Z9999@T02@T05@T08@T16@T17@T20@T21@T30@@T43@T56@T57@T64@T65@T69@T71@P80@P90
이수역사거리,서울,서초구,01,0112,서울특별시 서초구 방배동 3001-2 방배디오슈페리움1,1522-3232,37.48585,0,1236,20170803,Z9999@T05@T08@T16@T17@T20@T21@T30@@@@T43@T56@T57@T65@T69@T71@P80
강남대로신사,서울,서초구,01,0112,서울특별시 서초구 잠원동 21-7 경승빌딩,1522-3232,37.51489,0,1192,20170330,Z9999@T05@T08@T16@T17@T20@T21@T30@@@T43@T56@T57@T64@T65@T69@T71@P80
서울고속터미널,서울,서초구,01,0112,서울특별시 서초구 반포동 19-4 강남고속버스터미널,1522-3232,37.5045697,0,1195,20170331,Z9999@T05@T08@@T16@T17@T20@T30@@@T56@T57@T64@T65@T69@P60@P80
방배,서울,서초구,01,0112,서울특별시 서초구 방배동 812-2,1522-3232,37.491914,0,1013,20151210,Z9999@T05@T08@T16@T17@T20@T21@T30@@@T43@@T56@T57@T64@T65@T69@T71
방배카페거리,서울,서초구,01,0112,서울특별시 서초구 방배동 777-11,1522-3232,37.4934767,0,1024,20151223,Z9999@T05@T08@T16@T17@@T20@T21@T30@@@T43@T56@T57@T65@T69@T71
서초법원,서울,서초구,01,0112,서울특별시 서초구 서초동 1572-4,1522-3232,37.492881,0,1064,20160510,Z9999@T05@T08@T16@T17@T20@T21@T30@@@@T43@@T56@T57@T64@T65@T69@T71@P80@P90
청계산입구역,서울,서초구,01,0112,서울특별시 서초구 신원동 205-1,1522-3232,37.447323,0,1051,20160331,Z9999@T05@T08@T16@T17@T20@T21@T30@@@T43@T56@T57@T64@T65@T69@T71@P80@P90@T09
사당로데오,서울,서초구,01,0112,서울특별시 서초구 방배동 444-7,1522-3232,37.4772752,0,970,20150915,Z9999@T02@T05@T08@T16@T17@T20@T21@@T30@T34@@@@T36@T43@T55@@T56@T57@T64@T65@T69@T71@P80
파미에파크R,서울,서초구,01,0112,서울특별시 서초구 반포동 118-3 센트럴시티 파미에파크돔 BP4-9호,1522-3232,37.5030521,0,812,20140729,Z9999@T03@T05@T08@T16@T17@T20@T26@T29@T30@@@T42@T56@T57@T64@T65@T69@P60@P80@T09
양재역,서울,서초구,01,0112,서울특별시 서초구 양재동 14-4 모산빌딩,1522-3232,37.482379525,0,830,20140923,Z9999@T03@T05@T08@T16@T17@T20@T21@T30@T34@T36@T37@T39@T41@T56@T57@T64@T65@T69@P80@P90
이수역,서울,서초구,01,0112,서울특별시 서초구 방배동 3000-1,1522-3232,37.4864664,0,811,20140724,Z9999@@T05@T08@T16@T17@T20@T21@T30@T34@@@@T56@T57@T65@T69@P80
내방역,서울,서초구,01,0112,서울특별시 서초구 방배동 851-1 대풍빌딩,1522-3232,37.490004,0,753,20140327,Z9999@T02@T05@T08@T16@T17@T20@T21@T30@T36@@T43@T56@T57@T64@T65@T69@T71@P80
서초파라곤,서울,서초구,01,0112,서울특별시 서초구 서초동 1327-29 서초파라곤,1522-3232,37.49494258899,0,729,20140128,Z9999@T05@T08@T16@T17@T20@T21@T30@T34@@@@T43@T56@T57@T64@T65@T69@T71@P80@P90@T09
서울아트센터,서울,서초구,01,0112,서울특별시 서초구 서초동 1464-22 호경빌딩,1522-3232,37.480866,0,751,20140325,Z9999@T05@T08@T16@T17@T20@T21@T30@T34@@@@T36@T51@@T56@T57@T64@T65@T69@P90
서초중앙로,서울,서초구,01,0112,서울특별시 서초구 반포동 52-6 남도빌딩,1522-3232,37.501691,0,730,20140128,Z9999@T05@T08@T16@T17@T20@T21@T30@T34@@T43@@T56@T57@T64@T65@T69@T71
센트럴시티,서울,서초구,01,0112,서울특별시 서초구 반포동 19-3,1522-3232,37.504707,0,662,20130905,Z9999@T05@T08@T16@T17@T20@T30@@@T56@T57@T65@T69@P60@P80@P90@T09
방배역,서울,서초구,01,0112,서울특별시 서초구 방배동 908-10,1522-3232,37.48200755,0,218,20040316,Z9999@T05@T08@T16@T17@T20@T21@T30@@@T36@T43@@T56@T57@T65@T69@T71@P80
반포역,서울,서초구,01,0112,서울특별시 서초구 잠원동 58-24 신반포11차상가,1522-3232,37.508589,0,233,20051021,Z9999@T05@T08@T16@T17@T20@T30@T34@@@T51@@T56@T57@T64@T65@T69@P80@T09
남부터미널,서울,서초구,01,0112,서울특별시 서초구 서초동 1445-4 래미안 서초유니빌 1층 101호,1522-3232,37.48467334,0,217,20040220,Z9999@T05@T08@T16@T17@T20@T21@T30@T34@T36@@@T43@T51@@T56@T57@T64@T65@T69@T71@P60@P80@P90@T09
뉴코아강남,서울,서초구,01,0112,서울특별시 서초구 잠원동 70-1 킴스클럽,1522-3232,37.51031339,0,174,20011222,Z9999@T05@T08@T16@T17@T20@T30@T34@@@T43@T56@T57@T65@T69@T71@P40@P80@T09
강남서초초교,서울,서초구,01,0112,"서울특별시 서초구 서초동 1307-19 유빌딩 1,2층",1522-3232,37.5000875,0,214,20031219,Z9999@@T05@T08@T16@T17@T20@T30@T36@@T43@T56@T57@T64@T65@T69@T71@P80
교대,서울,서초구,01,0112,서울특별시 서초구 서초동 1657-5 카이스시스템빌딩,1522-3232,37.4923611,0,207,20030821,Z9999@T05@T08@T16@T17@T20@T21@T30@T34@@@@T43@@T56@T57@T64@T65@T69@T71@P20@P80@P90
하이브랜드,서울,서초구,01,0112,서울특별시 서초구 양재2동 215 번지 리빙관 101호,1522-3232,37.46252023465575,0,277,20050327,Z9999@T05@T08@T16@T17@T20@T21@T30@T34@T36@T43@T51@T56@T57@T64@T65@T69@T71@T09
영동2교,서울,서초구,01,0112,서울특별시 서초구 양재동 4-3번지 대흥빌딩,1522-3232,37.48203954,0,23,20090319,Z9999@T05@T08@T16@T17@T20@T21@T30@@T36@@T43@T56@T57@T64@T65@T69@T71@P80@P90@T09
남부터미널역5번출구,서울,서초구,01,0112,서울특별시 서초구 서초동 1457-1,1522-3232,37.48436736,0,103,20071129,Z9999@T05@T08@T16@T17@T20@T21@T30@T34@T36@@@T43@@T56@T57@T64@T65@T69@T71@P60@P80
서래마을입구,서울,서초구,01,0112,서울특별시 서초구 반포동 92-1,1522-3232,37.49925284,0,100,20080808,Z9999@T05@T08@T16@T17@T20@T21@T30@T34@@@@T43@T51@@T56@T57@T64@T65@T69@T71@P90
몬테소리,서울,서초구,01,0112,서울특별시 서초구 서초동 1318-8,1522-3232,37.4982695,0,97,20071025,Z9999@T05@T08@T16@T17@T20@T30@T34@@@T43@T56@T57@T64@T65@T69@T71@P80@T09
서초역,서울,서초구,01,0112,서울특별시 서초구 서초동 1542-14번지,1522-3232,37.49067495,0,25,20090317,Z9999@T05@T08@T16@T17@T20@T21@T30@@T43@@T56@T57@T64@T65@T69@T71@P80
교대법원,서울,서초구,01,0112,서울특별시 서초구 서초동 1699-3 번지,1522-3232,37.496329,0,396,20110615,Z9999@@T05@T08@T16@T17@T20@T21@T30@T34@@@@T43@@T56@T57@T65@T69@T71@P90
강남GT타워,서울,서초구,01,0112,서울특별시 서초구 서초동 1317-23 GT타워,1522-3232,37.4979079083082,0,486,20120228,T05@T08@T16@T17@T20@T21@T30@T34@T36@@T51@T57@T64@T65@T69@P80@T09
서초동,서울,서초구,01,0112,서울특별시 서초구 서초동 1439-14 현우빌딩1층,1522-3232,37.485941,0,462,20111221,Z9999@T05@T08@T16@T17@T20@T21@T30@@@T43@T56@T57@T64@T65@T69@T71@P90
서울교대,서울,서초구,01,0112,서울특별시 서초구 서초동 1623-1번지 1층,1522-3232,37.4874556,0,327,20100715,Z9999@T05@T08@T16@T17@T20@T21@T30@T34@@T36@@T43@T51@@T56@T57@T64@T65@T69@T71@P90
강남에비뉴,서울,서초구,01,0112,서울특별시 서초구 서초동 1303-16번지 강남역아이파크 B102~B105,1522-3232,37.5025778098288,0,598,20130322,Z9999@T05@T08@T16@T17@T20@T21@T30@T34@@@T36@T51@T56@T57@T64@T65@T69@P80@P90@T09
서초우면,서울,서초구,01,0112,"서울특별시 서초구 우면동 725 네이처프라자 103호, 104호",1522-3232,37.4640476055239,0,2515,20260130,T05@T16@T17@T20@T21@T27@T30@T34@T36@T43@T56@T57@T64@T65@T66@T69@T71
강남역7번출구,서울,서초구,01,0112,서울특별시 서초구 서초동 1319-9,1522-3232,37.4970606789351,0,2512,20251231,T05@T16@T17@T20@T21@T30@T34@T43@T51@T57@T63@T64@T65@T66@T69@T71@P80
반포자이,서울,서초구,01,0112,서울특별시 서초구 반포동 20-45 반포자이플라자,1522-3232,37.507170475349405,0,1918,20220113,Z9999@T05@T08@T16@T17@T20@T21@T30@T34@@T43@T51@@T56@T57@T64@T65@T69@T71@P80
서초태우빌딩,서울,서초구,01,0112,서울특별시 서초구 서초동 1357-10 태우빌딩,1522-3232,37.48870504886586,0,2332,20240929,Z9999@T05@T08@T16@T17@T20@T21@T30@T34@T36@T43@T51@T56@T57@T63@T64@T65@T69@T71@P90
교대역3번출구,서울,서초구,01,0112,서울특별시 서초구 서초동 1692-3,1522-3232,37.4943456632732,0,2330,20240929,Z9999@T05@T08@T16@T17@T20@T21@T30@T34@T36@T43@T51@T56@T57@T63@T64@T65@T69@T71@P80
반포원베일리,서울,서초구,01,0112,서울특별시 서초구 반포동 0 원베일리 스퀘어,1522-3232,37.504657083267006,0,2263,20240430,Z9999@T05@T08@T16@T17@T20@T21@T30@T34@T43@T51@T56@T57@T65@T69@T71@T75@P80@P90
양재역신분당역사,서울,서초구,01,0112,서울특별시 서초구 서초동 1366-9 양재역 지하1층 12호 (7번출구쪽),1522-3232,37.4839347328908,0,2368,20241227,T05@T08@T16@T17@T20@T21@T30@T34@T36@T43@T51@T56@T57@@T64@T65@T66@T69@T71@P80@P90
강남역우송빌딩,서울,서초구,01,0112,서울특별시 서초구 서초동 1316-28,1522-3232,37.4981314601413,0,2133,20230525,Z9999@T05@T08@T16@T17@T20@T21@T30@T34@@T43@T51@T56@T57@T65@T69@T71
남부순환로방배DT,서울,서초구,01,0112,"서울특별시 서초구 방배동 623-4, 1동",1522-3232,37.47325689751075,0,2402,20250418,Z9999@T01@T05@T08@T16@T17@T20@T21@T30@T34@T43@T51@T56@T57@@T65@T69@T71
양재하나로마트,서울,서초구,01,0112,서울특별시 서초구 양재동 230 농협하나로클럽,1522-3232,37.462361,0,2485,20251128,T05@T16@T17@T20@T21@@T34@T36@T43@T56@T57@T64@@T65@T66@T69@T71@@T09
신논현역,서울,서초구,01,0112,"서울특별시 서초구 반포동 747-13, 1층",1522-3232,37.5043755164343,0,2476,20251127,T05@T08@T17@T20@T21@T30@T34@T43@T51@T56@T57@@T65@T69@T71
강남역5번출구호정빌딩,서울,서초구,01,0112,서울특별시 서초구 서초동 1327-35 호정빌딩,1522-3232,37.49454215600861,0,2488,20251128,Z9999@T05@T08@T16@T17@T20@T21@T27@T30@T34@@T43@T51@T56@T57@T64@T65@T66@T69@T71@P80@T09
서이초교사거리,서울,서초구,01,0112,서울특별시 서초구 서초동 1332-4 폭스타운,1522-3232,37.4918146,0,1767,20210226,Z9999@T05@T08@T16@T17@T20@T21@T30@T34@@T56@T57@T64@@T65@T69@P90
동작대로,서울,서초구,01,0112,서울특별시 서초구 방배동 438-16,1522-3232,37.4829997962039,0,2445,20250808,Z9999@T05@T08@T16@T17@T20@T21@T30@T34@T43@T56@T57@T64@T65@T67@T69@T71@P80@P90
강남르피에드,서울,서초구,01,0112,서울특별시 서초구 서초동 1321-7,1522-3232,37.4956746205474,0,2440,20250731,Z9999@T05@T16@T17@T20@T21@@T34@T36@T43@T51@T56@T57@T64@T65@T67@T69@T71@P80@T09
대륭서초타워,서울,서초구,01,0112,서울특별시 서초구 서초동 1337-20 대륭서초타워,1522-3232,37.492079729366196,0,2436,20250728,T05@T08@T16@T17@T20@T21@T27@T30@T34@T36@T43@T51@T56@T57@T64@T65@T66@T69@T71@P80
뉴코아강남B1,서울,서초구,01,0112,서울특별시 서초구 잠원동 70-2 뉴코아백화점,1522-3232,37.509145,0,2538,20260331,T05@T08@T16@T17@T20@T21@T30@T34@T43@T51@T55@T56@T57@T64@T65@T66@T69@T71@P40@T09
서울웨이브아트센터,서울,서초구,01,0112,서울특별시 서초구 잠원동 149-2,1522-3232,37.518807,0,1713,20200929,Z9999@T05@T08@T16@T17@T20@T21@T30@T34@@@T56@T57@T64@T65@T69
논현역,서울,서초구,01,0112,서울특별시 서초구 잠원동 37-7 1~2층,1522-3232,37.5114376142061,0,831,20140924,Z9999@T05@T08@T16@T17@T20@T21@T30@T34@@@T56@T57@T64@T65@T69@P60@P70@P80
길음역,서울,성북구,01,0113,서울특별시 성북구 돈암동 625-2 BR빌딩,1522-3232,37.602139,0,1571,20191203,Z9999@T05@T08@T16@T17@T20@T21@T30@T34@T36@@@T43@T56@T57@T64@T65@T69@T71@P80@T09
미아이마트,서울,성북구,01,0113,서울특별시 성북구 길음동 25-2 신세계 이마트 미아점,1522-3232,37.61054298669914,0,1540,20190906,Z9999@T05@T08@T16@T17@T20@T30@T34@@@T36@@T43@@T56@T57@T65@T69@T71@P40@T09
종암DT,서울,성북구,01,0113,서울특별시 성북구 종암동 29-10,1522-3232,37.5919525,0,1369,20180530,Z9999@T01@T05@T08@T16@T17@T20@T30@T34@@T36@@@T56@T57@T65@T69@P20@P80@P90
미아,서울,성북구,01,0113,서울특별시 성북구 하월곡동 89-7 부영빌딩,1522-3232,37.607581,0,1206,20170428,Z9999@T05@T08@T16@T17@T20@T21@T30@@@T36@@T43@@T56@T57@T65@T69@T71
성신여대정문,서울,성북구,01,0113,서울특별시 성북구 동선동2가 134 모아빌딩,1522-3232,37.590910,0,1077,20160620,Z9999@T05@T08@T16@T17@T20@T21@T30@T36@@@@T43@@T56@T57@T65@T69@T71@P20
종암,서울,성북구,01,0113,서울특별시 성북구 종암동 3-686 시원빌딩,1522-3232,37.601095,0,997,20151022,Z9999@T05@T08@T16@T17@T20@T21@T30@T36@@@T43@T56@T57@T65@T69@T71
삼선교,서울,성북구,01,0113,서울특별시 성북구 동소문동2가 11번지외 1필지 중 가호 1~2층,1522-3232,37.588696,0,726,20140127,Z9999@T02@T05@T08@T16@T17@T20@T21@T30@@T36@@@T43@@T57@T65@T69@T71@P20@P80
월곡역,서울,성북구,01,0113,서울특별시 성북구 하월곡동 46-73번지 101-1호,1522-3232,37.60203,0,615,20130516,Z9999@T05@T08@T16@T17@T20@T21@T30@T34@T36@@@T43@T51@T56@T57@T65@T69@T71@P40@P80@T09
고대,서울,성북구,01,0113,서울특별시 성북구 안암동5가 104-30 0830,1522-3232,37.583925,0,203,20030705,Z9999@T05@T08@T16@T17@T20@T21@T30@T34@@@@T36@T43@T51@T56@T57@T64@T65@T69@T71@P20
현대미아,서울,성북구,01,0113,서울특별시 성북구 길음동 20-1 현대백화점미아점 지하1층,1522-3232,37.608513711399176,0,57,20070409,T05@T08@T16@T17@T20@T30@T34@@T36@@@T56@T57@T64@T65@T69@P40@T09
성신여대,서울,성북구,01,0113,서울특별시 성북구 동선동1가 92-1번지,1522-3232,37.593135,0,510,20120427,Z9999@T05@T08@T16@T17@@T20@T21@T30@T34@@T36@@@T43@T51@@T56@T57@T65@T69@T71@P20@P80
안암역,서울,성북구,01,0113,서울특별시 성북구 안암동5가 92번지,1522-3232,37.586319,0,558,20120927,Z9999@T05@T08@T16@T17@T20@@T21@T30@T34@@T36@@T43@@T56@T57@T65@T69@T71@P20@P80
한성대입구역,서울,성북구,01,0113,서울특별시 성북구 성북동1가 35-1번지,1522-3232,37.5890412145186,0,466,20111230,Z9999@T05@T08@T16@T17@T20@T21@T30@@@@T36@T43@T51@@T56@T57@T63@T64@T65@T69@T71@P80@T09
길음뉴타운,서울,성북구,01,0113,서울특별시 성북구 길음동 542-1 길음역롯데캐슬트윈골드아파트,1522-3232,37.603633,0,2382,20250228,Z9999@T05@T08@T16@T17@T20@T21@T30@T34@T36@T43@T51@T56@T57@T64@T65@T69@T71@T09
고대안암병원,서울,성북구,01,0113,서울특별시 성북구 안암동5가 126-1 고려대학교 안암병원 제1주차장 3층(상층부 근린생활시설),1522-3232,37.586874,0,2010,20220729,Z9999@T05@T08@T12@T16@T17@T20@T21@T30@T34@@T36@T51@T56@T57@T64@T65@T69@P70@P80@P90
돌곶이역4번출구,서울,성북구,01,0113,서울특별시 성북구 장위동 50-46 H하우스 장위,1522-3232,37.611697,0,2572,20260528,T05@T08@T16@T17@T20@T21@T30@T34@T43@T51@T56@T57@T64@T65@T67@T69@T71@P80@P90@T09
장위뉴타운,서울,성북구,01,0113,서울특별시 성북구 장위동 143-38 타워39,1522-3232,37.618072316295915,0,1823,20210624,T05@T08@T16@T17@T20@T21@T30@T34@@T36@T43@T51@T56@T57@T64@T65@T69@T71
성신여대입구역,서울,성북구,01,0113,서울특별시 성북구 동선동4가 1 (주)하나은행 돈암동지점,1522-3232,37.59303,0,2285,20240710,Z9999@T05@T08@T16@T17@T20@T21@T30@T34@T36@T43@T51@T56@T57@T63@T64@T65@T69@T71@P80@P90
송파나루역DT,서울,송파구,01,0114,서울특별시 송파구 송파동 59-9 송봉주유소,1522-3232,37.510976,0,1476,20190321,Z9999@T01@@T05@T08@T16@T17@T20@T30@T34@T36@@T56@T57@T65@T69@P80
송파헬리오시티,서울,송파구,01,0114,서울특별시 송파구 가락동 479 헬리오시티 단지상가 3A 16호~21호,1522-3232,37.4977826892486,0,1639,20200429,Z9999@T05@T08@T16@T17@T20@T21@T30@T34@@T36@T56@T57@T65@T69@P90
잠실시그마타워,서울,송파구,01,0114,서울특별시 송파구 신천동 7-19 잠실시그마타워,1522-3232,37.51461,0,1441,20181127,Z9999@T05@T08@T16@T17@T20@T21@T30@@T36@@T56@T57@T64@T65@T69@P80@P90
문정법원로R,서울,송파구,01,0114,서울특별시 송파구 문정동 642 송파 테라타워2,1522-3232,37.487356272840365,0,1402,20180817,Z9999@T03@T05@T08@T16@T17@T20@T21@@T26@T29@T30@@@T37@T38@T39@T42@T56@T57@T64@T65@T69@P90@T09
송파개롱역,서울,송파구,01,0114,서울특별시 송파구 가락동 174-14 한라산업개발빌딩,1522-3232,37.49713613426668,0,1352,20180323,Z9999@T05@T08@T16@T17@T20@T21@T30@T34@@@@T56@T57@T65@T69@P80
문정하비오,서울,송파구,01,0114,서울특별시 송파구 문정동 618 파크하비오 204동 104호~107호,1522-3232,37.48211912934925,0,1224,20170531,Z9999@T05@T08@T16@T17@T20@T21@T30@@T36@@T43@@T56@T57@T65@T69@T71@P40@T09
문정역,서울,송파구,01,0114,"서울특별시 송파구 문정동 651 테라타워 B동 137호~139호,204호",1522-3232,37.48529649766194,0,1220,20170523,Z9999@T05@T08@T16@T17@T20@T21@T30@T34@T36@@@T43@@T56@T57@T64@T65@T69@T71@P80@T09
잠실대교남단R,서울,송파구,01,0114,서울특별시 송파구 신천동 7-30 타워730 1층,1522-3232,37.515511,0,1194,20170330,Z9999@T03@@T05@T08@T16@T17@T20@@T26@T29@T30@T34@@T36@@T42@T43@T56@T57@T64@T65@T69@T71@P80@P90@T09
송파위례,서울,송파구,01,0114,"서울특별시 송파구 장지동 884 위례2차아이파크 제상가 3동 1층 C-104, 105, 106, 107호",1522-3232,37.478416,0,1233,20170628,Z9999@T05@T08@T16@T17@T20@T21@T30@T34@@@T36@T43@@T56@T57@T64@T65@T69@T71@P90@T09
송파방이DT,서울,송파구,01,0114,"서울특별시 송파구 방이동 226-10, 226-11",1522-3232,37.506564,0,1106,20160909,Z9999@T01@T05@T08@T16@T17@T20@T30@@T34@@@@T51@T56@T57@T65@T69
올림픽평화의문,서울,송파구,01,0114,서울특별시 송파구 방이동 180-8 해태그린피아빌라트,1522-3232,37.5156426,0,1002,20151106,Z9999@T05@T08@T16@T17@T20@T21@T30@T34@@@@T43@@T56@T57@T65@T69@T71@P80
송파아이파크,서울,송파구,01,0114,서울특별시 송파구 문정동 624 송파아이파크 C-301호,1522-3232,37.47979344097158,0,1049,20160405,Z9999@T05@T08@T16@T17@T20@T21@T30@@@T36@T43@T57@T64@T65@T69@T71@T09
송파사거리,서울,송파구,01,0114,서울특별시 송파구 송파동 96-7,1522-3232,37.5022788,0,948,20150714,Z9999@T05@T08@T16@T17@T20@T21@T30@T34@@@@T43@@T56@T57@T64@T65@T69@T71@P80
석촌서호,서울,송파구,01,0114,서울특별시 송파구 삼전동 130-2,1522-3232,37.5063929,0,904,20150326,Z9999@T05@T08@T16@T17@T20@T21@T30@T34@@@@T43@@T56@T57@T65@T69@T71
문정로데오,서울,송파구,01,0114,서울특별시 송파구 가락동 125-6,1522-3232,37.491858429761606,0,879,20150106,Z9999@T05@T08@T16@T17@T20@T21@T30@T34@@@T36@T43@@T56@T57@T65@T69@T71@P80@T09
올림픽훼미리,서울,송파구,01,0114,서울특별시 송파구 문정동 150-26 훼미리샤르망 101~104호,1522-3232,37.491616375205915,0,809,20140722,Z9999@T05@T08@T16@T17@T20@T21@T30@@@T43@@T57@T65@T69@T71@P60@P80@T09
올림픽공원남문,서울,송파구,01,0114,서울특별시 송파구 방이동 181번지 외 2필지,1522-3232,37.5133,0,781,20140526,T02@T05@T08@T16@T17@T20@T21@@T30@@@@T43@T51@T55@@T56@T57@T65@T69@T71@P80
방이역,서울,송파구,01,0114,서울특별시 송파구 오금동 17-8 1~2층,1522-3232,37.5084904076542,0,705,20131219,Z9999@T05@T08@T16@T17@T20@T21@T30@T34@T36@@@T43@@T56@T57@T64@T65@T69@T71@P80@P90
석촌호수,서울,송파구,01,0114,"서울특별시 송파구 송파동 7-4, 7-5 (석촌호수로 262) 1~3층",1522-3232,37.50957859,0,700,20131210,Z9999@T05@T08@T16@T17@T20@T21@T30@T34@@@T43@T51@T56@T57@T65@T68@T69@T71
잠실푸르지오월드,서울,송파구,01,0114,서울특별시 송파구 신천동 11-4 잠실푸르지오월드마크 1층,1522-3232,37.517287,0,661,20130906,Z9999@T02@T05@T08@T16@T17@T20@T21@T30@T34@T36@@T43@@T56@T57@T64@T65@T69@T71@P80@P90@T09
잠실새내역,서울,송파구,01,0114,서울특별시 송파구 잠실동 181외 3필지,1522-3232,37.511679,0,663,20130912,Z9999@T05@T08@T16@T17@T20@T30@T34@@@T36@T43@T56@T57@T64@T65@T69@T71@P80
잠실역,서울,송파구,01,0114,"서울특별시 송파구 신천동 7-17 웰리스타워,삼성웰리스아파트 (한빛프라자 1층,2층)",1522-3232,37.515272,0,211,20030930,Z9999@@T05@T08@T16@T17@T20@T30@@T36@@T43@T56@T57@T64@T65@T69@T71@P80@P90
갤러리아팰리스,서울,송파구,01,0114,서울특별시 송파구 잠실동 40번지 갤러리아 팰리스,1522-3232,37.511561,0,276,20050330,Z9999@T05@T08@T16@T17@T20@T21@T30@T34@@T36@@T43@T51@@T56@T57@T63@T64@T65@T69@T71@P90@T09
아시아선수촌,서울,송파구,01,0114,서울특별시 송파구 잠실동 175,1522-3232,37.51059,0,270,20050609,Z9999@T05@T08@T16@T17@T20@T30@T34@T36@@@T43@T56@T57@T64@T65@T69@T71@P80@P90
올림픽아파트,서울,송파구,01,0114,서울특별시 송파구 방이동 89-12,1522-3232,37.515315,0,591,20130228,Z9999@T05@T08@T16@T17@T20@T21@T30@@T36@@@T43@@T56@T57@T65@T69@T71@P80@T09
가락본동,서울,송파구,01,0114,서울특별시 송파구 가락동 97-7,1522-3232,37.494812392616524,0,503,20120413,Z9999@T05@T08@T16@T17@T20@T21@T30@@@T43@@T56@T57@T65@T69@T71@P80
석촌역,서울,송파구,01,0114,서울특별시 송파구 석촌동 286-9번지 1층,1522-3232,37.50442905864979,0,344,20100917,Z9999@T05@T08@T16@T17@T20@T21@T30@T34@@@@T43@@T55@T56@T57@T64@T65@T69@T71@P80@T09
가락시장역,서울,송파구,01,0114,서울특별시 송파구 가락동 79번지 롯데캐슬 파인힐 1층,1522-3232,37.49442875605291,0,475,20120120,Z9999@T05@T08@T16@T17@T20@T21@T30@T34@@@T43@@T56@T57@T65@T69@T71@P80@T09
가든파이브,서울,송파구,01,0114,서울특별시 송파구 문정동 292 가든파이브툴 지하1층,1522-3232,37.477974676564614,0,405,20110630,Z9999@T05@T08@T16@T17@T20@T30@T34@T36@@@T43@T51@T57@T64@T65@T69@T71@P40@T09
문정역2번출구,서울,송파구,01,0114,"서울특별시 송파구 문정동 55-6번지, B102~B103호",1522-3232,37.48629340180307,0,2274,20240530,Z9999@T05@T08@T16@T17@T20@T21@T30@T34@T36@T43@T51@@T56@T57@T65@T69@T71@P80@T09
잠실본동,서울,송파구,01,0114,"서울특별시 송파구 잠실동 196-8외 1필지, 1층",1522-3232,37.5086445885442,0,2142,20230530,Z9999@T05@T08@T16@T17@T20@T30@T34@T36@T43@T51@T56@T57@T65@T69@T71
송파NC,서울,송파구,01,0114,서울특별시 송파구 문정동 634 가든파이브라이프 패션관1층,1522-3232,37.47790894730962,0,1825,20210719,T05@T08@T16@T17@T20@T30@T34@@T51@T56@T57@T65@T69@P40@P80@T09
잠실트리지움,서울,송파구,01,0114,서울특별시 송파구 잠실동 35-2 트리지움,1522-3232,37.5109647,0,2447,20250828,T05@T16@T17@T20@T21@T30@T34@T43@T57@T64@T65@T66@T69@T71@P80
송파거여역,서울,송파구,01,0114,서울특별시 송파구 거여동 21-8,1522-3232,37.49360000716603,0,1986,20220616,T05@T08@T16@T17@T20@T21@T30@T34@@T36@T43@T51@@T56@T57@T64@T65@T69@T71@P80
몽촌토성역,서울,송파구,01,0114,서울특별시 송파구 방이동 44-3 현대토픽스,1522-3232,37.516913,0,1674,20200717,Z9999@T05@T08@T16@T17@T20@T21@T30@T34@@@T36@T56@T57@T64@T65@T69
잠실학원사거리,서울,송파구,01,0114,서울특별시 송파구 삼전동 1 삼전빌딩,1522-3232,37.5073157,0,2457,20250926,Z9999@T05@T08@T16@T17@T20@T21@T30@T34@T43@T51@T56@T57@T65@T69@T71
잠실르엘,서울,송파구,01,0114,"서울특별시 송파구 신천동 17-6 104, 105, 106",1522-3232,37.51595,0,2531,20260326,Z9999@T05@T08@T16@T17@T20@T21@T30@T34@T43@T51@T56@T57@T65@T69@T71
송파KT,서울,송파구,01,0114,"서울특별시 송파구 신천동 29-1, 오피스빌딩 1층 2~4호",1522-3232,37.51394208,0,1867,20210910,Z9999@T05@T08@T16@T17@T20@T21@T30@T34@@T36@T51@T56@T57@T64@T65@T69
송파풍납,서울,송파구,01,0114,서울특별시 송파구 풍납동 403-2 도원빌딩,1522-3232,37.5290304826608,0,2561,20260430,T05@T08@T16@T17@T20@T21@T30@T34@T43@@T56@T57@T65@T67@T69@T71
문정법조타운 한양타워,서울,송파구,01,0114,서울특별시 송파구 문정동 641-11 한양타워,1522-3232,37.485796586165364,0,2132,20230519,Z9999@T05@T08@T16@T17@T20@T21@T30@T34@@T43@T51@@T56@T57@T64@T65@T69@T71@T09
잠실래미안아이파크,서울,송파구,01,0114,서울특별시 송파구 신천동 20-4,1522-3232,37.519191562610914,0,2543,20260417,Z9999@T05@T08@T16@T17@T20@T21@T30@T34@T43@T51@T56@T57@T65@T69@T71
송파마천사거리DT,서울,송파구,01,0114,서울특별시 송파구 마천동 43-1,1522-3232,37.499829,0,1694,20200825,Z9999@T01@T05@T08@T16@T17@T20@T21@T30@T34@@T36@@T56@T57@T65@T69@P90@T09
목동파리공원,서울,양천구,01,0115,서울특별시 양천구 목동 907-18,1522-3232,37.535336,0,1556,20191017,Z9999@T05@T08@T16@T17@T20@T21@T30@T34@T36@@T43@T56@T57@T65@T69@T71@P90
등촌역,서울,양천구,01,0115,서울특별시 양천구 목동 602-2,1522-3232,37.548884,0,1420,20181012,Z9999@T05@T08@T16@T17@T20@T21@T30@@T36@@@T56@T57@T65@T69@P80@P90
목동행복한,서울,양천구,01,0115,서울특별시 양천구 목동 917-6 행복한세상,1522-3232,37.52972767740793,0,1408,20180828,Z9999@T05@T08@T16@T17@T20@T21@T30@T34@@@T43@T56@T57@T65@T69@T71@P90@T09
신정DT,서울,양천구,01,0115,서울특별시 양천구 신정동 981-15,1522-3232,37.521993,0,1315,20171222,Z9999@T01@T05@T08@T16@T17@T20@T21@T30@T34@@@@T36@T43@T56@T57@T65@T69@T71@P90@T09
목동역,서울,양천구,01,0115,서울특별시 양천구 신정동 900-10,1522-3232,37.526684,0,1254,20170816,Z9999@T05@T08@T16@T17@T20@T21@T30@@@@T36@T43@T56@T57@T64@T65@T69@T71@P70@P80@T09
목동오목로,서울,양천구,01,0115,서울특별시 양천구 목동 406-4 현대프라자,1522-3232,37.525923,0,1113,20160922,T05@T08@T16@T17@T20@T21@T30@@@T36@@T43@@T56@T57@T65@T69@T71@P80
목동8단지,서울,양천구,01,0115,서울특별시 양천구 신정동 319-23 토피아빌딩,1522-3232,37.520518,0,1151,20161221,Z9999@T05@T08@T16@T17@T20@T21@T22@T30@T36@@@@T43@T56@T57@T65@T69@T71@P90
오목교역,서울,양천구,01,0115,서울특별시 양천구 목동 404-13,1522-3232,37.523855929257174,0,957,20150729,Z9999@T05@T08@T16@T17@T20@T21@T30@@T36@@@T43@T56@T57@T65@T69@T71@P80@T09
신월IC DT,서울,양천구,01,0115,서울특별시 양천구 신월동 205-49,1522-3232,37.529502437956104,0,953,20150723,Z9999@T01@T05@T08@T16@T17@T20@T30@T34@@@@T43@T56@T57@T65@T69@T71@T09
목동7단지,서울,양천구,01,0115,서울특별시 양천구 목동 923 세신비젼프라자,1522-3232,37.528012,0,862,20141128,Z9999@T05@T08@T16@T17@T20@T21@T30@T34@@T36@@@T43@T51@T56@T57@T65@T69@T71@P90@T09
목동5단지,서울,양천구,01,0115,서울특별시 양천구 목동 908-34 부영그린타운3차 1동 116호,1522-3232,37.5363856363692,0,625,20130610,Z9999@T05@T08@T16@T17@T20@T21@T30@T34@@T36@@T43@T51@T56@T57@T65@T69@T71@P90@T09
목동,서울,양천구,01,0115,서울특별시 양천구 목동 907-4 우성에펠타운(우성에펠타운빌딩),1522-3232,37.53638383,0,249,20040723,T05@T08@T16@T17@T20@T21@T30@T34@@T36@@@T43@T51@T56@T57@T65@T69@T71@P90@T09
현대목동,서울,양천구,01,0115,서울특별시 양천구 목동 916 현대하이페리온 (현대백화점 목동점 지하2층),1522-3232,37.526627173612354,0,190,20020830,T05@T08@T16@T17@T20@T30@T34@@@T36@@T51@T56@T57@T65@T69@P40@P80@T09
목동SBS,서울,양천구,01,0115,"서울특별시 양천구 목동 920, 101호, 201호",1522-3232,37.52896162444895,0,2166,20230921,Z9999@T05@T08@T16@T17@T20@T21@T30@T34@T36@@T51@T56@T57@T64@T65@T69@P90@T09
목동트라팰리스,서울,양천구,01,0115,서울특별시 양천구 목동 962 목동트라팰리스,1522-3232,37.5255,0,1679,20200728,Z9999@T05@T08@T16@T17@T20@T21@T30@T34@T36@@@T56@T57@T65@T69@P90@T09
신정네거리역 1번출구,서울,양천구,01,0115,"서울특별시 양천구 신정동 1182-11 103호, 104호",1522-3232,37.517709929242365,0,2558,20260430,T05@T08@T16@T17@T20@T21@T30@T34@T43@T56@T57@T65@T67@T71@P80
목동10단지,서울,양천구,01,0115,"서울특별시 양천구 신정동 324-7 대림아크로빌, 상가A동 101,101-1호",1522-3232,37.515425616177,0,1826,20210628,Z9999@T05@T08@T16@T17@T20@T21@T30@T34@@T36@T43@T51@T56@T57@T65@T69@T71@P90
신월동DT,서울,양천구,01,0115,서울특별시 양천구 신월동 52-14,1522-3232,37.5382923530559,0,1808,20210528,Z9999@T01@T05@T08@T16@T17@T20@T30@T34@@T43@T56@T57@T65@T69@T71@P90
타임스퀘어R,서울,영등포구,01,0116,서울특별시 영등포구 영등포동4가 442 타임스퀘어,1522-3232,37.51809815438478,0,1551,20191030,Z9999@T03@T05@T08@T16@T17@T20@T26@T29@T30@T34@@@@T37@T39@T41@T42@T56@T57@T65@T69@P40@P60@P80@P90@T09
샛강역,서울,영등포구,01,0116,서울특별시 영등포구 여의도동 55-2,1522-3232,37.51832551004046,0,1495,20190508,Z9999@T05@T08@T16@T17@T20@T21@T30@T34@@@T56@T57@T64@T65@T69@P80@P90@T09
영등포역,서울,영등포구,01,0116,서울특별시 영등포구 영등포동1가 143-3 영등포 J&amp;S,1522-3232,37.517020000646795,0,1462,20190124,Z9999@T05@T08@T16@T17@T20@@T30@T34@@@T36@@T43@T56@T57@T65@T69@T71@P40@P60@P80@P90
당산대로,서울,영등포구,01,0116,서울특별시 영등포구 당산동6가 217-2,1522-3232,37.533121,0,1390,20180626,Z9999@T05@T08@T16@T17@T20@T21@T30@@@@T43@@T56@T57@T65@T69@T71@P80@P90
여의도IFC몰(L1)R,서울,영등포구,01,0116,서울특별시 영등포구 여의도동 23 서울 국제금융 센터 지하1층 178호,1522-3232,37.525386315990104,0,1350,20180320,Z9999@T03@T05@T08@T16@T17@T20@T26@T29@T30@T33@T34@@@T36@T37@T39@T41@T42@T56@T57@T64@T65@T69@P40@P80@T09
여의도KBS R,서울,영등포구,01,0116,서울특별시 영등포구 여의도동 17-9,1522-3232,37.526596,0,1334,20180124,Z9999@T03@T05@T08@T16@T17@T20@T21@T26@T29@T30@@@@T37@T39@T41@T42@T56@T57@T65@T69@P80@P90
국회대로,서울,영등포구,01,0116,서울특별시 영등포구 여의도동 14 B&B타워,1522-3232,37.53026,0,1241,20170704,T05@T08@T16@T17@T20@T21@T30@@@T36@@T56@T57@T64@T65@T69@P80@P90
영등포KT,서울,영등포구,01,0116,서울특별시 영등포구 영등포동8가 35-1,1522-3232,37.526419,0,1147,20161215,Z9999@T05@T08@T16@T17@T20@T21@T30@T34@@T36@@T43@@T56@T57@T65@T69@T71@@P90@T09
여의도공원R,서울,영등포구,01,0116,서울특별시 영등포구 여의도동 12 C.C.M.M빌딩,1522-3232,37.529129532990446,0,1141,20161222,Z9999@T03@T05@T08@T16@T17@T20@T21@@T26@T29@T30@T34@T36@@@@T37@T39@T41@T42@T43@T56@T57@T64@T65@T69@T71@T09
국회의사당역,서울,영등포구,01,0116,서울특별시 영등포구 여의도동 17-3 삼환까뮤빌딩,1522-3232,37.52805409993459,0,1124,20161020,Z9999@T05@T08@T16@T17@T20@T21@T30@T34@@@@T43@T56@T57@T64@T65@T69@T71@P80@P90
여의도역R,서울,영등포구,01,0116,서울특별시 영등포구 여의도동 23-6   1층,1522-3232,37.523328,0,1037,20160217,Z9999@T03@T05@T08@T16@T17@T20@T21@T26@T29@T30@@T34@@@@T37@T39@T41@T42@T56@T57@T64@T65@T69@P80@P90
선유동이레빌딩,서울,영등포구,01,0116,서울특별시 영등포구 양평동4가 2 이레빌딩,1522-3232,37.534277678053385,0,1045,20160324,Z9999@T05@T08@T16@T17@T20@T21@T30@T34@@T36@@@T43@T51@T56@T57@T64@T65@T69@T71@T75@P90@T09
동여의도,서울,영등포구,01,0116,서울특별시 영등포구 여의도동 43-4 롯데캐슬 아이비(롯데캐슬IVY),1522-3232,37.52063015571123,0,892,20150130,Z9999@T05@T08@T16@T17@T20@T21@T30@T34@@@T43@T51@T55@@T56@T57@T63@T64@T65@T69@T71@P90@T09
여의도ABL타워,서울,영등포구,01,0116,서울특별시 영등포구 여의도동 45-21 알리안츠타워,1522-3232,37.518916067553775,0,852,20141114,T05@T08@T16@T17@T20@T21@T30@T34@@@T43@T51@@T56@T57@T64@T65@T69@T71@P80@P90@T09
영등포신길,서울,영등포구,01,0116,"서울특별시 영등포구 신길동 252-9, 1,2층",1522-3232,37.504566,0,849,20141030,Z9999@T05@T08@T16@T17@T20@T30@T34@@@@T43@@T56@T57@T65@T69@T71@P90@T09
문래역,서울,영등포구,01,0116,서울특별시 영등포구 문래동3가 55-5 1~2층,1522-3232,37.517446,0,851,20141104,Z9999@T05@T08@T16@T17@T20@T21@T30@T34@@@T36@T43@T51@T56@T57@T63@T64@T65@T69@T71@P80@P90@T09
당산,서울,영등포구,01,0116,서울특별시 영등포구 당산동6가 338-1,1522-3232,37.53510012434575,0,725,20140127,Z9999@T05@T08@T16@T17@T20@T21@T30@@@@T43@@@T56@T57@T64@T65@T69@T71@P80@P90
여의도한양증권,서울,영등포구,01,0116,서울특별시 영등포구 여의도동 34-11 한양증권,1522-3232,37.522394620369006,0,723,20140124,T05@T08@T16@T17@T20@T21@T30@T34@@T36@@T51@T56@T57@T64@T65@T69@P90
여의도일신,서울,영등포구,01,0116,서울특별시 영등포구 여의도동 15-15 1층 1,1522-3232,37.52774993247095,0,701,20131212,T05@T08@T16@T17@T20@T21@T30@T34@T36@@@@T43@T51@@T56@T57@T64@T65@T69@T71@P80@P90
하이테크시티,서울,영등포구,01,0116,서울특별시 영등포구 문래동3가 55-20 에이스하이테크시티,1522-3232,37.51445587278118,0,73,20070625,T05@T08@T16@T17@T20@T21@@T30@T34@T36@@@T43@T51@@@T57@T64@T65@T69@T71@P90@T09
여의도,서울,영등포구,01,0116,서울특별시 영등포구 여의도동 23-9,1522-3232,37.524085774422,0,153,20001009,Z9999@T05@T08@T16@T17@T20@T21@@T30@T34@@@@T56@T57@T64@T65@T69@P80@P90
롯데캐슬여의도,서울,영등포구,01,0116,서울특별시 영등포구 여의도동 36 롯데캐슬엠파이어 1층 104호,1522-3232,37.52025214,0,268,20050715,@T05@T08@T16@T17@T20@T21@T30@T34@@T36@@T43@@T57@T64@T65@T69@T71@P80@P90@T09
문래동,서울,영등포구,01,0116,서울특별시 영등포구 문래동3가 77-1번지 대창타운빌 1층,1522-3232,37.519602,0,323,20100617,Z9999@T05@T08@T16@T17@T20@T21@T30@T34@T36@@T43@@T56@T57@T64@T65@T69@T71@P90
여의도호성,서울,영등포구,01,0116,서울특별시 영등포구 여의도동 44-22 호성빌딩1층,1522-3232,37.52047777728472,0,375,20110329,Z9999@T02@T05@T08@T16@T17@T20@T21@T30@T34@@@T43@@T57@T64@T65@T69@T71@P80@P90
타임스퀘어B2,서울,영등포구,01,0116,서울특별시 영등포구 영등포동4가 442번지 타임스퀘어 단지 지하2층,1522-3232,37.517675204879275,0,414,20110704,Z9999@T05@T08@T16@T17@T20@T30@@T36@@T57@T64@T65@T69@P40@P80@T09
영등포본동,서울,영등포구,01,0116,"서울특별시 영등포구 영등포동3가 2-21, 2-28 우성타워",1522-3232,37.518713,0,329,20100722,Z9999@T05@T08@T16@T17@T20@@T30@T34@@T36@T43@T51@@T56@T57@T65@T69@T71@P90
타임스퀘어2F,서울,영등포구,01,0116,서울특별시 영등포구 영등포동4가 442 타임스퀘어,1522-3232,37.51760768533779,0,295,20090916,Z9999@T05@T08@@T17@T20@T30@T34@T36@@T56@T57@T65@T69@P40@P80@T09
여의도의사당,서울,영등포구,01,0116,서울특별시 영등포구 여의도동 13-19 국민의힘,1522-3232,37.530023,0,342,20100915,Z9999@T05@T08@T16@T17@T20@T21@T30@T34@@T36@@@T43@T51@T56@T57@T64@T65@T69@T71@P90
여의도IFC(1F),서울,영등포구,01,0116,서울특별시 영등포구 여의도동 23 및 23-1 국제금융센터 TWO IFC 1층,1522-3232,37.525273,0,573,20121224,Z9999@T05@T08@T16@T17@T20@T21@T30@T34@@T36@@T51@T56@T57@T63@T64@T65@T69@P40@P80@P90@T09
여의도교직원공제회,서울,영등포구,01,0116,서울특별시 영등포구 여의도동 35-3 한국교직원공제회관,1522-3232,37.52191490479988,0,2282,20240619,Z9999@T05@T08@T16@T17@T20@T21@T30@T34@T51@T56@T57@T64@T65@T69@P80@P90
여의도원센티널,서울,영등포구,01,0116,서울특별시 영등포구 여의도동 23-2 여의도 신한투자증권타워 1층,1522-3232,37.52505178939928,0,1874,20211013,Z9999@T05@T08@T16@T17@T20@T21@T30@T34@@T43@T51@@T56@T57@T63@T64@T65@T69@T71@P80@P90@T09
여의도한강공원,서울,영등포구,01,0116,서울특별시 영등포구 여의도동 85-1 한강버스 여의도선착장 3층,1522-3232,37.528930002444795,0,2444,20250806,Z9999@T05@T08@T16@T17@T20@T21@T30@T34@T51@T56@T57@T63@@T64@T65@T68@T69
SSG.COM,서울,영등포구,01,0116,서울특별시 영등포구 영등포동4가 79 KB영등포타워,1522-3232,37.519509353638526,0,2542,20260330,T05@T08@T16@T17@T20@T21@T30@T34@T56@T57@T64@T65@T66
선유도역 1번출구,서울,영등포구,01,0116,서울특별시 영등포구 양평동5가 64-1,1522-3232,37.538333,0,1780,20210325,Z9999@T05@T08@T16@T17@T20@T21@T30@T34@@T36@@T56@T57@T64@T65@T69@P80@P90
여의도IFC몰(L2)STREET,서울,영등포구,01,0116,서울특별시 영등포구 여의도동 23 서울 국제금융 센터 IFC몰 L2 S15,1522-3232,37.52392601037006,0,2468,20250926,T05@T08@T16@T17@T20@T21@T27@@T34@T51@T56@T57@T64@T65@T66@T69@P40@P80
영등포시장역,서울,영등포구,01,0116,서울특별시 영등포구 영등포동7가 47-3 에즈파이낸스빌딩,1522-3232,37.52348590615082,0,1968,20220421,T02@T05@T08@T16@T17@T20@T21@T30@T34@@T36@T43@T51@@@T57@T65@T69@T71@P80@P90
영등포구청역,서울,영등포구,01,0116,서울특별시 영등포구 당산동3가 393 외 2필지 1층,1522-3232,37.527967742744615,0,1770,20210305,Z9999@T05@T08@T16@T17@T20@T21@T30@T34@@T36@@T56@T57@T64@T65@T69@P80@P90@T09
서울양평역,서울,영등포구,01,0116,서울특별시 영등포구 양평동1가 247 영등포 중흥 S-CLASS,1522-3232,37.523128,0,1851,20210819,Z9999@T05@T08@T16@T17@T20@T21@T30@T34@@@T51@T56@T57@T65@T69@P80@P90
영등포시장교차로,서울,영등포구,01,0116,서울특별시 영등포구 영등포동6가 1-14,1522-3232,37.5204239,0,1778,20210319,T05@T08@T16@T17@T20@T21@T30@T34@@T36@@T43@T57@T65@T69@T71@P90
63 Sky Picnic,서울,영등포구,01,0116,서울특별시 영등포구 여의도동 60 63한화생명빌딩,1522-3232,37.51988698321943,0,2581,20260604,Z9999@T05@T08@T16@T17@T20@T21@T30@T34@T51@T56@T57@T68@T69@T75@P40@T09
영등포구청역5호선,서울,영등포구,01,0116,서울특별시 영등포구 당산동3가 522-3,1522-3232,37.524600044877665,0,2557,20260430,T05@T08@T16@T17@T20@T21@T30@T34@T43@T56@T57@T65@T67@T69@T71@P80
더현대서울(B2)R,서울,영등포구,01,0116,서울특별시 영등포구 여의도동 22 파크원,1522-3232,37.5258834618679,0,1762,20210224,T03@T05@T08@T16@T17@T20@T26@T29@T30@T34@T36@@@T37@T39@T41@T42@T56@T57@T64@T65@T69@P40@P80@P90
여의도브라이튼,서울,영등포구,01,0116,"서울특별시 영등포구 여의도동 525 브라이튼 여의도, 1층",1522-3232,37.5241006226166,0,2272,20240529,Z9999@T05@T08@T16@T17@T20@T21@T30@T34@T36@T43@T51@T56@T57@T64@T65@T69@T71@P90
여의도TP타워,서울,영등포구,01,0116,서울특별시 영등포구 여의도동 27-2,1522-3232,37.52140431074032,0,2271,20240529,Z9999@T05@T08@T16@T17@T20@T21@T30@T34@T51@T56@T57@T64@T65@T68@T69@P80@P90@T09
보라매역,서울,영등포구,01,0116,"서울특별시 영등포구 신길동 508-2, 1층",1522-3232,37.50018761793066,0,2552,20260417,Z9999@T05@T08@T16@T17@T20@T30@T34@T43@T51@T56@T57@T65@T69@T71@P80@P90
당산역사거리,서울,영등포구,01,0116,서울특별시 영등포구 당산동5가 16-7,1522-3232,37.534146117725875,0,1714,20200929,Z9999@T05@T08@T16@T17@T20@T21@T30@T34@T36@@@T43@@T56@T57@T65@T69@T71@P80@P90
신풍역,서울,영등포구,01,0116,서울특별시 영등포구 신길동 424-3,1522-3232,37.5003469620528,0,2175,20230830,Z9999@T05@T08@T16@T17@T20@T21@T30@T34@@T43@T51@T56@T57@T57@T65@T69@T71@P80@P90
불광역,서울,은평구,01,0117,서울특별시 은평구 대조동 15-9 WB은평타워,1522-3232,37.609382,0,1508,20190613,Z9999@T05@T08@T16@T17@T20@T30@T43@T56@T57@T64@T65@T69@T71@P80@P90@T09
구파발사거리,서울,은평구,01,0117,서울특별시 은평구 진관3로 21 은평엘크루 101동 105-108호,1522-3232,37.639617,0,1336,20180202,Z9999@T05@T08@T16@T17@T20@T21@T30@T34@@@@T43@@T56@T57@T64@T65@T69@T71@P80@P90
연신내역사거리,서울,은평구,01,0117,서울특별시 은평구 불광동 308-1 범서빌딩,1522-3232,37.618773940257306,0,1304,20171204,Z9999@T05@T08@T16@@T17@T20@T30@@@@T57@T65@T69@P80@P90@T09
연신내,서울,은평구,01,0117,서울특별시 은평구 갈현동 395-6,1522-3232,37.6202305,0,1179,20170228,Z9999@T05@T08@T16@T17@T20@T21@T30@T34@@@T43@@T56@T57@T65@T69@T71@P80@P90
구파발역,서울,은평구,01,0117,서울특별시 은평구 진관동 100-6,1522-3232,37.63446,0,951,20150723,Z9999@T05@T08@T16@T17@T20@T21@T30@T34@@@@T56@T57@T64@T65@T69@T75@P80@P90@T09
은평구청입구,서울,은평구,01,0117,서울특별시 은평구 응암동 96-1 외 3필지 (은평로 170),1522-3232,37.601042,0,775,20140515,Z9999@T05@T08@T16@T17@T20@T21@T30@T34@@@@T43@T51@T56@T57@T64@T65@T69@T71@P90@T09
은평이마트,서울,은평구,01,0117,서울특별시 은평구 응암동 90-1,1522-3232,37.60037923,0,235,20051011,Z9999@T08@T16@T17@T20@T30@T34@T43@T51@@T57@T65@T69@T71@P40@P90@T09
구산역,서울,은평구,01,0117,서울특별시 은평구 대조동 224-14외 2필지,1522-3232,37.611745,0,529,20120629,Z9999@T05@T08@T16@T17@T20@T21@T30@T34@@@@T43@T56@T57@T64@T65@T69@T71@P80@P90
불광역8번출구,서울,은평구,01,0117,서울특별시 은평구 불광동 267,1522-3232,37.61199,0,2208,20231110,T05@T08@T16@T17@T20@T21@T30@T34@T43@T51@T56@T57@T65@T69@T71@P80@P90
응암역2번출구,서울,은평구,01,0117,"서울특별시 은평구 역촌동 85-1, 102호",1522-3232,37.6006318,0,2389,20250328,Z9999@T05@T08@T16@T17@T20@T21@T30@T34@T36@T43@T51@T56@T57@T63@T65@T69@T71@P80
수색,서울,은평구,01,0117,서울특별시 은평구 수색동 30-2,1522-3232,37.58006406944348,0,1963,20220420,T05@T08@T16@T17@T20@T21@T30@T34@@T43@T51@@T56@T57@T65@T69@T71@P90
새절역,서울,은평구,01,0117,서울특별시 은평구 신사동 338-4,1522-3232,37.5894266730207,0,2088,20230215,Z9999@T05@T08@T16@T17@T20@T21@T30@T34@T43@T51@T56@T57@T64@T65@T69@T71@T09
더북한산,서울,은평구,01,0117,서울특별시 은평구 진관동 277-11,1522-3232,37.6554576593266,0,2087,20230215,T05@T08@T16@T17@T20@T21@T30@T34@T36@T47@T51@T56@T57@T65@T69@T72@P90@T09
녹번역,서울,은평구,01,0117,서울특별시 은평구 녹번동 19-121 은평 미드스퀘어,1522-3232,37.603307621312325,0,2042,20221006,T05@T08@T16@T17@T20@T21@T30@T34@T36@T43@T51@T56@T57@T64@T65@T69@T71@P80@P90@T09
진관DT,서울,은평구,01,0117,서울특별시 은평구 진관동 2-8 스타벅스진관DT,1522-3232,37.6501787,0,1956,20220405,Z9999@T01@T05@T08@T16@T17@T20@T21@T30@T34@T36@T43@T51@@T56@T57@T65@T69@T71@P90@T09
연신내역5번출구,서울,은평구,01,0117,서울특별시 은평구 대조동 198-4 유니온빌딩,1522-3232,37.6181353632704,0,2388,20250321,T05@T08@T16@T17@T20@T21@T30@T34@T43@@T56@T57@@T65@T67@T69@T71@P80@P90
연합뉴스,서울,종로구,01,0118,서울특별시 종로구 수송동 110 연합뉴스빌딩,1522-3232,37.57462713751161,0,1472,20190227,T05@T16@T17@T20@T21@T30@@@T36@@T43@@T56@T57@T65@T69@T71@T09
혜화역,서울,종로구,01,0118,서울특별시 종로구 동숭동 1-31 동덕빌딩 1~2층,1522-3232,37.5824779,0,1429,20181106,Z9999@T05@T08@T16@T17@T20@T21@T30@@T36@@@T56@T57@T64@T65@T69@P80@P90
경희궁로,서울,종로구,01,0118,서울특별시 종로구 당주동 128-27 동원빌딩,1522-3232,37.571759,0,1528,20190808,T05@T08@T16@T17@T20@T21@T30@T34@@@T36@@T43@@T56@T57@T64@T65@T69@T71@P80@P90
강북삼성병원,서울,종로구,01,0118,서울특별시 종로구 평동 108-1외 19필지 강북삼성병원 C동 미래의학관 5층,1522-3232,37.568377,0,1622,20200319,T05@T08@T16@T17@T20@T21@T30@T34@T36@T57@T64@T65@T69@P70
종로평창동,서울,종로구,01,0118,서울특별시 종로구 평창동 182-11 나라빌딩,1522-3232,37.60614770769474,0,1427,20181031,Z9999@T05@T08@T16@T17@T20@T21@T30@T36@@@@T43@@T56@T57@T64@T65@T69@T71@P90
광화문우체국,서울,종로구,01,0118,서울특별시 종로구 서린동 154-1 광화문우체국,1522-3232,37.57000686119245,0,1359,20180410,T05@T08@T16@T17@T20@T21@T30@@@T36@@T43@@T56@T57@T64@T65@T69@T71@P90
종로R,서울,종로구,01,0118,서울특별시 종로구 종로2가 6 종로타워,1522-3232,37.57079158478462,0,1305,20171220,Z9999@T03@T05@T08@T12@T16@T17@T20@@T26@T27@T29@T30@@@T36@@T37@@T39@T41@T42@T56@T57@T64@@T69@P40@P80@P90@T09
독립문역,서울,종로구,01,0118,서울특별시 종로구 교북동 126 경희궁자이 4단지 1층 팰리스애비뉴 4114~4119호,1522-3232,37.571432,0,1320,20180109,Z9999@T05@T08@T12@T16@T17@T20@T21@T30@T36@@@@T56@T57@T64@T65@T69@P40
정부서울청사R,서울,종로구,01,0118,서울특별시 종로구 적선동 156 광화문플래티넘,1522-3232,37.574621312530724,0,1333,20180122,Z9999@T03@T05@T08@T16@T17@T20@T21@T26@T29@T30@@T34@T36@@@@T37@T39@T41@T42@T43@@T56@T57@T64@T65@T69@T71@P80@P90
북촌로,서울,종로구,01,0118,서울특별시 종로구 계동 101-14 1~3층,1522-3232,37.579419015932245,0,843,20141021,T05@T08@T16@T17@T20@T21@T30@T34@@@T36@@T43@T51@@T56@T57@T65@T69@T71@P90
종로수송,서울,종로구,01,0118,서울특별시 종로구 청진동 19 1~3층,1522-3232,37.57165162614545,0,836,20140929,Z9999@T05@T08@T16@T17@T20@T21@T30@T34@@@T36@T56@T57@T64@T65@T69@P80
새문안로,서울,종로구,01,0118,서울특별시 종로구 신문로1가 163 광화문오피시아빌딩(광화문오피시아),1522-3232,37.569914,0,804,20140630,T05@T08@T16@T17@T20@T21@@T30@T34@@@T36@@T43@@T56@T57@T64@T65@T69@T71@P60@P80
삼청동,서울,종로구,01,0118,서울특별시 종로구 삼청동 112,1522-3232,37.58541226323984,0,788,20140612,T05@T08@T16@T17@T20@T30@@@T36@@T43@@T56@T57@T65@T69@T71
적선,서울,종로구,01,0118,"서울특별시 종로구 적선동 66, 노스게이트빌딩 1층",1522-3232,37.57527012561527,0,189,20020915,Z9999@T05@T08@T12@T16@T17@T20@T21@T30@T34@@T36@@@T56@T57@T64@T65@T69@P80@P90@T09
인사,서울,종로구,01,0118,서울특별시 종로구 인사동 39,1522-3232,37.57220884263517,0,164,20010810,Z9999@T05@T08@T16@T17@T20@T30@@@@T36@T56@T57@T64@T65@T69@P90
광화문,서울,종로구,01,0118,서울특별시 종로구 세종로 185-2 현대빌딩 (현대해상본사사옥 별관내),1522-3232,37.571254401637304,0,178,20020225,Z9999@@T05@T08@T16@T17@T20@@@T27@@T30@@T34@@T36@@@@T51@T56@T57@T64@T65@T69@P80
스페이스본,서울,종로구,01,0118,서울특별시 종로구 사직동 9 광화문 풍림스페이스본,1522-3232,37.575106,0,111,20080130,T05@T08@T16@T17@T20@T21@T30@@@@T36@T43@@T57@T65@T69@T71@T09
주얼리시티,서울,종로구,01,0118,서울특별시 종로구 인의동 48-2 효성주얼리시티,1522-3232,37.571491020417625,0,109,20061123,Z9999@T05@T08@T16@T17@T20@T21@T30@@@T36@@T56@T57@T64@T65@T69@P40
종각,서울,종로구,01,0118,서울특별시 종로구 종로2가 84-10,1522-3232,37.57001689280663,0,45,20060726,Z9999@T05@T08@T16@T17@T20@T21@T30@@T36@@T43@@T56@T57@T64@T65@T69@T71@P80@P90
동숭로아트,서울,종로구,01,0118,서울특별시 종로구 동숭동 30번지,1522-3232,37.582969,0,434,20110907,Z9999@T05@T08@T16@T17@T20@T21@T30@T36@@@T56@T57@T65@T69@P90
종로관철,서울,종로구,01,0118,서울특별시 종로구 관철동 12-15번지 2층,1522-3232,37.56913634091145,0,352,20101124,Z9999@T02@T05@T08@T16@T17@T20@T21@T30@T36@@@@T43@T56@T57@T64@T65@T69@P80
경복궁역,서울,종로구,01,0118,서울특별시 종로구 통의동 35-41 1층,1522-3232,37.5771508,0,351,20101119,Z9999@T05@T08@T16@T17@T20@T21@T30@T34@@T36@@@T51@T56@T57@T65@T69@P80@T09
이마빌딩,서울,종로구,01,0118,서울특별시 종로구 수송동 146-1번지,1522-3232,37.5738637,0,401,20110628,T05@T08@T16@T17@T20@T21@T30@@T36@@@T43@@T56@T57@T64@T65@T69@T71@P90@T09
마로니에공원,서울,종로구,01,0118,서울특별시 종로구 동숭동 1-115번지 1-2층,1522-3232,37.58154296,0,301,20091222,Z9999@T05@T08@T16@T17@T20@T30@T36@@@@T56@T57@T65@T69@P20@P80
종로3가,서울,종로구,01,0118,서울특별시 종로구 종로3가 9-3번지 1-4층,1522-3232,37.57056485920516,0,330,20100723,Z9999@T05@T08@T16@T17@T20@T21@T30@T34@T36@@@T43@T51@T57@T65@T69@T71@P80@P90
대학로,서울,종로구,01,0118,서울특별시 종로구 연건동 128-8 홍익대학교 대학로캠퍼스 內,1522-3232,37.5764916392943,0,578,20130115,Z9999@T05@T08@T12@T16@T17@T20@T21@T30@T34@T36@@@@T51@T56@T57@T64@T65@T69@T09
경복궁사거리,서울,종로구,01,0118,서울특별시 종로구 중학동 14번지 트윈트리타워B동 101호,1522-3232,37.575615939508076,0,383,20110414,T05@T08@T16@T17@T20@@T21@T30@T34@@T36@T51@T56@T57@T63@T64@T65@T69@P90@T09
종로관수,서울,종로구,01,0118,서울특별시 종로구 관수동 3-5번지,1522-3232,37.56971102439499,0,572,20121221,Z9999@T05@T08@T16@T17@T20@T21@T30@@@@T57@T64@T65@T69
그랑서울,서울,종로구,01,0118,서울특별시 종로구 청진동 70 그랑서울,1522-3232,37.57078676546426,0,2426,20250626,T05@T08@@T20@T21@@T36@T51@@T57@T64@T65@T66@T69
광화문교보문고,서울,종로구,01,0118,서울특별시 종로구 종로1가 1 교보생명빌딩 지하1층,1522-3232,37.571017,0,2014,20220831,T05@T08@T16@T17@T20@T21@T30@T34@T36@@T51@T56@T57@T64@T65@T69@P80@P90@T09
광장마켓,서울,종로구,01,0118,서울특별시 종로구 예지동 2-1,1522-3232,37.57020711871311,0,2414,20250529,Z9999@T05@T08@T12@T16@T17@T20@T22@T30@T34@T36@T51@T56@T57@T65@T68@T69
성대입구,서울,종로구,01,0118,서울특별시 종로구 명륜4가 196-1,1522-3232,37.582751,0,2567,20260529,Z9999@T05@T08@T16@T17@T20@T21@T30@T34@T43@T51@T56@T57@T65@T69@T71@P20
KT광화문웨스트B1F,서울,종로구,01,0118,서울특별시 종로구 세종로 100 KT 광화문 빌딩 West,1522-3232,37.5721422,0,2452,20250828,T05@T08@T16@T17@T20@T21@T30@T34@T36@T51@T56@T57@T64@T65@T69
정동,서울,종로구,01,0118,서울특별시 종로구 신문로2가 89-27 피어선빌딩,1522-3232,37.568846,0,1809,20210526,T05@T08@T16@T17@T20@T21@T30@T34@T36@@@T43@T56@T57@T64@T65@T69@T71
종로플레이스,서울,종로구,01,0118,서울특별시 종로구 인의동 28-2 종로플레이스,1522-3232,37.57305,0,1838,20210728,T05@T08@T16@T17@T20@T21@T30@T34@T36@T51@T56@T57@T64@T65@T69@T09
강북삼성병원1층,서울,종로구,01,0118,서울특별시 종로구 평동 108-1외 12필지 강북삼성병원 효석관(본관) 1층,1522-3232,37.568546,0,1833,20210713,@T20@T21@T30@T34@@T36@@T51@T56@T57@T64@T65@T69@T74@P70
동숭길입구,서울,종로구,01,0118,서울특별시 종로구 혜화동 90-18 혜화동씨티밸리 101호,1522-3232,37.584191,0,1660,20200619,Z9999@T05@T08@T16@T17@T20@T21@T30@T34@@T36@T56@T57@T65@T69@P20@P80@P90
서울대치과병원,서울,종로구,01,0118,서울특별시 종로구 연건동 275-1 서울대학교 치과병원 신관1층,1522-3232,37.577331,0,1729,20201203,T05@T08@T12@T16@T17@T20@T30@T34@T36@@@T56@T57@T65@T69@T73@P40@P70@P90
서대문적십자,서울,종로구,01,0118,서울특별시 종로구 평동 164 서울적십자병원 별관 상가동 1층 B호,1522-3232,37.56678781817199,0,2363,20241226,T05@T08@T16@T17@T20@T21@T30@T34@@T36@T43@T51@T56@T57@T64@T65@T66@T69@T71@P70@P80
리저브광화문,서울,종로구,01,0118,서울특별시 종로구 세종로 100 KT 광화문 빌딩 West,1522-3232,37.57242596212652,0,2451,20250828,Z9999@T03@T08@T16@T17@T20@T21@T26@T29@T33@T34@T36@T37@T39@T41@T47@T57@T69@P80
서대문역,서울,종로구,01,0118,서울특별시 종로구 평동 222 디타워(돈의문),1522-3232,37.566875328512566,0,1794,20210428,Z9999@T05@T08@T16@T17@T20@T21@T30@T34@T36@@@T51@T56@T57@T64@T65@T69@P80@P90
숭례문북창,서울,중구,01,0119,서울특별시 중구 남대문로4가 17-19,1522-3232,37.561725,0,1426,20181031,Z9999@T05@T08@T16@T17@T20@T21@T30@T34@T36@@@T56@T57@T64@T65@T69@P80@P90
을지로4가역,서울,중구,01,0119,"서울특별시 중구 을지로4가 323 118호,119호,202호 일부",1522-3232,37.56634407411786,0,1569,20191114,Z9999@T05@T08@T16@T17@T20@T21@T30@T34@T36@@T56@T57@T64@T65@T69@P80@P90@T09
동대문두타,서울,중구,01,0119,서울특별시 중구 을지로6가 18-12 두산타워빌딩,1522-3232,37.5691,0,1543,20190919,Z9999@T05@T08@T16@T17@T20@T30@T34@@T36@@@T56@T57@T65@T69@P40@P90@T09
대한상공회의소R,서울,중구,01,0119,서울특별시 중구 남대문로4가 45 대한서울상공회의소 1층,1522-3232,37.560938,0,1496,20190529,Z9999@T03@T05@T08@T16@T17@T20@T26@T29@T30@T34@T36@@@T42@T56@T57@T64@T65@T69
국립중앙의료원,서울,중구,01,0119,서울특별시 중구 을지로6가 18-131 을지회관,1522-3232,37.566516,0,1419,20181012,Z9999@T05@T08@T16@T17@T20@T30@T34@@@@T56@T57@T64@T65@T69@P70@P80@P90
동국대,서울,중구,01,0119,서울특별시 중구 충무로5가 90,1522-3232,37.561542,0,1367,20180524,Z9999@T05@T08@T16@T17@T20@T21@T30@@@T36@@T43@T56@T57@T65@T69@T71@P20@P70@P90@T09
동대문공원,서울,중구,01,0119,서울특별시 중구 광희동1가 185-1,1522-3232,37.565133,0,1177,20170228,Z9999@T05@T08@T16@T17@T20@T30@T34@@@@T43@@T56@T57@T64@@T65@T69@@P80@P90
을지로국제빌딩,서울,중구,01,0119,서울특별시 중구 다동 111 국제빌딩,1522-3232,37.566952,0,1245,20170725,Z9999@T05@T20@T21@T30@@@@T57@T64@T65@T69@P80
동대입구역,서울,중구,01,0119,서울특별시 중구 장충동1가 62-35 종이나라빌딩,1522-3232,37.5596804372304,0,1140,20161208,Z9999@T05@@T08@T16@T17@T20@T21@@T30@@@T36@@T43@T56@T57@T64@T65@T69@T71@P80@P90
신당역사거리,서울,중구,01,0119,서울특별시 중구 흥인동 86 KT 동대문지사,1522-3232,37.565807,0,1096,20160728,Z9999@T05@T08@T16@T17@T20@T30@T34@@T36@@@@T43@T56@T57@T65@T69@T71@P80@P90@T09
연세세브란스,서울,중구,01,0119,서울특별시 중구 남대문로5가 84-11 연세세브란스빌딩,1522-3232,37.557207,0,1101,20160818,Z9999@T05@T08@T16@T17@T20@T21@T30@T34@@@T36@T56@T57@T64@T65@T69@P80
회현역,서울,중구,01,0119,"서울특별시 중구 회현동1가 206 리더스뷰남산 107,108호",1522-3232,37.55947242829924,0,1001,20151103,Z9999@T05@T08@T16@T17@T20@T30@T34@@@@T43@T51@T56@T57@T64@T65@T69@T71@P80@T09
을지로경기빌딩,서울,중구,01,0119,서울특별시 중구 삼각동 115 경기빌딩,1522-3232,37.56707721942303,0,994,20151028,Z9999@T05@T08@T16@T17@T20@T21@@T30@T34@@@@T51@T56@T57@T64@T65@T69@P80
을지로2가,서울,중구,01,0119,서울특별시 중구 을지로2가 88-5,1522-3232,37.566347,0,1065,20160525,Z9999@T05@T08@T16@T17@T20@T30@@@@T57@T64@T65@T69@P80@T09
신세계본점6F,서울,중구,01,0119,서울특별시 중구 충무로1가 52-5 신세계백화점건물,1522-3232,37.560381,0,1063,20160512,T05@T08@T16@T17@T20@T30@T34@@T36@@T56@T57@T64@T65@T69@P80@T09
서울중앙우체국,서울,중구,01,0119,서울특별시 중구 충무로1가 21-1 서울중앙우체국,1522-3232,37.561678,0,998,20151027,Z9999@T05@T08@T16@T17@T20@T30@T34@T36@@@@T51@T56@T57@T64@T65@T69@P40@P80@P90
한국프레스센터,서울,중구,01,0119,서울특별시 중구 태평로1가 25 프레스센터,1522-3232,37.56724756017782,0,1047,20160328,Z9999@T05@T08@T16@T17@T20@T21@T30@@@T56@T57@T64@T65@T69@P80@P90@T09
명동중앙로,서울,중구,01,0119,서울특별시 중구 명동2가 2-16,1522-3232,37.5637485,0,920,20150428,Z9999@T05@T08@T16@T17@T20@T30@T34@T36@@@@T51@T56@T57@T64@T65@T69@T73@P80
약수역,서울,중구,01,0119,서울특별시 중구 신당동 374-27,1522-3232,37.555437,0,883,20150122,T05@T08@T16@T17@T20@T21@T30@T34@T36@T51@T56@T57@T64@T65@T69@P80@P90
중구저동,서울,중구,01,0119,서울특별시 중구 저동2가 24-1,1522-3232,37.5643686,0,874,20141223,Z9999@T05@T08@T16@T17@T20@T21@T30@T36@@T43@T56@T57@T64@T65@T69@T71@P80@P90@T09
명동길,서울,중구,01,0119,서울특별시 중구 충무로2가 7-1,1522-3232,37.5620695,0,866,20141217,Z9999@T05@T08@T16@T17@T20@@T30@T34@T36@@T56@T57@T64@T65@T69@T73@P60@P80
서소문로,서울,중구,01,0119,서울특별시 중구 서소문동 75 대한빌딩,1522-3232,37.563006,0,845,20141029,Z9999@@T05@T08@T16@T17@T20@@@T30@T34@@T36@@T51@T56@T57@T64@T65@T69@P80@T09
신당역,서울,중구,01,0119,서울특별시 중구 흥인동 132번지 1층,1522-3232,37.5654033985295,0,678,20131022,Z9999@@T05@T08@T16@T17@T20@T30@T36@@@@T43@T56@T57@T65@T69@T71@P80@P90
숭례문,서울,중구,01,0119,서울특별시 중구 남대문로5가 6-1번지 그레이츠 숭례 1층,1522-3232,37.55874473,0,219,20040329,Z9999@T05@T08@T16@T17@T20@T21@T30@T34@T36@@T43@T51@@T56@T57@T64@T65@T69@T71@P80@T09
순화동더샵,서울,중구,01,0119,서울특별시 중구 순화동 151번지  1층,1522-3232,37.56006304299174,0,71,20070615,T05@T08@T16@T17@T20@T21@T30@@@@T56@T57@T64@T65@T69@T09
환구단,서울,중구,01,0119,서울특별시 중구 소공동 87-10,1522-3232,37.56448620899717,0,234,20051020,Z9999@T05@T08@T12@T16@T17@T20@T21@@T30@T34@@@T36@@T43@@T56@T57@T64@T65@T69@T71@P80@P90
무교동,서울,중구,01,0119,서울특별시 중구 무교동 45 코오롱빌딩,1522-3232,37.567928021468916,0,179,20020308,Z9999@T05@T08@T16@T17@T20@@T30@T34@@@@T51@T56@T57@T64@T65@T69@T73@P80@T09
문화일보,서울,중구,01,0119,서울특별시 중구 충정로1가 68 문화일보(문화일보사건물),1522-3232,37.56712291,0,187,20020627,T05@T08@T16@T17@T20@T21@T30@@@T36@T43@@T57@T64@T65@T69@T71@P80
태평로,서울,중구,01,0119,서울특별시 중구 태평로2가 69-7 대영빌딩 1층,1522-3232,37.56248285,0,181,20020418,Z9999@T05@T08@T16@T17@T20@T30@@@@T36@T51@T56@T57@T64@T65@T69@P80
퍼시픽타워,서울,중구,01,0119,서울특별시 중구 서소문동 135 퍼시픽타워 1층,1522-3232,37.56132157,0,213,20031027,T05@T08@T16@T17@T20@T21@T30@T34@@T36@T56@T57@T64@T65@T69@P80@T09
남산단암,서울,중구,01,0119,서울특별시 중구 남대문로5가 단암빌딩 120번지,1522-3232,37.55853622,0,289,20090929,T05@T08@T16@T17@T20@T30@T34@T36@@@@T51@T56@T57@@T65@T69@P80@P90
황학캐슬,서울,중구,01,0119,서울특별시 중구 황학동 2545 롯데캐슬베네치아,1522-3232,37.5714,0,106,20080725,T05@T08@T16@T17@T20@T30@T34@T36@@@T43@T51@@T56@T57@T65@T69@T71@P40@T09
을지로삼화타워,서울,중구,01,0119,서울특별시 중구 을지로2가 204 삼화타워 1층,1522-3232,37.566902,0,491,20120320,Z9999@T05@T08@T16@T17@T20@T21@T30@@T36@@@T56@T57@T64@T65@T69@P80@T09
소공로,서울,중구,01,0119,서울특별시 중구 소공동 70번지 삼영빌딩 1층일부,1522-3232,37.563883,0,581,20130125,Z9999@T05@T08@T16@T17@T20@T30@T36@@@T51@T56@T57@T64@T65@T69
을지로한국빌딩,서울,중구,01,0119,서울특별시 중구 을지로2가 198번지 1층,1522-3232,37.565722,0,382,20110411,Z9999@T05@T08@T16@T17@T20@T30@T34@@T36@T51@T56@T57@T64@T65@T69@P80@P90
시청,서울,중구,01,0119,서울특별시 중구 을지로1가 50 삼성화재 삼성빌딩1층,1522-3232,37.56629,0,513,20120502,T05@T08@T16@T17@T20@T21@T30@T36@@@T43@T51@@T56@T57@T64@T65@T69@T71@P80
명동역,서울,중구,01,0119,서울특별시 중구 충무로1가 25-52 건물전체,1522-3232,37.5608622201549,0,583,20130130,Z9999@T05@T08@T16@T17@T20@T30@@@@T36@T57@T64@@T65@T69@P80
장충라운지R,서울,중구,01,0119,"서울특별시 중구 장충동1가 48-16,48-17,48-46,48-15,48-49,48-14",1522-3232,37.561036913264,0,2305,20240912,T03@T08@T16@T20@T26@T29@T33@T34@T36@T37@T41@T57@T69@T09
충무로,서울,중구,01,0119,서울특별시 중구 필동1가 43-1,1522-3232,37.5614959808102,0,2192,20230922,Z9999@T05@T08@T16@T17@T20@T30@T34@T36@@T51@T56@T57@T64@T65@T69@P80
이마트타워,서울,중구,01,0119,서울특별시 중구 순화동 53 신한L서울타워,1522-3232,37.5607434636967,0,2129,20230502,T05@T08@T16@T17@T20@T21@T30@T34@T36@@T51@T56@T57@T64@T65@T69@P80
동호로,서울,중구,01,0119,서울특별시 중구 신당동 372-3,1522-3232,37.553478403261,0,2241,20240307,Z9999@T05@T08@T16@T17@T20@T21@T30@T34@T36@@T43@T51@T56@T57@T65@T69@T71@P80@P90
무교로,서울,중구,01,0119,서울특별시 중구 무교동 32-2 남강건설회관빌딩,1522-3232,37.56722071682264,0,1724,20201029,Z9999@T05@T08@T16@T17@T20@T21@T30@T34@@@T36@T56@T57@T64@T65@T69@P80@P90
순화동경찰청앞,서울,중구,01,0119,서울특별시 중구 순화동 1-152,1522-3232,37.56402669741036,0,2569,20260508,T05@T08@T16@T17@T20@T21@T30@T34@T43@T51@T56@T57@T64@T65@T69@T71
청계크리스탈스퀘어,서울,중구,01,0119,서울특별시 중구 수표동 47-1,1522-3232,37.5679,0,1942,20220318,Z9999@T05@T08@T16@T17@T20@T21@T30@T34@@T36@T51@T56@T57@T64@T65@T69@P80@T09
그랜드센트럴,서울,중구,01,0119,서울특별시 중구 남대문로5가 253,1522-3232,37.5581293,0,1692,20200820,Z9999@T05@T08@T16@T17@T20@T21@T30@T34@@@T36@T56@T57@T64@T65@T69@T73@P80@T09
세종대로,서울,중구,01,0119,서울특별시 중구 태평로1가 62-12 조흥금융박물관,1522-3232,37.5685951382056,0,2044,20221026,T05@T08@T16@T17@T20@T21@T30@T34@@T36@T51@T56@T57@T64@T65@T69
시청역11번출구,서울,중구,01,0119,서울특별시 중구 서소문동 26 경서빌딩,1522-3232,37.56377593074396,0,2455,20250829,T05@T08@T16@T17@@T20@T21@T30@T34@T36@T43@T51@T57@T64@T65@T66@T69@T71@P80
동대문디자인플라자,서울,중구,01,0119,"서울특별시 중구 을지로7가 2-1, B2층 F1호",1522-3232,37.5675,0,2051,20221026,Z9999@T05@T08@T16@T17@T20@T30@T34@T36@@T51@T56@T57@T64@T65@T69@P80@P90@T09
우리은행본점B1F,서울,중구,01,0119,서울특별시 중구 회현동1가 203 (주)우리은행본점,1522-3232,37.55958972504453,0,2480,20251127,T05@T16@T17@T20@T21@@T34@T36@T51@T56@T57@T64@T66@T69
별다방,서울,중구,01,0119,서울특별시 중구 회현동2가 88 스테이트타워 남산,1522-3232,37.5602013,0,1779,20210326,Z9999@T03@T05@T08@T16@T17@T20@T26@T27@T29@T30@T34@T36@T37@T39@T41@T42@T47@T56@T57@T64@T65@T69@P80@T09
동대문역사문화공원역,서울,중구,01,0119,서울특별시 중구 광희동2가 37,1522-3232,37.5648779123195,0,2446,20250828,Z9999@T05@T08@T16@T17@T20@T30@T34@T36@T43@T51@T56@T57@T65@T66@@T69@T71@P80@P90
포포인츠명동,서울,중구,01,0119,서울특별시 중구 저동2가 89 포포인츠바이쉐라톤서울명동,1522-3232,37.5657211,0,1830,20210708,T30@@T34@T36@@@T51@T57@T65@T66@T69@P80
한국은행교차로,서울,중구,01,0119,서울특별시 중구 남대문로2가 111-1 프리즈마111 1층,1522-3232,37.562263,0,2430,20250626,Z9999@T05@T08@T16@T17@T20@T30@T34@T36@T43@T51@T56@T57@T64@T65@T69@T71@P90
명동남산,서울,중구,01,0119,서울특별시 중구 남산동3가 13-31 경양빌딩,1522-3232,37.560809,0,1720,20201015,Z9999@T05@T08@T16@T17@T20@T30@T34@T36@@T56@T57@T64@T65@T69@P80@P90
명동메트로,서울,중구,01,0119,서울특별시 중구 을지로2가 199-33 메트로호텔,1522-3232,37.565118,0,777,20140520,Z9999@T05@T08@T16@T17@T20@T30@@T36@@@T57@T64@T65@T69@P80
명일역,서울,강동구,01,0120,서울특별시 강동구 명일동 312-28,1522-3232,37.55255451856903,0,1445,20181213,Z9999@T05@T08@T16@T17@T20@T21@T30@@T36@T43@@T56@T57@T64@T65@T69@T71@P80@P90
강동구청DT,서울,강동구,01,0120,서울특별시 강동구 성내동 550,1522-3232,37.52938776679806,0,1506,20190613,Z9999@T01@T08@T16@T17@T20@T30@@@T36@T56@T57@T65@T69@P80@P90@T09
강동암사DT,서울,강동구,01,0120,서울특별시 강동구 암사동 441-12,1522-3232,37.555073228709134,0,1474,20190228,Z9999@T01@T08@T16@T17@T20@T30@@T36@T43@@T56@T57@T65@T69@T71@P90@T09
굽은다리역,서울,강동구,01,0120,서울특별시 강동구 명일동 353-2 원일타워,1522-3232,37.54526203653031,0,1645,20200522,Z9999@T05@T08@T16@T17@T20@T21@T30@T34@@@T36@T43@@T56@T57@T64@T65@T69@T71@P80@P90
강동역,서울,강동구,01,0120,서울특별시 강동구 천호동 447-17 강동 헤르셔,1522-3232,37.536047,0,1102,20160825,Z9999@T05@T08@T16@T17@T20@T21@T30@T34@T36@@@T56@T57@T64@T65@T69@P80@P90
둔촌동,서울,강동구,01,0120,서울특별시 강동구 성내동 441-2 평원빌딩,1522-3232,37.52264171306811,0,1046,20160322,Z9999@T05@T08@T16@T17@T20@T21@T30@T34@@T36@@T43@T51@@T56@T57@T65@T69@T71@P90
천호이마트,서울,강동구,01,0120,서울특별시 강동구 천호동 455-4 이마트별관,1522-3232,37.538984278389535,0,743,20140228,Z9999@@T05@T08@T16@T17@T20@T30@T34@@T36@T43@@T56@T57@T65@T69@T71@P80@P90@T09
길동역,서울,강동구,01,0120,서울특별시 강동구 길동 378-3,1522-3232,37.53870166831661,0,789,20140613,Z9999@T05@T08@T16@T17@T20@T21@T30@T34@@@@T36@T43@T51@@T56@T57@T64@T65@T69@T71@P80@P90@T09
상일동,서울,강동구,01,0120,"서울특별시 강동구 상일동 501, 1~2층",1522-3232,37.550948358388766,0,677,20131023,Z9999@T05@T08@T16@T17@T20@T21@T30@T34@@T36@@T43@T51@@T56@T57@T64@T65@T69@T71@P90@T09
명일이마트,서울,강동구,01,0120,서울특별시 강동구 명일동 47-7 명일이마트별관주차장,1522-3232,37.55417877236837,0,766,20140424,Z9999@@T05@T08@T16@T17@T20@T30@T34@T36@@@T43@@T56@T57@T64@T65@T69@T71@P70@P80@P90@T09
상일동역,서울,강동구,01,0120,서울특별시 강동구 고덕동 210-1 고덕센트럴푸르지오,1522-3232,37.55756654027894,0,1754,20210115,Z9999@T05@T08@T16@T17@T20@T21@T30@T34@T36@@@T43@T56@T57@T64@T65@T69@T71@P80@P90
천호사거리,서울,강동구,01,0120,서울특별시 강동구 천호동 431-4 예경빌딩,1522-3232,37.539702,0,1682,20200730,Z9999@T05@T08@T16@T17@T20@T21@T30@T34@T36@@@T43@T56@T57@T64@T65@T69@T71@P80@P90
강동그란츠,서울,강동구,01,0120,"서울특별시 강동구 성내동 15 근생 1-6, 1-7",1522-3232,37.536825,0,2466,20250919,Z9999@T05@T08@T16@T17@T20@T21@T30@T34@T36@T43@T51@T56@T57@T65@@@T69@T71@@P70@P80
강일역,서울,강동구,01,0120,"서울특별시 강동구 강일동 723, 1층",1522-3232,37.55747468801038,0,2015,20220802,T05@T08@T16@T17@T20@T21@T30@T34@T36@@T43@T51@@T56@T57@T64@T65@T69@T71@P80@P90@T09
올림픽공원북2문,서울,강동구,01,0120,서울특별시 강동구 성내동 448-8 다성빌딩 1층,1522-3232,37.5241832,0,1843,20210805,Z9999@T05@T08@T16@T17@T20@T21@T30@T34@T36@@@T51@T56@T57@T64@T65@T69
둔촌포레온스테이션5,서울,강동구,01,0120,"서울특별시 강동구 둔촌동 170-1 포레온스테이션5 1063, 1064",1522-3232,37.52670891095929,0,2467,20250926,Z9999@T05@T08@T16@T17@T20@T21@T30@T34@T36@T43@T51@T56@T57@T64@T65@T71@T74
둔촌포레온9,서울,강동구,01,0120,서울특별시 강동구 둔촌동 174-1 올림픽파크포레온,1522-3232,37.5200613967404,0,2576,20260531,Z9999@T05@T08@T16@T17@T20@T21@T27@T30@T34@T43@T56@T57@T64@T65@T66@T69@T71
암사역,서울,강동구,01,0120,서울특별시 강동구 암사동 501 암사역,1522-3232,37.55128201526835,0,2358,20241220,T05@T08@T16@T17@T20@T21@T30@T34@T36@T43@T51@@T56@T57@T63@T64@T65@T69@T71@P80@P90@T09
이케아강동,서울,강동구,01,0120,서울특별시 강동구 고덕동 353-23,1522-3232,37.5662615261099,0,2392,20250417,Z9999@T05@T08@T16@T17@T20@T21@T30@T34@T36@T43@T51@T56@T57@T63@T64@T65@T69@T71@T09
강동강일,서울,강동구,01,0120,서울특별시 강동구 강일동 75-12 경서프라자,1522-3232,37.57219483916046,0,2307,20240822,T05@T08@T16@T17@T20@T21@T30@T34@T36@T43@T51@T56@T57@@T64@T65@T69@T71@T09
천호대로길동,서울,강동구,01,0120,서울특별시 강동구 길동 457-4 서울특별시 강동구 천호대로 1131 (길동),1522-3232,37.534651,0,1700,20201008,Z9999@T05@T08@T16@T17@T20@T21@T30@T34@@T36@@T56@T57@T64@T65@T69@P90
구로디지털타워,서울,구로구,01,0121,서울특별시 구로구 구로동 222-7 코오롱디지털타워빌란트 101호,1522-3232,37.483472189,0,1182,20170308,Z9999@T05@T08@T16@T17@T20@T21@T30@@@T57@T64@T65@T69@P80@P90@T09
오류동역,서울,구로구,01,0121,서울특별시 구로구 오류동 55-50,1522-3232,37.4962155,0,787,20140610,Z9999@T05@T08@T16@T17@T20@T21@T30@T34@@@T43@T51@@T56@T57@T65@T69@T71@P80@P90
구로디지털로,서울,구로구,01,0121,서울특별시 구로구 구로동 191-7번지 에이스테크노타워8차 1층,1522-3232,37.485699173,0,657,20130827,Z9999@T05@T08@T16@T17@T20@T21@T30@@@T43@T51@@T56@T57@T64@T65@T69@T71@P80@P90@T09
구로에이스,서울,구로구,01,0121,서울특별시 구로구 구로동 212-1 에이스트윈타워1 103호,1522-3232,37.484233766,0,28,20060516,Z9999@T05@T08@T16@T17@T20@T21@T30@@T36@T43@@T57@T64@T65@T69@T71@P80@P90@T09
구로하이엔드,서울,구로구,01,0121,서울특별시 구로구 구로동 235-2 에이스하이엔드타워 103호,1522-3232,37.481618,0,333,20100819,T05@T08@T16@T17@T20@T21@T30@T34@@T36@T51@T57@T64@T65@T69@P90@T09
포포인츠구로,서울,구로구,01,0121,서울특별시 구로구 구로동 1128-1 포포인츠바이쉐라톤 구로 1층,1522-3232,37.4831293,0,568,20121126,Z9999@T05@T08@T16@T17@T20@T21@T30@T34@@T36@T43@T57@T64@T65@T69@T71@P80@P90
신도림센터포인트,서울,구로구,01,0121,"서울특별시 구로구 구로동 3-25 신도림테크노마트웨스트 지하1층 오01호, 오02호",1522-3232,37.5077416944406,0,2433,20250820,Z9999@T05@T08@T16@T17@T20@T30@T34@T36@T51@T56@T57@@T64@T65@T69@P80@T09
구로고척,서울,구로구,01,0121,서울특별시 구로구 고척동 72-59 외 6필지,1522-3232,37.49706,0,1868,20210909,Z9999@T05@T08@T16@T17@T20@T21@T30@T34@T36@@T51@T56@T57@T65@T69@P70@P90@T09
구로NC,서울,구로구,01,0121,서울특별시 구로구 구로동 573 구로NC,1522-3232,37.501219,0,1690,20200907,Z9999@T05@T08@T16@T17@T20@T30@T34@@@T43@@T56@T57@T64@T65@T69@T71@P40@P80@P90@T09
구로오류DT,서울,구로구,01,0121,서울특별시 구로구 오류동 271,1522-3232,37.4881292318832,0,2036,20221007,Z9999@T01@T05@T08@T16@T17@T20@T30@T34@T36@@T51@T56@T57@T65@T69@P90@T09
구로구청,서울,구로구,01,0121,"서울특별시 구로구 구로동 81-1, 81-2,81-,3 스페스큐브, B101호",1522-3232,37.49395067031256,0,1996,20220630,Z9999@T05@T08@T16@T17@T20@T21@T30@T34@T36@@T43@T51@@T56@T57@T65@T69@T71@P70@P90
고척아이파크,서울,구로구,01,0121,"서울특별시 구로구 고척동 100-7 고척아이파크, 1층 D-101호",1522-3232,37.49930562934076,0,2081,20230119,Z9999@T05@T08@T16@T17@T20@T30@T34@@T43@T51@@T56@T57@T64@T65@T69@T71@P40@P90@T09
신도림힐스테이트,서울,구로구,01,0121,서울특별시 구로구 신도림동 433-24 힐스테이트 신도림역 센트럴,1522-3232,37.506860026202624,0,2290,20240627,Z9999@T05@T08@T16@T17@T20@T21@T30@T34@T36@T43@T51@T56@T57@T65@T69@T71@T09
답십리역,서울,동대문구,01,0122,서울특별시 동대문구 답십리동 497-67,1522-3232,37.568466,0,1203,20170411,Z9999@T05@T08@T16@T17@T20@T21@T30@T34@@@@T43@@T56@T57@T64@T65@T69@T71@P80@P90
경희대삼거리,서울,동대문구,01,0122,서울특별시 동대문구 회기동 60-40,1522-3232,37.591531,0,1226,20170523,Z9999@T05@T08@T16@T17@T20@T21@T30@@@T36@@T43@@T56@T57@T65@T69@T71@P20
신설동역,서울,동대문구,01,0122,서울특별시 동대문구 신설동 76-10,1522-3232,37.5767228,0,952,20150722,Z9999@T05@T08@T16@T17@T20@T21@T30@T34@T36@@@@T56@T57@T64@T65@T69@P80
회기역사거리,서울,동대문구,01,0122,"서울특별시 동대문구 회기동 346-18, 36",1522-3232,37.590784,0,784,20140528,Z9999@T05@T08@T16@T17@T20@T21@T30@@@@T36@T43@@T56@T57@T65@T69@T71@P20@P80@P90@T09
장한평역,서울,동대문구,01,0122,서울특별시 동대문구 장안동 433-7,1522-3232,37.562337,0,485,20120227,Z9999@T05@@T08@T16@T17@T20@@T30@T34@@T36@@@T43@T51@T55@@T56@T57@T63@T64@T65@T69@T71@P80@P90
경희대,서울,동대문구,01,0122,서울특별시 동대문구 회기동 16-41 지하1층~지상3층,1522-3232,37.5928812,0,345,20100930,Z9999@T05@T08@T16@T17@T20@T21@T30@T34@@T36@@@T43@@T56@T57@T64@T65@T69@T71@P20@P90
청량리역롯데캐슬스카이,서울,동대문구,01,0122,서울특별시 동대문구 전농동 620-47 청량리역 롯데캐슬 SKY-L65,1522-3232,37.579249267,0,2219,20231219,Z9999@T05@T08@T16@T17@T20@T21@T30@T34@@T51@T56@T57@T65@T69
경희의료원,서울,동대문구,01,0122,서울특별시 동대문구 회기동 1-5 경희의료원,1522-3232,37.5935445,0,2386,20250228,T05@T08@T16@T17@T20@T21@T30@T34@T36@T51@T56@T57@T64@@T65@T69@T74@P70
경동1960,서울,동대문구,01,0122,서울특별시 동대문구 제기동 1036경동시장 3~4층,1522-3232,37.5796141021494,0,2070,20221216,Z9999@T05@T08@@T12@T16@T17@T20@T30@T34@@T36@T47@T51@T56@T57@T69@P90
사이버한국외대,서울,동대문구,01,0122,서울특별시 동대문구 이문동 288-50,1522-3232,37.5960508006499,0,2340,20241029,Z9999@T05@T08@T16@T17@T20@T21@T30@T34@T36@T43@T51@T56@T57@@T65@T69@T71@P20
청량리역사,서울,동대문구,01,0122,서울특별시 동대문구 전농동 588-1 청량리역사 Connect Place 6층,1522-3232,37.580565324,0,1797,20210422,Z9999@T05@T08@T16@T17@T20@T21@T30@T34@@@T56@T57@T64@T65@T69@P60@P80@T09
답십리초교사거리,서울,동대문구,01,0122,서울특별시 동대문구 답십리동 266-1,1522-3232,37.5682540295405,0,2246,20240307,T05@T08@T16@T17@T20@T21@T30@T34@T36@T43@T51@T56@T57@T65@T69@T71@P90
장안사거리,서울,동대문구,01,0122,서울특별시 동대문구 장안동 295-6 1층 전제,1522-3232,37.5727209002351,0,2213,20231128,Z9999@T05@T08@T16@T17@T20@T21@T30@T34@@T43@T51@@T56@T57@T65@T69@T71
서울숲역,서울,성동구,01,0123,서울특별시 성동구 성수동1가 656-335 메가박스 스퀘어 1층,1522-3232,37.541868967552624,0,1576,20191128,Z9999@T05@T08@T16@T17@T20@T21@T30@T34@@@@T36@T43@@T56@T57@T64@T65@T69@T71@P80@P90@T09
금호역,서울,성동구,01,0123,서울특별시 성동구 금호동4가 1483,1522-3232,37.54795819607987,0,1594,20191224,Z9999@T05@T08@T16@T17@T20@T21@T30@T34@@T36@@@T43@@T56@T57@T65@T69@T71@P80@P90
뚝섬역,서울,성동구,01,0123,서울특별시 성동구 성수동1가 14-33 정명빌딩,1522-3232,37.546432,0,1288,20171107,Z9999@T05@T08@T16@T17@T20@T21@T30@T36@@@@T43@@T56@T57@T64@T65@T69@T71@P80@P90
황학사거리,서울,성동구,01,0123,서울특별시 성동구 하왕십리동 700 센트라스,1522-3232,37.567598,0,1208,20170421,Z9999@T05@T08@T16@T17@T20@T21@T30@T34@@T36@@@T43@T56@T57@T64@T65@T69@T71@T09
성수역,서울,성동구,01,0123,서울특별시 성동구 성수동2가 317-20 세림빌딩,1522-3232,37.543193,0,1246,20170725,Z9999@T05@T08@@T12@T16@T17@T20@T21@@T30@T34@@@@T43@T51@@T56@T57@T64@T65@T68@T69@T71@T75@P80@P90
상왕십리역,서울,성동구,01,0123,서울특별시 성동구 하왕십리동 1070-3 서울동인병원,1522-3232,37.565169,0,1165,20170117,Z9999@T05@T08@T16@T17@T20@T21@T30@@@@T36@T56@T57@T65@T69@P80
왕십리역,서울,성동구,01,0123,서울특별시 성동구 도선동 58-1,1522-3232,37.5627541,0,919,20150428,Z9999@T05@T08@T16@T17@T20@T21@T30@T34@T36@@@@T51@T56@T57@T65@T69@P60@P80@P90@T09
한양대,서울,성동구,01,0123,"서울특별시 성동구 행당동 31-11 경희빌딩 1,2층",1522-3232,37.55726984,0,160,20010420,T05@T08@T16@T17@T20@@T30@T34@@@T36@T43@@T57@T65@T69@T71@P20@P80@P90@T09
엔터식스,서울,성동구,01,0123,서울특별시 성동구 행당동 168-1 엔터식스몰 B1,1522-3232,37.561863,0,90,20080909,Z9999@T05@T08@T16@T17@T20@T21@T30@T34@@T36@@@T56@T57@T64@T65@T69@P40@P80@T09
신금호역,서울,성동구,01,0123,서울특별시 성동구 금호동1가 122 1~5층 전체,1522-3232,37.55495378704588,0,2062,20221213,T05@T08@T16@T17@T20@T21@T30@T34@@T36@T43@T51@@T56@T57@T65@T69@T71@P80@P90
왕십리역사3F,서울,성동구,01,0123,서울특별시 성동구 행당동 168-151 왕십리민자역사,1522-3232,37.560986,0,2577,20260527,Z9999@T05@T08@T16@T17@T20@T21@T30@T34@T51@T56@T57@T64@T69@T75@P40@P80@P90@T09
뚝섬역교차로,서울,성동구,01,0123,서울특별시 성동구 성수동1가 656-1731 누디트 서울숲,1522-3232,37.547754922352,0,2346,20241115,Z9999@T05@T08@T16@T17@T20@T21@T30@T34@T36@T43@T51@@T56@T57@T64@T65@T68@T69@T71@P80@P90
한양대복지관,서울,성동구,01,0123,서울특별시 성동구 사근동 110 한양대학교 복지관,1522-3232,37.556350643189596,0,2524,20260303,T05@T08@T16@T17@T20@T21@T30@T34@T51@T56@T57@T64@T69@P20@P80
왕십리역9번출구,서울,성동구,01,0123,서울특별시 성동구 행당동 267-23,1522-3232,37.5605427226347,0,2055,20221110,Z9999@T05@T08@T16@T17@T20@T21@T30@T34@@T36@T51@T56@T57@T64@T65@T69@P80@P90
성수,서울,성동구,01,0123,서울특별시 성동구 성수동2가 315-71 1층 103호,1522-3232,37.5444620830457,0,1928,20220225,Z9999@T05@T08@T16@T17@T20@T21@T30@T34@@T36@T43@T51@@T56@T57@T64@T65@T69@T71@T73@P80@P90
옥수,서울,성동구,01,0123,서울특별시 성동구 옥수동 262-1,1522-3232,37.5430298,0,1862,20210902,Z9999@T05@T08@T16@T17@T20@T21@T30@T34@@@T36@T51@T56@T57@T65@T69@P90@T09
성수낙낙,서울,성동구,01,0123,서울특별시 성동구 성수동2가 281-20 성수낙낙 1층 101~107호,1522-3232,37.547326,0,1712,20200929,Z9999@T05@T08@T16@T17@T20@T21@T30@T34@@@T56@T57@T64@T65@T69@P90@T09
효창공원앞역,서울,용산구,01,0124,서울특별시 용산구 효창동 13-2 용산 롯데캐슬 센터포레,1522-3232,37.53896610475044,0,1572,20191115,T05@T08@T16@T17@T20@T21@T30@T34@T36@@T43@T57@T65@T69@T71@P80@P90
서울역서부,서울,용산구,01,0124,서울특별시 용산구 서계동 219-17 서울역풍림아이원플러스,1522-3232,37.555165,0,1655,20200611,Z9999@T05@T08@T16@T17@T20@T21@T30@T34@@T36@T43@@T56@T57@T64@T65@T69@T71@P60@P80@P90
이태원역,서울,용산구,01,0124,"서울특별시 용산구 이태원동 127-6, 127-29",1522-3232,37.534273,0,1415,20180913,Z9999@T05@T08@T16@T17@T20@T30@T36@@@@T43@T56@T57@T64@T65@T69@T71@P80@P90
용산역써밋R,서울,용산구,01,0124,서울특별시 용산구 한강로2가 391 용산푸르지오써밋,1522-3232,37.527433970745434,0,1340,20180228,Z9999@T03@T05@T08@T16@T17@T20@T21@T26@T29@T30@T33@@T36@T42@@T56@T57@T64@T65@T69@P90@T09
이촌,서울,용산구,01,0124,"서울특별시 용산구 이촌동 300-20 101호, 102호, 201호, 202호",1522-3232,37.518605,0,1268,20170929,Z9999@T05@T08@T16@T17@T20@T21@T30@@T36@T43@@T56@T57@T65@T69@T71@P70@P90
신용산역,서울,용산구,01,0124,서울특별시 용산구 한강로2가 342 래미안용산,1522-3232,37.52862590003661,0,1253,20170816,Z9999@T05@T08@T16@T17@T20@T21@@T30@T36@T43@T56@T57@T64@T65@T69@T71@P60@P80@P90
용산파크타워,서울,용산구,01,0124,서울특별시 용산구 용산동5가 24 파크타워,1522-3232,37.523818,0,1170,20170125,T05@T08@T16@T17@T20@T21@T30@@T36@@T43@@T57@T65@T69@T71@P80@P90@T09
남영동,서울,용산구,01,0124,서울특별시 용산구 갈월동 90-8,1522-3232,37.54289238266093,0,1115,20160928,Z9999@T05@T08@T16@T17@T20@T21@T30@T34@@T36@@T43@T51@@T56@T57@T64@T65@T69@T71@P80
한남동R,서울,용산구,01,0124,서울특별시 용산구 한남동 36-7  1층 ~ 2층,1522-3232,37.53485,0,1093,20160720,Z9999@T03@T05@T08@T16@T17@T20@T21@T26@T29@T30@T36@@@@T42@T43@@T57@T65@T69@T71@P90@T09
서울타워,서울,용산구,01,0124,서울특별시 용산구 용산동2가 산1-3 YTN서울타워,1522-3232,37.551102,0,1040,20160229,T05@T08@T16@T17@T20@T30@T36@@T57@T65@T69@P40
서울역동자동,서울,용산구,01,0124,서울특별시 용산구 동자동 45 센트레빌아스테리움서울 KDB생명타워 D동,1522-3232,37.551752,0,746,20140317,Z9999@T05@T08@T16@T17@T20@T21@T30@T34@T36@@T43@T51@T56@T57@T64@T65@T69@T71@T73@P60@P80@T09
순천향입구,서울,용산구,01,0124,서울특별시 용산구 한남동 657-104,1522-3232,37.533394,0,612,20130503,Z9999@T02@T05@T08@T16@T17@T20@T21@@T30@T34@@@@T36@T43@@T56@T57@T64@T65@T69@T71@P70@P90
동빙고,서울,용산구,01,0124,"서울특별시 용산구 동빙고동 10-8, 7-33",1522-3232,37.5290045288412,0,94,20080829,Z9999@T05@T08@T16@T17@T20@T21@T30@@T36@@T56@T57@T65@T69@P90@T09
숙대입구역,서울,용산구,01,0124,서울특별시 용산구 갈월동 69-5 지하1~3층,1522-3232,37.544270832879455,0,370,20110316,Z9999@T05@T08@T16@T17@T20@T21@T30@T36@@T43@T57@T65@T69@T71@P80
용산아이파크몰6F,서울,용산구,01,0124,"서울특별시 용산구 한강로3가 40-999 현대아이파크몰(용산역민자역사), 6층",1522-3232,37.5295804832797,0,257,20041029,Z9999@T05@T08@T16@T17@T20@@T30@@T51@T56@T57@T63@T64@T65@T69@P40@P60@P80@T09
동부이촌동,서울,용산구,01,0124,서울특별시 용산구 이촌동 302-60번지,1522-3232,37.52111,0,522,20120530,Z9999@@T05@T08@T16@T17@T20@T21@T30@T34@T36@@T43@T51@T56@T57@T65@T69@T71@P80
숙명여대정문,서울,용산구,01,0124,서울특별시 용산구 청파동2가 53-12 숙명여자대학교,1522-3232,37.54493793442227,0,2031,20220908,T05@T08@T16@T17@T20@T21@T30@T34@T36@T51@T56@T57@T65@T69@T73@P20@P90
용산해링턴스퀘어,서울,용산구,01,0124,서울특별시 용산구 한강로3가 63-70(용산해링턴스퀘어 상가),1522-3232,37.5265379583476,0,1740,20201210,Z9999@T05@T08@T16@T17@T20@T21@T30@T34@T36@@T43@T56@T57@T65@T69@T71
경리단길,서울,용산구,01,0124,서울특별시 용산구 이태원동 658,1522-3232,37.53854,0,1990,20220616,Z9999@T05@T08@T16@T17@T20@T30@T34@@T36@T43@T51@@T56@T57@T64@T65@T69@T71@P90
서울역사,서울,용산구,01,0124,서울특별시 용산구 동자동 43-205 서울역(철도역),1522-3232,37.55415699928705,0,1798,20210422,Z9999@T08@T16@T17@T20@T30@T34@T36@@T51@T56@T57@T64@T65@T69@P60@P80@P90
용산리첸시아,서울,용산구,01,0124,서울특별시 용산구 원효로1가 133-3 리첸시아 용산,1522-3232,37.538356807073306,0,1673,20200715,Z9999@T05@T08@T16@T17@T20@T21@T30@T34@T36@@T56@T57@T64@T65@T69@P80@P90@T09
용산전자랜드,서울,용산구,01,0124,서울특별시 용산구 한강로3가 16-9 전자랜드 c139호,1522-3232,37.53283405969833,0,1886,20211108,Z9999@T05@T08@T16@T17@T20@T30@T34@T36@@@T51@T56@T57@T64@T65@T69@P90
용산이마트,서울,용산구,01,0124,서울특별시 용산구 한강로3가 40-999 용산이마트 지하2층,1522-3232,37.52970001276223,0,2367,20241227,T05@T16@T17@T20@T30@T34@T36@@T43@T51@T56@T57@T64@T65@@T69@T71@P40@T09
용산아이파크몰1F,서울,용산구,01,0124,서울특별시 용산구 한강로3가 40-999 1층,1522-3232,37.52886848739016,0,2344,20241129,Z9999@T05@T08@T16@T17@T20@T27@T30@T34@T36@T51@T56@T57@T63@T65@T69@P40@P60@T09
상봉,서울,중랑구,01,0125,서울특별시 중랑구 상봉동 79 상봉 듀오트리스 주상복합,1522-3232,37.597842,0,1055,20160414,Z9999@T05@T08@@T16@T17@T20@T21@T30@T34@@@@T43@T51@@T56@T57@T64@T65@T69@T71@P80@P90@T09
중랑역,서울,중랑구,01,0125,서울특별시 중랑구 상봉동 130-3,1522-3232,37.5930326,0,964,20150807,Z9999@T05@T08@T16@T17@T20@T21@T30@T34@@@@T56@T57@T65@T69@P80@P90@T09
중랑구청,서울,중랑구,01,0125,서울특별시 중랑구 신내동 563-3,1522-3232,37.60538908,0,903,20150325,Z9999@T05@T08@T16@T17@T20@T21@T30@T34@@@T43@T56@T57@T65@T69@T71@P90@T09
사가정역,서울,중랑구,01,0125,서울특별시 중랑구 면목동 617-2,1522-3232,37.579594,0,838,20141002,Z9999@T05@T08@@T16@T17@T20@T30@T34@@@@T43@T51@@T56@T57@T64@T65@T69@T71@P80@P90@T09
상봉역,서울,중랑구,01,0125,"서울특별시 중랑구 상봉동 100-2,3,4번지",1522-3232,37.59689,0,493,20120323,Z9999@@T05@T08@T16@T17@T20@T21@T30@T34@@@@T43@T56@T57@T65@T69@T71@P60@P80@P90@T09
면목역,서울,중랑구,01,0125,서울특별시 중랑구 면목동 115-2,1522-3232,37.5878801304033,0,2500,20251216,Z9999@T05@T08@T16@T17@T20@T21@T30@T34@T43@T51@@T56@T57@T65@T69@T71@P80
묵동,서울,중랑구,01,0125,서울특별시 중랑구 묵동 169-12 로프트원 태릉입구역 1층,1522-3232,37.615368,0,1668,20200630,Z9999@T05@T08@T16@T17@T20@T21@T30@T34@@@T43@@T56@T57@T64@T65@T69@T71@P80@P90@T09
망우동,서울,중랑구,01,0125,서울특별시 중랑구 망우동 488-5,1522-3232,37.5995083771241,0,2345,20241128,T05@T08@T16@T17@T20@T21@T30@T34@T43@T51@T56@T57@T65@T69@T71
양원역,서울,중랑구,01,0125,"서울특별시 중랑구 망우동 618 B1~1층일부 B101,B102,101,102  4개호실",1522-3232,37.6066536267232,0,2002,20220825,T05@T08@T16@T17@T20@T21@T30@T34@@T43@T51@@T56@T57@T65@T69@T71@P80@P90@T09
중화역,서울,중랑구,01,0125,"서울특별시 중랑구 중화동 306-68 중화동 HS빌딩 1,2층",1522-3232,37.60170912407773,0,1749,20201222,Z9999@T05@T08@T16@T17@T20@T21@T30@T34@@@T43@@T56@T57@T64@T65@T69@T71@P80@P90
